MarkID,StudentID,TeacherID,Subject,ExamType,MaxMarks,MarksObtained
1,1,1,Mathematics,Unit Test 1,25,9.6
2,1,1,Mathematics,Unit Test 2,25,11.5
3,1,1,Mathematics,Half Yearly,100,44.3
4,1,1,Mathematics,Annual Exam,100,29.0
5,1,2,Science,Unit Test 1,25,11.7
6,1,2,Science,Unit Test 2,25,9.6
7,1,2,Science,Half Yearly,100,46.8
8,1,2,Science,Annual Exam,100,52.2
9,1,3,English,Unit Test 1,25,4.6
10,1,3,English,Unit Test 2,25,9.3
11,1,3,English,Half Yearly,100,15.0
12,1,3,English,Annual Exam,100,31.6
13,1,4,Social Studies,Unit Test 1,25,8.0
14,1,4,Social Studies,Unit Test 2,25,14.1
15,1,4,Social Studies,Half Yearly,100,42.3
16,1,4,Social Studies,Annual Exam,100,33.4
17,1,5,Telugu,Unit Test 1,25,13.2
18,1,5,Telugu,Unit Test 2,25,13.1
19,1,5,Telugu,Half Yearly,100,49.9
20,1,5,Telugu,Annual Exam,100,55.1
21,1,6,Computer Science,Unit Test 1,25,11.5
22,1,6,Computer Science,Unit Test 2,25,7.1
23,1,6,Computer Science,Half Yearly,100,42.9
24,1,6,Computer Science,Annual Exam,100,51.6
25,2,1,Mathematics,Unit Test 1,25,18.7
26,2,1,Mathematics,Unit Test 2,25,18.7
27,2,1,Mathematics,Half Yearly,100,75.6
28,2,1,Mathematics,Annual Exam,100,80.0
29,2,2,Science,Unit Test 1,25,18.1
30,2,2,Science,Unit Test 2,25,22.0
31,2,2,Science,Half Yearly,100,78.2
32,2,2,Science,Annual Exam,100,71.8
33,2,3,English,Unit Test 1,25,17.2
34,2,3,English,Unit Test 2,25,20.1
35,2,3,English,Half Yearly,100,74.7
36,2,3,English,Annual Exam,100,71.1
37,2,4,Social Studies,Unit Test 1,25,15.3
38,2,4,Social Studies,Unit Test 2,25,15.6
39,2,4,Social Studies,Half Yearly,100,64.7
40,2,4,Social Studies,Annual Exam,100,63.4
41,2,5,Telugu,Unit Test 1,25,20.5
42,2,5,Telugu,Unit Test 2,25,21.1
43,2,5,Telugu,Half Yearly,100,89.3
44,2,5,Telugu,Annual Exam,100,73.4
45,2,6,Computer Science,Unit Test 1,25,20.6
46,2,6,Computer Science,Unit Test 2,25,16.3
47,2,6,Computer Science,Half Yearly,100,63.3
48,2,6,Computer Science,Annual Exam,100,81.4
49,3,1,Mathematics,Unit Test 1,25,15.4
50,3,1,Mathematics,Unit Test 2,25,14.7
51,3,1,Mathematics,Half Yearly,100,71.0
52,3,1,Mathematics,Annual Exam,100,68.6
53,3,2,Science,Unit Test 1,25,12.6
54,3,2,Science,Unit Test 2,25,17.1
55,3,2,Science,Half Yearly,100,53.4
56,3,2,Science,Annual Exam,100,77.8
57,3,3,English,Unit Test 1,25,16.0
58,3,3,English,Unit Test 2,25,16.9
59,3,3,English,Half Yearly,100,73.7
60,3,3,English,Annual Exam,100,62.9
61,3,4,Social Studies,Unit Test 1,25,14.7
62,3,4,Social Studies,Unit Test 2,25,15.8
63,3,4,Social Studies,Half Yearly,100,62.0
64,3,4,Social Studies,Annual Exam,100,75.3
65,3,5,Telugu,Unit Test 1,25,17.4
66,3,5,Telugu,Unit Test 2,25,19.7
67,3,5,Telugu,Half Yearly,100,66.3
68,3,5,Telugu,Annual Exam,100,93.3
69,3,6,Computer Science,Unit Test 1,25,14.5
70,3,6,Computer Science,Unit Test 2,25,14.7
71,3,6,Computer Science,Half Yearly,100,66.4
72,3,6,Computer Science,Annual Exam,100,69.0
73,4,1,Mathematics,Unit Test 1,25,16.0
74,4,1,Mathematics,Unit Test 2,25,10.8
75,4,1,Mathematics,Half Yearly,100,50.6
76,4,1,Mathematics,Annual Exam,100,41.8
77,4,2,Science,Unit Test 1,25,9.4
78,4,2,Science,Unit Test 2,25,11.6
79,4,2,Science,Half Yearly,100,19.5
80,4,2,Science,Annual Exam,100,48.5
81,4,3,English,Unit Test 1,25,13.2
82,4,3,English,Unit Test 2,25,13.5
83,4,3,English,Half Yearly,100,37.9
84,4,3,English,Annual Exam,100,47.6
85,4,4,Social Studies,Unit Test 1,25,12.3
86,4,4,Social Studies,Unit Test 2,25,9.7
87,4,4,Social Studies,Half Yearly,100,26.6
88,4,4,Social Studies,Annual Exam,100,41.3
89,4,5,Telugu,Unit Test 1,25,12.8
90,4,5,Telugu,Unit Test 2,25,14.8
91,4,5,Telugu,Half Yearly,100,48.3
92,4,5,Telugu,Annual Exam,100,45.5
93,4,6,Computer Science,Unit Test 1,25,8.6
94,4,6,Computer Science,Unit Test 2,25,10.7
95,4,6,Computer Science,Half Yearly,100,39.7
96,4,6,Computer Science,Annual Exam,100,28.6
97,5,1,Mathematics,Unit Test 1,25,16.7
98,5,1,Mathematics,Unit Test 2,25,11.9
99,5,1,Mathematics,Half Yearly,100,53.1
100,5,1,Mathematics,Annual Exam,100,71.1
101,5,2,Science,Unit Test 1,25,21.7
102,5,2,Science,Unit Test 2,25,20.0
103,5,2,Science,Half Yearly,100,73.0
104,5,2,Science,Annual Exam,100,80.5
105,5,3,English,Unit Test 1,25,15.4
106,5,3,English,Unit Test 2,25,15.3
107,5,3,English,Half Yearly,100,62.1
108,5,3,English,Annual Exam,100,72.6
109,5,4,Social Studies,Unit Test 1,25,19.1
110,5,4,Social Studies,Unit Test 2,25,18.3
111,5,4,Social Studies,Half Yearly,100,70.6
112,5,4,Social Studies,Annual Exam,100,73.0
113,5,5,Telugu,Unit Test 1,25,18.5
114,5,5,Telugu,Unit Test 2,25,15.5
115,5,5,Telugu,Half Yearly,100,67.1
116,5,5,Telugu,Annual Exam,100,66.8
117,5,6,Computer Science,Unit Test 1,25,17.1
118,5,6,Computer Science,Unit Test 2,25,17.1
119,5,6,Computer Science,Half Yearly,100,63.8
120,5,6,Computer Science,Annual Exam,100,64.0
121,6,1,Mathematics,Unit Test 1,25,18.7
122,6,1,Mathematics,Unit Test 2,25,21.1
123,6,1,Mathematics,Half Yearly,100,88.2
124,6,1,Mathematics,Annual Exam,100,87.7
125,6,2,Science,Unit Test 1,25,20.0
126,6,2,Science,Unit Test 2,25,24.6
127,6,2,Science,Half Yearly,100,100.0
128,6,2,Science,Annual Exam,100,75.3
129,6,3,English,Unit Test 1,25,21.4
130,6,3,English,Unit Test 2,25,15.4
131,6,3,English,Half Yearly,100,67.6
132,6,3,English,Annual Exam,100,68.3
133,6,4,Social Studies,Unit Test 1,25,19.8
134,6,4,Social Studies,Unit Test 2,25,20.0
135,6,4,Social Studies,Half Yearly,100,91.1
136,6,4,Social Studies,Annual Exam,100,87.8
137,6,5,Telugu,Unit Test 1,25,22.0
138,6,5,Telugu,Unit Test 2,25,20.9
139,6,5,Telugu,Half Yearly,100,82.9
140,6,5,Telugu,Annual Exam,100,93.7
141,6,6,Computer Science,Unit Test 1,25,17.2
142,6,6,Computer Science,Unit Test 2,25,18.5
143,6,6,Computer Science,Half Yearly,100,58.4
144,6,6,Computer Science,Annual Exam,100,79.8
145,7,1,Mathematics,Unit Test 1,25,21.6
146,7,1,Mathematics,Unit Test 2,25,18.2
147,7,1,Mathematics,Half Yearly,100,85.6
148,7,1,Mathematics,Annual Exam,100,87.9
149,7,2,Science,Unit Test 1,25,21.0
150,7,2,Science,Unit Test 2,25,19.8
151,7,2,Science,Half Yearly,100,74.4
152,7,2,Science,Annual Exam,100,77.8
153,7,3,English,Unit Test 1,25,19.6
154,7,3,English,Unit Test 2,25,17.6
155,7,3,English,Half Yearly,100,76.0
156,7,3,English,Annual Exam,100,70.4
157,7,4,Social Studies,Unit Test 1,25,16.3
158,7,4,Social Studies,Unit Test 2,25,19.2
159,7,4,Social Studies,Half Yearly,100,78.5
160,7,4,Social Studies,Annual Exam,100,94.1
161,7,5,Telugu,Unit Test 1,25,12.7
162,7,5,Telugu,Unit Test 2,25,18.1
163,7,5,Telugu,Half Yearly,100,71.4
164,7,5,Telugu,Annual Exam,100,67.5
165,7,6,Computer Science,Unit Test 1,25,17.8
166,7,6,Computer Science,Unit Test 2,25,19.6
167,7,6,Computer Science,Half Yearly,100,87.1
168,7,6,Computer Science,Annual Exam,100,97.6
169,8,1,Mathematics,Unit Test 1,25,15.3
170,8,1,Mathematics,Unit Test 2,25,15.6
171,8,1,Mathematics,Half Yearly,100,56.7
172,8,1,Mathematics,Annual Exam,100,64.9
173,8,2,Science,Unit Test 1,25,17.5
174,8,2,Science,Unit Test 2,25,12.5
175,8,2,Science,Half Yearly,100,57.6
176,8,2,Science,Annual Exam,100,69.8
177,8,3,English,Unit Test 1,25,17.9
178,8,3,English,Unit Test 2,25,12.7
179,8,3,English,Half Yearly,100,65.0
180,8,3,English,Annual Exam,100,65.7
181,8,4,Social Studies,Unit Test 1,25,13.9
182,8,4,Social Studies,Unit Test 2,25,16.3
183,8,4,Social Studies,Half Yearly,100,63.2
184,8,4,Social Studies,Annual Exam,100,60.9
185,8,5,Telugu,Unit Test 1,25,18.9
186,8,5,Telugu,Unit Test 2,25,17.5
187,8,5,Telugu,Half Yearly,100,47.4
188,8,5,Telugu,Annual Exam,100,52.6
189,8,6,Computer Science,Unit Test 1,25,13.2
190,8,6,Computer Science,Unit Test 2,25,16.7
191,8,6,Computer Science,Half Yearly,100,52.3
192,8,6,Computer Science,Annual Exam,100,70.5
193,9,1,Mathematics,Unit Test 1,25,21.4
194,9,1,Mathematics,Unit Test 2,25,21.1
195,9,1,Mathematics,Half Yearly,100,81.3
196,9,1,Mathematics,Annual Exam,100,95.0
197,9,2,Science,Unit Test 1,25,20.6
198,9,2,Science,Unit Test 2,25,20.8
199,9,2,Science,Half Yearly,100,94.8
200,9,2,Science,Annual Exam,100,93.9
201,9,3,English,Unit Test 1,25,23.3
202,9,3,English,Unit Test 2,25,22.3
203,9,3,English,Half Yearly,100,82.0
204,9,3,English,Annual Exam,100,68.1
205,9,4,Social Studies,Unit Test 1,25,21.8
206,9,4,Social Studies,Unit Test 2,25,24.6
207,9,4,Social Studies,Half Yearly,100,90.9
208,9,4,Social Studies,Annual Exam,100,93.5
209,9,5,Telugu,Unit Test 1,25,22.9
210,9,5,Telugu,Unit Test 2,25,22.4
211,9,5,Telugu,Half Yearly,100,87.2
212,9,5,Telugu,Annual Exam,100,87.7
213,9,6,Computer Science,Unit Test 1,25,24.5
214,9,6,Computer Science,Unit Test 2,25,24.8
215,9,6,Computer Science,Half Yearly,100,85.9
216,9,6,Computer Science,Annual Exam,100,100.0
217,10,1,Mathematics,Unit Test 1,25,18.9
218,10,1,Mathematics,Unit Test 2,25,15.6
219,10,1,Mathematics,Half Yearly,100,71.4
220,10,1,Mathematics,Annual Exam,100,74.7
221,10,2,Science,Unit Test 1,25,15.6
222,10,2,Science,Unit Test 2,25,13.4
223,10,2,Science,Half Yearly,100,63.6
224,10,2,Science,Annual Exam,100,87.0
225,10,3,English,Unit Test 1,25,22.6
226,10,3,English,Unit Test 2,25,21.5
227,10,3,English,Half Yearly,100,99.3
228,10,3,English,Annual Exam,100,95.7
229,10,4,Social Studies,Unit Test 1,25,20.6
230,10,4,Social Studies,Unit Test 2,25,20.1
231,10,4,Social Studies,Half Yearly,100,84.0
232,10,4,Social Studies,Annual Exam,100,75.9
233,10,5,Telugu,Unit Test 1,25,18.4
234,10,5,Telugu,Unit Test 2,25,20.9
235,10,5,Telugu,Half Yearly,100,77.5
236,10,5,Telugu,Annual Exam,100,71.4
237,10,6,Computer Science,Unit Test 1,25,18.7
238,10,6,Computer Science,Unit Test 2,25,19.7
239,10,6,Computer Science,Half Yearly,100,76.0
240,10,6,Computer Science,Annual Exam,100,56.9
241,11,1,Mathematics,Unit Test 1,25,10.4
242,11,1,Mathematics,Unit Test 2,25,12.7
243,11,1,Mathematics,Half Yearly,100,47.5
244,11,1,Mathematics,Annual Exam,100,41.6
245,11,2,Science,Unit Test 1,25,14.0
246,11,2,Science,Unit Test 2,25,8.8
247,11,2,Science,Half Yearly,100,34.4
248,11,2,Science,Annual Exam,100,42.3
249,11,3,English,Unit Test 1,25,11.2
250,11,3,English,Unit Test 2,25,13.1
251,11,3,English,Half Yearly,100,56.1
252,11,3,English,Annual Exam,100,47.7
253,11,4,Social Studies,Unit Test 1,25,9.0
254,11,4,Social Studies,Unit Test 2,25,10.6
255,11,4,Social Studies,Half Yearly,100,44.3
256,11,4,Social Studies,Annual Exam,100,67.8
257,11,5,Telugu,Unit Test 1,25,8.6
258,11,5,Telugu,Unit Test 2,25,11.5
259,11,5,Telugu,Half Yearly,100,40.1
260,11,5,Telugu,Annual Exam,100,35.6
261,11,6,Computer Science,Unit Test 1,25,13.8
262,11,6,Computer Science,Unit Test 2,25,11.2
263,11,6,Computer Science,Half Yearly,100,25.6
264,11,6,Computer Science,Annual Exam,100,39.0
265,12,1,Mathematics,Unit Test 1,25,24.0
266,12,1,Mathematics,Unit Test 2,25,21.5
267,12,1,Mathematics,Half Yearly,100,90.9
268,12,1,Mathematics,Annual Exam,100,89.2
269,12,2,Science,Unit Test 1,25,20.9
270,12,2,Science,Unit Test 2,25,19.8
271,12,2,Science,Half Yearly,100,91.0
272,12,2,Science,Annual Exam,100,80.0
273,12,3,English,Unit Test 1,25,19.7
274,12,3,English,Unit Test 2,25,20.1
275,12,3,English,Half Yearly,100,87.0
276,12,3,English,Annual Exam,100,73.3
277,12,4,Social Studies,Unit Test 1,25,22.9
278,12,4,Social Studies,Unit Test 2,25,24.1
279,12,4,Social Studies,Half Yearly,100,89.1
280,12,4,Social Studies,Annual Exam,100,88.1
281,12,5,Telugu,Unit Test 1,25,23.0
282,12,5,Telugu,Unit Test 2,25,23.5
283,12,5,Telugu,Half Yearly,100,87.8
284,12,5,Telugu,Annual Exam,100,78.2
285,12,6,Computer Science,Unit Test 1,25,15.5
286,12,6,Computer Science,Unit Test 2,25,19.1
287,12,6,Computer Science,Half Yearly,100,68.5
288,12,6,Computer Science,Annual Exam,100,60.1
289,13,1,Mathematics,Unit Test 1,25,20.8
290,13,1,Mathematics,Unit Test 2,25,21.7
291,13,1,Mathematics,Half Yearly,100,77.6
292,13,1,Mathematics,Annual Exam,100,76.4
293,13,2,Science,Unit Test 1,25,14.2
294,13,2,Science,Unit Test 2,25,21.0
295,13,2,Science,Half Yearly,100,76.7
296,13,2,Science,Annual Exam,100,60.2
297,13,3,English,Unit Test 1,25,17.6
298,13,3,English,Unit Test 2,25,19.1
299,13,3,English,Half Yearly,100,71.6
300,13,3,English,Annual Exam,100,68.0
301,13,4,Social Studies,Unit Test 1,25,18.3
302,13,4,Social Studies,Unit Test 2,25,18.3
303,13,4,Social Studies,Half Yearly,100,63.9
304,13,4,Social Studies,Annual Exam,100,70.9
305,13,5,Telugu,Unit Test 1,25,18.9
306,13,5,Telugu,Unit Test 2,25,18.7
307,13,5,Telugu,Half Yearly,100,82.5
308,13,5,Telugu,Annual Exam,100,73.4
309,13,6,Computer Science,Unit Test 1,25,22.5
310,13,6,Computer Science,Unit Test 2,25,14.5
311,13,6,Computer Science,Half Yearly,100,84.0
312,13,6,Computer Science,Annual Exam,100,74.3
313,14,1,Mathematics,Unit Test 1,25,25.0
314,14,1,Mathematics,Unit Test 2,25,21.6
315,14,1,Mathematics,Half Yearly,100,79.2
316,14,1,Mathematics,Annual Exam,100,87.2
317,14,2,Science,Unit Test 1,25,21.7
318,14,2,Science,Unit Test 2,25,23.6
319,14,2,Science,Half Yearly,100,88.9
320,14,2,Science,Annual Exam,100,93.0
321,14,3,English,Unit Test 1,25,23.2
322,14,3,English,Unit Test 2,25,20.9
323,14,3,English,Half Yearly,100,97.1
324,14,3,English,Annual Exam,100,93.2
325,14,4,Social Studies,Unit Test 1,25,21.9
326,14,4,Social Studies,Unit Test 2,25,21.9
327,14,4,Social Studies,Half Yearly,100,86.1
328,14,4,Social Studies,Annual Exam,100,91.1
329,14,5,Telugu,Unit Test 1,25,16.8
330,14,5,Telugu,Unit Test 2,25,19.1
331,14,5,Telugu,Half Yearly,100,79.5
332,14,5,Telugu,Annual Exam,100,82.2
333,14,6,Computer Science,Unit Test 1,25,22.4
334,14,6,Computer Science,Unit Test 2,25,19.8
335,14,6,Computer Science,Half Yearly,100,78.7
336,14,6,Computer Science,Annual Exam,100,91.3
337,15,1,Mathematics,Unit Test 1,25,12.8
338,15,1,Mathematics,Unit Test 2,25,9.2
339,15,1,Mathematics,Half Yearly,100,39.1
340,15,1,Mathematics,Annual Exam,100,58.8
341,15,2,Science,Unit Test 1,25,13.1
342,15,2,Science,Unit Test 2,25,11.3
343,15,2,Science,Half Yearly,100,47.7
344,15,2,Science,Annual Exam,100,50.6
345,15,3,English,Unit Test 1,25,8.0
346,15,3,English,Unit Test 2,25,12.3
347,15,3,English,Half Yearly,100,39.0
348,15,3,English,Annual Exam,100,49.3
349,15,4,Social Studies,Unit Test 1,25,9.0
350,15,4,Social Studies,Unit Test 2,25,9.9
351,15,4,Social Studies,Half Yearly,100,38.0
352,15,4,Social Studies,Annual Exam,100,35.9
353,15,5,Telugu,Unit Test 1,25,11.8
354,15,5,Telugu,Unit Test 2,25,10.2
355,15,5,Telugu,Half Yearly,100,50.7
356,15,5,Telugu,Annual Exam,100,44.9
357,15,6,Computer Science,Unit Test 1,25,11.5
358,15,6,Computer Science,Unit Test 2,25,15.3
359,15,6,Computer Science,Half Yearly,100,73.6
360,15,6,Computer Science,Annual Exam,100,55.3
361,16,1,Mathematics,Unit Test 1,25,19.1
362,16,1,Mathematics,Unit Test 2,25,16.8
363,16,1,Mathematics,Half Yearly,100,68.3
364,16,1,Mathematics,Annual Exam,100,72.7
365,16,2,Science,Unit Test 1,25,20.7
366,16,2,Science,Unit Test 2,25,22.4
367,16,2,Science,Half Yearly,100,88.7
368,16,2,Science,Annual Exam,100,85.8
369,16,3,English,Unit Test 1,25,18.7
370,16,3,English,Unit Test 2,25,22.9
371,16,3,English,Half Yearly,100,100.0
372,16,3,English,Annual Exam,100,86.9
373,16,4,Social Studies,Unit Test 1,25,22.1
374,16,4,Social Studies,Unit Test 2,25,23.5
375,16,4,Social Studies,Half Yearly,100,91.7
376,16,4,Social Studies,Annual Exam,100,84.4
377,16,5,Telugu,Unit Test 1,25,20.9
378,16,5,Telugu,Unit Test 2,25,22.2
379,16,5,Telugu,Half Yearly,100,100.0
380,16,5,Telugu,Annual Exam,100,85.7
381,16,6,Computer Science,Unit Test 1,25,21.3
382,16,6,Computer Science,Unit Test 2,25,21.6
383,16,6,Computer Science,Half Yearly,100,88.0
384,16,6,Computer Science,Annual Exam,100,81.9
385,17,1,Mathematics,Unit Test 1,25,10.1
386,17,1,Mathematics,Unit Test 2,25,16.1
387,17,1,Mathematics,Half Yearly,100,83.2
388,17,1,Mathematics,Annual Exam,100,56.1
389,17,2,Science,Unit Test 1,25,16.0
390,17,2,Science,Unit Test 2,25,13.3
391,17,2,Science,Half Yearly,100,54.6
392,17,2,Science,Annual Exam,100,66.8
393,17,3,English,Unit Test 1,25,15.9
394,17,3,English,Unit Test 2,25,19.2
395,17,3,English,Half Yearly,100,78.3
396,17,3,English,Annual Exam,100,74.2
397,17,4,Social Studies,Unit Test 1,25,14.3
398,17,4,Social Studies,Unit Test 2,25,17.5
399,17,4,Social Studies,Half Yearly,100,54.5
400,17,4,Social Studies,Annual Exam,100,53.0
401,17,5,Telugu,Unit Test 1,25,14.6
402,17,5,Telugu,Unit Test 2,25,13.0
403,17,5,Telugu,Half Yearly,100,59.6
404,17,5,Telugu,Annual Exam,100,72.9
405,17,6,Computer Science,Unit Test 1,25,15.5
406,17,6,Computer Science,Unit Test 2,25,14.5
407,17,6,Computer Science,Half Yearly,100,61.2
408,17,6,Computer Science,Annual Exam,100,77.7
409,18,1,Mathematics,Unit Test 1,25,19.4
410,18,1,Mathematics,Unit Test 2,25,21.0
411,18,1,Mathematics,Half Yearly,100,87.6
412,18,1,Mathematics,Annual Exam,100,86.9
413,18,2,Science,Unit Test 1,25,22.2
414,18,2,Science,Unit Test 2,25,19.1
415,18,2,Science,Half Yearly,100,76.8
416,18,2,Science,Annual Exam,100,85.8
417,18,3,English,Unit Test 1,25,16.6
418,18,3,English,Unit Test 2,25,21.4
419,18,3,English,Half Yearly,100,72.7
420,18,3,English,Annual Exam,100,82.9
421,18,4,Social Studies,Unit Test 1,25,16.0
422,18,4,Social Studies,Unit Test 2,25,19.1
423,18,4,Social Studies,Half Yearly,100,76.3
424,18,4,Social Studies,Annual Exam,100,57.9
425,18,5,Telugu,Unit Test 1,25,21.6
426,18,5,Telugu,Unit Test 2,25,19.8
427,18,5,Telugu,Half Yearly,100,72.9
428,18,5,Telugu,Annual Exam,100,71.7
429,18,6,Computer Science,Unit Test 1,25,19.4
430,18,6,Computer Science,Unit Test 2,25,22.0
431,18,6,Computer Science,Half Yearly,100,74.3
432,18,6,Computer Science,Annual Exam,100,90.9
433,19,1,Mathematics,Unit Test 1,25,21.3
434,19,1,Mathematics,Unit Test 2,25,17.4
435,19,1,Mathematics,Half Yearly,100,66.9
436,19,1,Mathematics,Annual Exam,100,75.9
437,19,2,Science,Unit Test 1,25,20.1
438,19,2,Science,Unit Test 2,25,20.6
439,19,2,Science,Half Yearly,100,84.3
440,19,2,Science,Annual Exam,100,82.5
441,19,3,English,Unit Test 1,25,24.2
442,19,3,English,Unit Test 2,25,13.6
443,19,3,English,Half Yearly,100,72.9
444,19,3,English,Annual Exam,100,67.9
445,19,4,Social Studies,Unit Test 1,25,20.5
446,19,4,Social Studies,Unit Test 2,25,19.7
447,19,4,Social Studies,Half Yearly,100,79.9
448,19,4,Social Studies,Annual Exam,100,63.5
449,19,5,Telugu,Unit Test 1,25,17.2
450,19,5,Telugu,Unit Test 2,25,18.4
451,19,5,Telugu,Half Yearly,100,66.4
452,19,5,Telugu,Annual Exam,100,69.4
453,19,6,Computer Science,Unit Test 1,25,21.4
454,19,6,Computer Science,Unit Test 2,25,18.0
455,19,6,Computer Science,Half Yearly,100,91.4
456,19,6,Computer Science,Annual Exam,100,88.0
457,20,1,Mathematics,Unit Test 1,25,17.6
458,20,1,Mathematics,Unit Test 2,25,14.9
459,20,1,Mathematics,Half Yearly,100,70.7
460,20,1,Mathematics,Annual Exam,100,80.8
461,20,2,Science,Unit Test 1,25,12.7
462,20,2,Science,Unit Test 2,25,12.7
463,20,2,Science,Half Yearly,100,67.6
464,20,2,Science,Annual Exam,100,70.6
465,20,3,English,Unit Test 1,25,20.1
466,20,3,English,Unit Test 2,25,21.8
467,20,3,English,Half Yearly,100,80.1
468,20,3,English,Annual Exam,100,83.0
469,20,4,Social Studies,Unit Test 1,25,18.4
470,20,4,Social Studies,Unit Test 2,25,12.9
471,20,4,Social Studies,Half Yearly,100,61.1
472,20,4,Social Studies,Annual Exam,100,68.1
473,20,5,Telugu,Unit Test 1,25,18.0
474,20,5,Telugu,Unit Test 2,25,17.5
475,20,5,Telugu,Half Yearly,100,54.1
476,20,5,Telugu,Annual Exam,100,77.2
477,20,6,Computer Science,Unit Test 1,25,20.4
478,20,6,Computer Science,Unit Test 2,25,17.9
479,20,6,Computer Science,Half Yearly,100,71.1
480,20,6,Computer Science,Annual Exam,100,80.6
481,21,1,Mathematics,Unit Test 1,25,21.8
482,21,1,Mathematics,Unit Test 2,25,18.7
483,21,1,Mathematics,Half Yearly,100,76.8
484,21,1,Mathematics,Annual Exam,100,66.9
485,21,2,Science,Unit Test 1,25,15.6
486,21,2,Science,Unit Test 2,25,17.7
487,21,2,Science,Half Yearly,100,70.6
488,21,2,Science,Annual Exam,100,69.7
489,21,3,English,Unit Test 1,25,18.8
490,21,3,English,Unit Test 2,25,21.7
491,21,3,English,Half Yearly,100,73.8
492,21,3,English,Annual Exam,100,74.0
493,21,4,Social Studies,Unit Test 1,25,18.5
494,21,4,Social Studies,Unit Test 2,25,16.7
495,21,4,Social Studies,Half Yearly,100,64.9
496,21,4,Social Studies,Annual Exam,100,68.0
497,21,5,Telugu,Unit Test 1,25,23.8
498,21,5,Telugu,Unit Test 2,25,21.4
499,21,5,Telugu,Half Yearly,100,83.3
500,21,5,Telugu,Annual Exam,100,72.0
501,21,6,Computer Science,Unit Test 1,25,20.9
502,21,6,Computer Science,Unit Test 2,25,17.4
503,21,6,Computer Science,Half Yearly,100,81.7
504,21,6,Computer Science,Annual Exam,100,63.6
505,22,1,Mathematics,Unit Test 1,25,21.4
506,22,1,Mathematics,Unit Test 2,25,20.0
507,22,1,Mathematics,Half Yearly,100,81.7
508,22,1,Mathematics,Annual Exam,100,84.6
509,22,2,Science,Unit Test 1,25,21.6
510,22,2,Science,Unit Test 2,25,22.2
511,22,2,Science,Half Yearly,100,71.6
512,22,2,Science,Annual Exam,100,78.9
513,22,3,English,Unit Test 1,25,16.6
514,22,3,English,Unit Test 2,25,17.6
515,22,3,English,Half Yearly,100,76.9
516,22,3,English,Annual Exam,100,69.7
517,22,4,Social Studies,Unit Test 1,25,22.1
518,22,4,Social Studies,Unit Test 2,25,23.9
519,22,4,Social Studies,Half Yearly,100,85.0
520,22,4,Social Studies,Annual Exam,100,85.6
521,22,5,Telugu,Unit Test 1,25,19.2
522,22,5,Telugu,Unit Test 2,25,17.2
523,22,5,Telugu,Half Yearly,100,69.2
524,22,5,Telugu,Annual Exam,100,64.0
525,22,6,Computer Science,Unit Test 1,25,20.8
526,22,6,Computer Science,Unit Test 2,25,22.0
527,22,6,Computer Science,Half Yearly,100,86.0
528,22,6,Computer Science,Annual Exam,100,81.4
529,23,1,Mathematics,Unit Test 1,25,18.6
530,23,1,Mathematics,Unit Test 2,25,17.7
531,23,1,Mathematics,Half Yearly,100,93.7
532,23,1,Mathematics,Annual Exam,100,72.5
533,23,2,Science,Unit Test 1,25,20.0
534,23,2,Science,Unit Test 2,25,18.5
535,23,2,Science,Half Yearly,100,100.0
536,23,2,Science,Annual Exam,100,79.0
537,23,3,English,Unit Test 1,25,25.0
538,23,3,English,Unit Test 2,25,25.0
539,23,3,English,Half Yearly,100,100.0
540,23,3,English,Annual Exam,100,100.0
541,23,4,Social Studies,Unit Test 1,25,19.2
542,23,4,Social Studies,Unit Test 2,25,21.5
543,23,4,Social Studies,Half Yearly,100,78.3
544,23,4,Social Studies,Annual Exam,100,85.2
545,23,5,Telugu,Unit Test 1,25,24.7
546,23,5,Telugu,Unit Test 2,25,19.9
547,23,5,Telugu,Half Yearly,100,87.3
548,23,5,Telugu,Annual Exam,100,79.0
549,23,6,Computer Science,Unit Test 1,25,25.0
550,23,6,Computer Science,Unit Test 2,25,23.1
551,23,6,Computer Science,Half Yearly,100,91.7
552,23,6,Computer Science,Annual Exam,100,96.2
553,24,1,Mathematics,Unit Test 1,25,15.4
554,24,1,Mathematics,Unit Test 2,25,15.4
555,24,1,Mathematics,Half Yearly,100,52.1
556,24,1,Mathematics,Annual Exam,100,56.6
557,24,2,Science,Unit Test 1,25,15.9
558,24,2,Science,Unit Test 2,25,13.8
559,24,2,Science,Half Yearly,100,39.5
560,24,2,Science,Annual Exam,100,56.7
561,24,3,English,Unit Test 1,25,19.7
562,24,3,English,Unit Test 2,25,18.1
563,24,3,English,Half Yearly,100,57.3
564,24,3,English,Annual Exam,100,80.5
565,24,4,Social Studies,Unit Test 1,25,13.9
566,24,4,Social Studies,Unit Test 2,25,20.1
567,24,4,Social Studies,Half Yearly,100,65.6
568,24,4,Social Studies,Annual Exam,100,75.4
569,24,5,Telugu,Unit Test 1,25,14.6
570,24,5,Telugu,Unit Test 2,25,15.4
571,24,5,Telugu,Half Yearly,100,53.4
572,24,5,Telugu,Annual Exam,100,53.8
573,24,6,Computer Science,Unit Test 1,25,16.2
574,24,6,Computer Science,Unit Test 2,25,18.5
575,24,6,Computer Science,Half Yearly,100,70.6
576,24,6,Computer Science,Annual Exam,100,74.2
577,25,1,Mathematics,Unit Test 1,25,23.4
578,25,1,Mathematics,Unit Test 2,25,23.8
579,25,1,Mathematics,Half Yearly,100,88.2
580,25,1,Mathematics,Annual Exam,100,92.5
581,25,2,Science,Unit Test 1,25,25.0
582,25,2,Science,Unit Test 2,25,23.4
583,25,2,Science,Half Yearly,100,97.8
584,25,2,Science,Annual Exam,100,100.0
585,25,3,English,Unit Test 1,25,23.1
586,25,3,English,Unit Test 2,25,24.4
587,25,3,English,Half Yearly,100,92.0
588,25,3,English,Annual Exam,100,99.8
589,25,4,Social Studies,Unit Test 1,25,25.0
590,25,4,Social Studies,Unit Test 2,25,25.0
591,25,4,Social Studies,Half Yearly,100,98.2
592,25,4,Social Studies,Annual Exam,100,100.0
593,25,5,Telugu,Unit Test 1,25,24.8
594,25,5,Telugu,Unit Test 2,25,24.0
595,25,5,Telugu,Half Yearly,100,89.0
596,25,5,Telugu,Annual Exam,100,91.5
597,25,6,Computer Science,Unit Test 1,25,20.5
598,25,6,Computer Science,Unit Test 2,25,16.9
599,25,6,Computer Science,Half Yearly,100,84.1
600,25,6,Computer Science,Annual Exam,100,95.2
601,26,1,Mathematics,Unit Test 1,25,5.1
602,26,1,Mathematics,Unit Test 2,25,8.7
603,26,1,Mathematics,Half Yearly,100,39.0
604,26,1,Mathematics,Annual Exam,100,36.2
605,26,2,Science,Unit Test 1,25,10.0
606,26,2,Science,Unit Test 2,25,9.7
607,26,2,Science,Half Yearly,100,31.0
608,26,2,Science,Annual Exam,100,29.9
609,26,3,English,Unit Test 1,25,10.1
610,26,3,English,Unit Test 2,25,10.0
611,26,3,English,Half Yearly,100,43.5
612,26,3,English,Annual Exam,100,54.5
613,26,4,Social Studies,Unit Test 1,25,10.2
614,26,4,Social Studies,Unit Test 2,25,13.6
615,26,4,Social Studies,Half Yearly,100,47.4
616,26,4,Social Studies,Annual Exam,100,53.6
617,26,5,Telugu,Unit Test 1,25,9.6
618,26,5,Telugu,Unit Test 2,25,10.1
619,26,5,Telugu,Half Yearly,100,32.4
620,26,5,Telugu,Annual Exam,100,41.1
621,26,6,Computer Science,Unit Test 1,25,7.8
622,26,6,Computer Science,Unit Test 2,25,11.3
623,26,6,Computer Science,Half Yearly,100,44.2
624,26,6,Computer Science,Annual Exam,100,55.1
625,27,1,Mathematics,Unit Test 1,25,14.9
626,27,1,Mathematics,Unit Test 2,25,14.8
627,27,1,Mathematics,Half Yearly,100,68.0
628,27,1,Mathematics,Annual Exam,100,72.7
629,27,2,Science,Unit Test 1,25,17.6
630,27,2,Science,Unit Test 2,25,18.9
631,27,2,Science,Half Yearly,100,64.6
632,27,2,Science,Annual Exam,100,67.0
633,27,3,English,Unit Test 1,25,18.9
634,27,3,English,Unit Test 2,25,20.2
635,27,3,English,Half Yearly,100,91.5
636,27,3,English,Annual Exam,100,78.0
637,27,4,Social Studies,Unit Test 1,25,17.4
638,27,4,Social Studies,Unit Test 2,25,17.0
639,27,4,Social Studies,Half Yearly,100,63.4
640,27,4,Social Studies,Annual Exam,100,76.5
641,27,5,Telugu,Unit Test 1,25,14.7
642,27,5,Telugu,Unit Test 2,25,18.9
643,27,5,Telugu,Half Yearly,100,76.1
644,27,5,Telugu,Annual Exam,100,59.0
645,27,6,Computer Science,Unit Test 1,25,18.7
646,27,6,Computer Science,Unit Test 2,25,22.2
647,27,6,Computer Science,Half Yearly,100,81.6
648,27,6,Computer Science,Annual Exam,100,81.8
649,28,1,Mathematics,Unit Test 1,25,17.8
650,28,1,Mathematics,Unit Test 2,25,17.7
651,28,1,Mathematics,Half Yearly,100,61.7
652,28,1,Mathematics,Annual Exam,100,83.7
653,28,2,Science,Unit Test 1,25,17.2
654,28,2,Science,Unit Test 2,25,15.6
655,28,2,Science,Half Yearly,100,56.7
656,28,2,Science,Annual Exam,100,75.6
657,28,3,English,Unit Test 1,25,14.6
658,28,3,English,Unit Test 2,25,13.0
659,28,3,English,Half Yearly,100,57.6
660,28,3,English,Annual Exam,100,55.7
661,28,4,Social Studies,Unit Test 1,25,17.3
662,28,4,Social Studies,Unit Test 2,25,15.8
663,28,4,Social Studies,Half Yearly,100,70.3
664,28,4,Social Studies,Annual Exam,100,73.5
665,28,5,Telugu,Unit Test 1,25,9.4
666,28,5,Telugu,Unit Test 2,25,15.7
667,28,5,Telugu,Half Yearly,100,67.2
668,28,5,Telugu,Annual Exam,100,56.3
669,28,6,Computer Science,Unit Test 1,25,13.4
670,28,6,Computer Science,Unit Test 2,25,16.8
671,28,6,Computer Science,Half Yearly,100,76.2
672,28,6,Computer Science,Annual Exam,100,65.0
673,29,1,Mathematics,Unit Test 1,25,16.9
674,29,1,Mathematics,Unit Test 2,25,13.8
675,29,1,Mathematics,Half Yearly,100,45.1
676,29,1,Mathematics,Annual Exam,100,51.6
677,29,2,Science,Unit Test 1,25,17.8
678,29,2,Science,Unit Test 2,25,20.4
679,29,2,Science,Half Yearly,100,64.8
680,29,2,Science,Annual Exam,100,71.1
681,29,3,English,Unit Test 1,25,12.4
682,29,3,English,Unit Test 2,25,9.8
683,29,3,English,Half Yearly,100,64.6
684,29,3,English,Annual Exam,100,44.6
685,29,4,Social Studies,Unit Test 1,25,18.4
686,29,4,Social Studies,Unit Test 2,25,18.0
687,29,4,Social Studies,Half Yearly,100,69.4
688,29,4,Social Studies,Annual Exam,100,66.4
689,29,5,Telugu,Unit Test 1,25,13.2
690,29,5,Telugu,Unit Test 2,25,15.7
691,29,5,Telugu,Half Yearly,100,74.3
692,29,5,Telugu,Annual Exam,100,68.6
693,29,6,Computer Science,Unit Test 1,25,14.3
694,29,6,Computer Science,Unit Test 2,25,9.3
695,29,6,Computer Science,Half Yearly,100,51.5
696,29,6,Computer Science,Annual Exam,100,64.5
697,30,1,Mathematics,Unit Test 1,25,15.3
698,30,1,Mathematics,Unit Test 2,25,18.3
699,30,1,Mathematics,Half Yearly,100,55.3
700,30,1,Mathematics,Annual Exam,100,55.5
701,30,2,Science,Unit Test 1,25,17.8
702,30,2,Science,Unit Test 2,25,18.7
703,30,2,Science,Half Yearly,100,67.3
704,30,2,Science,Annual Exam,100,73.5
705,30,3,English,Unit Test 1,25,12.7
706,30,3,English,Unit Test 2,25,16.9
707,30,3,English,Half Yearly,100,83.8
708,30,3,English,Annual Exam,100,74.9
709,30,4,Social Studies,Unit Test 1,25,17.6
710,30,4,Social Studies,Unit Test 2,25,15.7
711,30,4,Social Studies,Half Yearly,100,65.5
712,30,4,Social Studies,Annual Exam,100,64.5
713,30,5,Telugu,Unit Test 1,25,16.1
714,30,5,Telugu,Unit Test 2,25,17.6
715,30,5,Telugu,Half Yearly,100,56.1
716,30,5,Telugu,Annual Exam,100,71.4
717,30,6,Computer Science,Unit Test 1,25,21.7
718,30,6,Computer Science,Unit Test 2,25,22.3
719,30,6,Computer Science,Half Yearly,100,72.6
720,30,6,Computer Science,Annual Exam,100,55.9
721,31,1,Mathematics,Unit Test 1,25,22.2
722,31,1,Mathematics,Unit Test 2,25,19.2
723,31,1,Mathematics,Half Yearly,100,97.0
724,31,1,Mathematics,Annual Exam,100,80.7
725,31,2,Science,Unit Test 1,25,25.0
726,31,2,Science,Unit Test 2,25,21.1
727,31,2,Science,Half Yearly,100,99.6
728,31,2,Science,Annual Exam,100,93.3
729,31,3,English,Unit Test 1,25,25.0
730,31,3,English,Unit Test 2,25,23.7
731,31,3,English,Half Yearly,100,84.3
732,31,3,English,Annual Exam,100,98.5
733,31,4,Social Studies,Unit Test 1,25,22.7
734,31,4,Social Studies,Unit Test 2,25,22.1
735,31,4,Social Studies,Half Yearly,100,95.7
736,31,4,Social Studies,Annual Exam,100,100.0
737,31,5,Telugu,Unit Test 1,25,23.1
738,31,5,Telugu,Unit Test 2,25,21.6
739,31,5,Telugu,Half Yearly,100,87.6
740,31,5,Telugu,Annual Exam,100,87.3
741,31,6,Computer Science,Unit Test 1,25,19.5
742,31,6,Computer Science,Unit Test 2,25,25.0
743,31,6,Computer Science,Half Yearly,100,90.1
744,31,6,Computer Science,Annual Exam,100,96.6
745,32,1,Mathematics,Unit Test 1,25,20.8
746,32,1,Mathematics,Unit Test 2,25,23.8
747,32,1,Mathematics,Half Yearly,100,80.3
748,32,1,Mathematics,Annual Exam,100,89.3
749,32,2,Science,Unit Test 1,25,23.4
750,32,2,Science,Unit Test 2,25,22.2
751,32,2,Science,Half Yearly,100,100.0
752,32,2,Science,Annual Exam,100,100.0
753,32,3,English,Unit Test 1,25,22.0
754,32,3,English,Unit Test 2,25,23.5
755,32,3,English,Half Yearly,100,93.9
756,32,3,English,Annual Exam,100,97.7
757,32,4,Social Studies,Unit Test 1,25,25.0
758,32,4,Social Studies,Unit Test 2,25,24.3
759,32,4,Social Studies,Half Yearly,100,95.2
760,32,4,Social Studies,Annual Exam,100,100.0
761,32,5,Telugu,Unit Test 1,25,23.7
762,32,5,Telugu,Unit Test 2,25,25.0
763,32,5,Telugu,Half Yearly,100,90.0
764,32,5,Telugu,Annual Exam,100,100.0
765,32,6,Computer Science,Unit Test 1,25,23.9
766,32,6,Computer Science,Unit Test 2,25,21.9
767,32,6,Computer Science,Half Yearly,100,95.0
768,32,6,Computer Science,Annual Exam,100,95.3
769,33,1,Mathematics,Unit Test 1,25,17.7
770,33,1,Mathematics,Unit Test 2,25,17.0
771,33,1,Mathematics,Half Yearly,100,81.0
772,33,1,Mathematics,Annual Exam,100,72.0
773,33,2,Science,Unit Test 1,25,23.1
774,33,2,Science,Unit Test 2,25,25.0
775,33,2,Science,Half Yearly,100,76.3
776,33,2,Science,Annual Exam,100,84.7
777,33,3,English,Unit Test 1,25,20.8
778,33,3,English,Unit Test 2,25,19.9
779,33,3,English,Half Yearly,100,80.3
780,33,3,English,Annual Exam,100,76.3
781,33,4,Social Studies,Unit Test 1,25,21.1
782,33,4,Social Studies,Unit Test 2,25,23.9
783,33,4,Social Studies,Half Yearly,100,88.1
784,33,4,Social Studies,Annual Exam,100,85.3
785,33,5,Telugu,Unit Test 1,25,21.8
786,33,5,Telugu,Unit Test 2,25,23.1
787,33,5,Telugu,Half Yearly,100,79.1
788,33,5,Telugu,Annual Exam,100,99.1
789,33,6,Computer Science,Unit Test 1,25,22.9
790,33,6,Computer Science,Unit Test 2,25,22.8
791,33,6,Computer Science,Half Yearly,100,95.0
792,33,6,Computer Science,Annual Exam,100,88.6
793,34,1,Mathematics,Unit Test 1,25,20.6
794,34,1,Mathematics,Unit Test 2,25,20.4
795,34,1,Mathematics,Half Yearly,100,85.4
796,34,1,Mathematics,Annual Exam,100,75.3
797,34,2,Science,Unit Test 1,25,12.3
798,34,2,Science,Unit Test 2,25,17.4
799,34,2,Science,Half Yearly,100,72.9
800,34,2,Science,Annual Exam,100,68.2
801,34,3,English,Unit Test 1,25,18.1
802,34,3,English,Unit Test 2,25,22.7
803,34,3,English,Half Yearly,100,82.9
804,34,3,English,Annual Exam,100,61.0
805,34,4,Social Studies,Unit Test 1,25,14.8
806,34,4,Social Studies,Unit Test 2,25,21.5
807,34,4,Social Studies,Half Yearly,100,88.4
808,34,4,Social Studies,Annual Exam,100,76.5
809,34,5,Telugu,Unit Test 1,25,16.6
810,34,5,Telugu,Unit Test 2,25,15.4
811,34,5,Telugu,Half Yearly,100,70.5
812,34,5,Telugu,Annual Exam,100,88.4
813,34,6,Computer Science,Unit Test 1,25,18.6
814,34,6,Computer Science,Unit Test 2,25,21.1
815,34,6,Computer Science,Half Yearly,100,81.6
816,34,6,Computer Science,Annual Exam,100,97.0
817,35,1,Mathematics,Unit Test 1,25,12.6
818,35,1,Mathematics,Unit Test 2,25,18.0
819,35,1,Mathematics,Half Yearly,100,55.5
820,35,1,Mathematics,Annual Exam,100,53.0
821,35,2,Science,Unit Test 1,25,14.1
822,35,2,Science,Unit Test 2,25,15.1
823,35,2,Science,Half Yearly,100,60.5
824,35,2,Science,Annual Exam,100,55.1
825,35,3,English,Unit Test 1,25,13.4
826,35,3,English,Unit Test 2,25,13.4
827,35,3,English,Half Yearly,100,62.9
828,35,3,English,Annual Exam,100,56.4
829,35,4,Social Studies,Unit Test 1,25,17.0
830,35,4,Social Studies,Unit Test 2,25,13.6
831,35,4,Social Studies,Half Yearly,100,61.8
832,35,4,Social Studies,Annual Exam,100,57.5
833,35,5,Telugu,Unit Test 1,25,18.1
834,35,5,Telugu,Unit Test 2,25,18.4
835,35,5,Telugu,Half Yearly,100,51.9
836,35,5,Telugu,Annual Exam,100,73.3
837,35,6,Computer Science,Unit Test 1,25,13.4
838,35,6,Computer Science,Unit Test 2,25,6.3
839,35,6,Computer Science,Half Yearly,100,43.0
840,35,6,Computer Science,Annual Exam,100,54.5
841,36,1,Mathematics,Unit Test 1,25,9.2
842,36,1,Mathematics,Unit Test 2,25,11.5
843,36,1,Mathematics,Half Yearly,100,50.5
844,36,1,Mathematics,Annual Exam,100,30.8
845,36,2,Science,Unit Test 1,25,11.3
846,36,2,Science,Unit Test 2,25,12.4
847,36,2,Science,Half Yearly,100,58.2
848,36,2,Science,Annual Exam,100,62.1
849,36,3,English,Unit Test 1,25,16.0
850,36,3,English,Unit Test 2,25,17.0
851,36,3,English,Half Yearly,100,57.1
852,36,3,English,Annual Exam,100,70.2
853,36,4,Social Studies,Unit Test 1,25,12.2
854,36,4,Social Studies,Unit Test 2,25,13.6
855,36,4,Social Studies,Half Yearly,100,53.5
856,36,4,Social Studies,Annual Exam,100,59.9
857,36,5,Telugu,Unit Test 1,25,16.1
858,36,5,Telugu,Unit Test 2,25,13.1
859,36,5,Telugu,Half Yearly,100,78.7
860,36,5,Telugu,Annual Exam,100,69.5
861,36,6,Computer Science,Unit Test 1,25,17.1
862,36,6,Computer Science,Unit Test 2,25,13.4
863,36,6,Computer Science,Half Yearly,100,58.2
864,36,6,Computer Science,Annual Exam,100,54.3
865,37,1,Mathematics,Unit Test 1,25,17.3
866,37,1,Mathematics,Unit Test 2,25,13.6
867,37,1,Mathematics,Half Yearly,100,64.7
868,37,1,Mathematics,Annual Exam,100,70.5
869,37,2,Science,Unit Test 1,25,10.2
870,37,2,Science,Unit Test 2,25,16.8
871,37,2,Science,Half Yearly,100,37.8
872,37,2,Science,Annual Exam,100,40.9
873,37,3,English,Unit Test 1,25,17.1
874,37,3,English,Unit Test 2,25,11.7
875,37,3,English,Half Yearly,100,74.3
876,37,3,English,Annual Exam,100,74.0
877,37,4,Social Studies,Unit Test 1,25,20.8
878,37,4,Social Studies,Unit Test 2,25,19.2
879,37,4,Social Studies,Half Yearly,100,70.8
880,37,4,Social Studies,Annual Exam,100,72.3
881,37,5,Telugu,Unit Test 1,25,21.1
882,37,5,Telugu,Unit Test 2,25,18.3
883,37,5,Telugu,Half Yearly,100,69.4
884,37,5,Telugu,Annual Exam,100,78.1
885,37,6,Computer Science,Unit Test 1,25,21.8
886,37,6,Computer Science,Unit Test 2,25,20.6
887,37,6,Computer Science,Half Yearly,100,65.7
888,37,6,Computer Science,Annual Exam,100,68.6
889,38,1,Mathematics,Unit Test 1,25,15.5
890,38,1,Mathematics,Unit Test 2,25,17.5
891,38,1,Mathematics,Half Yearly,100,67.3
892,38,1,Mathematics,Annual Exam,100,66.7
893,38,2,Science,Unit Test 1,25,17.9
894,38,2,Science,Unit Test 2,25,17.5
895,38,2,Science,Half Yearly,100,73.8
896,38,2,Science,Annual Exam,100,83.6
897,38,3,English,Unit Test 1,25,18.5
898,38,3,English,Unit Test 2,25,20.6
899,38,3,English,Half Yearly,100,77.8
900,38,3,English,Annual Exam,100,79.6
901,38,4,Social Studies,Unit Test 1,25,17.4
902,38,4,Social Studies,Unit Test 2,25,19.8
903,38,4,Social Studies,Half Yearly,100,85.8
904,38,4,Social Studies,Annual Exam,100,70.6
905,38,5,Telugu,Unit Test 1,25,19.1
906,38,5,Telugu,Unit Test 2,25,18.5
907,38,5,Telugu,Half Yearly,100,77.2
908,38,5,Telugu,Annual Exam,100,81.6
909,38,6,Computer Science,Unit Test 1,25,16.6
910,38,6,Computer Science,Unit Test 2,25,17.7
911,38,6,Computer Science,Half Yearly,100,58.7
912,38,6,Computer Science,Annual Exam,100,51.6
913,39,1,Mathematics,Unit Test 1,25,17.8
914,39,1,Mathematics,Unit Test 2,25,16.9
915,39,1,Mathematics,Half Yearly,100,77.1
916,39,1,Mathematics,Annual Exam,100,73.1
917,39,2,Science,Unit Test 1,25,19.4
918,39,2,Science,Unit Test 2,25,18.6
919,39,2,Science,Half Yearly,100,72.6
920,39,2,Science,Annual Exam,100,84.6
921,39,3,English,Unit Test 1,25,19.2
922,39,3,English,Unit Test 2,25,19.9
923,39,3,English,Half Yearly,100,81.8
924,39,3,English,Annual Exam,100,76.3
925,39,4,Social Studies,Unit Test 1,25,20.4
926,39,4,Social Studies,Unit Test 2,25,16.5
927,39,4,Social Studies,Half Yearly,100,70.3
928,39,4,Social Studies,Annual Exam,100,72.3
929,39,5,Telugu,Unit Test 1,25,16.8
930,39,5,Telugu,Unit Test 2,25,18.8
931,39,5,Telugu,Half Yearly,100,75.9
932,39,5,Telugu,Annual Exam,100,79.8
933,39,6,Computer Science,Unit Test 1,25,14.6
934,39,6,Computer Science,Unit Test 2,25,15.6
935,39,6,Computer Science,Half Yearly,100,65.1
936,39,6,Computer Science,Annual Exam,100,67.1
937,40,1,Mathematics,Unit Test 1,25,25.0
938,40,1,Mathematics,Unit Test 2,25,21.6
939,40,1,Mathematics,Half Yearly,100,88.8
940,40,1,Mathematics,Annual Exam,100,91.1
941,40,2,Science,Unit Test 1,25,24.0
942,40,2,Science,Unit Test 2,25,25.0
943,40,2,Science,Half Yearly,100,82.2
944,40,2,Science,Annual Exam,100,85.8
945,40,3,English,Unit Test 1,25,20.4
946,40,3,English,Unit Test 2,25,17.9
947,40,3,English,Half Yearly,100,77.5
948,40,3,English,Annual Exam,100,99.8
949,40,4,Social Studies,Unit Test 1,25,24.7
950,40,4,Social Studies,Unit Test 2,25,25.0
951,40,4,Social Studies,Half Yearly,100,81.1
952,40,4,Social Studies,Annual Exam,100,100.0
953,40,5,Telugu,Unit Test 1,25,25.0
954,40,5,Telugu,Unit Test 2,25,22.5
955,40,5,Telugu,Half Yearly,100,92.0
956,40,5,Telugu,Annual Exam,100,86.0
957,40,6,Computer Science,Unit Test 1,25,22.5
958,40,6,Computer Science,Unit Test 2,25,22.4
959,40,6,Computer Science,Half Yearly,100,77.0
960,40,6,Computer Science,Annual Exam,100,75.5
961,41,1,Mathematics,Unit Test 1,25,16.6
962,41,1,Mathematics,Unit Test 2,25,20.9
963,41,1,Mathematics,Half Yearly,100,89.3
964,41,1,Mathematics,Annual Exam,100,72.4
965,41,2,Science,Unit Test 1,25,15.9
966,41,2,Science,Unit Test 2,25,20.2
967,41,2,Science,Half Yearly,100,76.4
968,41,2,Science,Annual Exam,100,85.0
969,41,3,English,Unit Test 1,25,19.1
970,41,3,English,Unit Test 2,25,21.2
971,41,3,English,Half Yearly,100,90.9
972,41,3,English,Annual Exam,100,80.6
973,41,4,Social Studies,Unit Test 1,25,20.8
974,41,4,Social Studies,Unit Test 2,25,20.3
975,41,4,Social Studies,Half Yearly,100,83.4
976,41,4,Social Studies,Annual Exam,100,86.0
977,41,5,Telugu,Unit Test 1,25,17.3
978,41,5,Telugu,Unit Test 2,25,18.9
979,41,5,Telugu,Half Yearly,100,66.8
980,41,5,Telugu,Annual Exam,100,70.0
981,41,6,Computer Science,Unit Test 1,25,18.6
982,41,6,Computer Science,Unit Test 2,25,19.5
983,41,6,Computer Science,Half Yearly,100,73.3
984,41,6,Computer Science,Annual Exam,100,73.5
985,42,1,Mathematics,Unit Test 1,25,22.1
986,42,1,Mathematics,Unit Test 2,25,22.1
987,42,1,Mathematics,Half Yearly,100,91.0
988,42,1,Mathematics,Annual Exam,100,90.9
989,42,2,Science,Unit Test 1,25,23.4
990,42,2,Science,Unit Test 2,25,22.1
991,42,2,Science,Half Yearly,100,100.0
992,42,2,Science,Annual Exam,100,97.2
993,42,3,English,Unit Test 1,25,18.3
994,42,3,English,Unit Test 2,25,20.2
995,42,3,English,Half Yearly,100,78.8
996,42,3,English,Annual Exam,100,84.6
997,42,4,Social Studies,Unit Test 1,25,25.0
998,42,4,Social Studies,Unit Test 2,25,21.7
999,42,4,Social Studies,Half Yearly,100,81.8
1000,42,4,Social Studies,Annual Exam,100,76.6
1001,42,5,Telugu,Unit Test 1,25,20.2
1002,42,5,Telugu,Unit Test 2,25,20.7
1003,42,5,Telugu,Half Yearly,100,75.8
1004,42,5,Telugu,Annual Exam,100,95.5
1005,42,6,Computer Science,Unit Test 1,25,22.0
1006,42,6,Computer Science,Unit Test 2,25,20.0
1007,42,6,Computer Science,Half Yearly,100,100.0
1008,42,6,Computer Science,Annual Exam,100,79.7
1009,43,1,Mathematics,Unit Test 1,25,18.0
1010,43,1,Mathematics,Unit Test 2,25,15.5
1011,43,1,Mathematics,Half Yearly,100,55.4
1012,43,1,Mathematics,Annual Exam,100,63.7
1013,43,2,Science,Unit Test 1,25,14.4
1014,43,2,Science,Unit Test 2,25,20.2
1015,43,2,Science,Half Yearly,100,85.7
1016,43,2,Science,Annual Exam,100,62.8
1017,43,3,English,Unit Test 1,25,17.5
1018,43,3,English,Unit Test 2,25,17.7
1019,43,3,English,Half Yearly,100,66.1
1020,43,3,English,Annual Exam,100,68.1
1021,43,4,Social Studies,Unit Test 1,25,18.7
1022,43,4,Social Studies,Unit Test 2,25,14.6
1023,43,4,Social Studies,Half Yearly,100,78.7
1024,43,4,Social Studies,Annual Exam,100,76.7
1025,43,5,Telugu,Unit Test 1,25,15.7
1026,43,5,Telugu,Unit Test 2,25,17.0
1027,43,5,Telugu,Half Yearly,100,59.0
1028,43,5,Telugu,Annual Exam,100,59.6
1029,43,6,Computer Science,Unit Test 1,25,20.0
1030,43,6,Computer Science,Unit Test 2,25,14.9
1031,43,6,Computer Science,Half Yearly,100,69.4
1032,43,6,Computer Science,Annual Exam,100,67.1
1033,44,1,Mathematics,Unit Test 1,25,16.3
1034,44,1,Mathematics,Unit Test 2,25,18.7
1035,44,1,Mathematics,Half Yearly,100,61.9
1036,44,1,Mathematics,Annual Exam,100,82.2
1037,44,2,Science,Unit Test 1,25,15.6
1038,44,2,Science,Unit Test 2,25,14.2
1039,44,2,Science,Half Yearly,100,57.0
1040,44,2,Science,Annual Exam,100,57.1
1041,44,3,English,Unit Test 1,25,10.3
1042,44,3,English,Unit Test 2,25,17.6
1043,44,3,English,Half Yearly,100,65.0
1044,44,3,English,Annual Exam,100,52.7
1045,44,4,Social Studies,Unit Test 1,25,15.5
1046,44,4,Social Studies,Unit Test 2,25,17.7
1047,44,4,Social Studies,Half Yearly,100,61.4
1048,44,4,Social Studies,Annual Exam,100,60.4
1049,44,5,Telugu,Unit Test 1,25,9.1
1050,44,5,Telugu,Unit Test 2,25,15.6
1051,44,5,Telugu,Half Yearly,100,48.6
1052,44,5,Telugu,Annual Exam,100,34.7
1053,44,6,Computer Science,Unit Test 1,25,18.5
1054,44,6,Computer Science,Unit Test 2,25,21.2
1055,44,6,Computer Science,Half Yearly,100,76.5
1056,44,6,Computer Science,Annual Exam,100,68.2
1057,45,1,Mathematics,Unit Test 1,25,12.7
1058,45,1,Mathematics,Unit Test 2,25,10.8
1059,45,1,Mathematics,Half Yearly,100,44.5
1060,45,1,Mathematics,Annual Exam,100,59.2
1061,45,2,Science,Unit Test 1,25,13.1
1062,45,2,Science,Unit Test 2,25,11.4
1063,45,2,Science,Half Yearly,100,56.7
1064,45,2,Science,Annual Exam,100,38.4
1065,45,3,English,Unit Test 1,25,18.8
1066,45,3,English,Unit Test 2,25,17.3
1067,45,3,English,Half Yearly,100,51.8
1068,45,3,English,Annual Exam,100,70.7
1069,45,4,Social Studies,Unit Test 1,25,9.7
1070,45,4,Social Studies,Unit Test 2,25,10.8
1071,45,4,Social Studies,Half Yearly,100,38.5
1072,45,4,Social Studies,Annual Exam,100,50.0
1073,45,5,Telugu,Unit Test 1,25,16.5
1074,45,5,Telugu,Unit Test 2,25,13.3
1075,45,5,Telugu,Half Yearly,100,66.3
1076,45,5,Telugu,Annual Exam,100,46.4
1077,45,6,Computer Science,Unit Test 1,25,14.9
1078,45,6,Computer Science,Unit Test 2,25,12.3
1079,45,6,Computer Science,Half Yearly,100,49.8
1080,45,6,Computer Science,Annual Exam,100,52.4
1081,46,1,Mathematics,Unit Test 1,25,17.5
1082,46,1,Mathematics,Unit Test 2,25,14.1
1083,46,1,Mathematics,Half Yearly,100,65.0
1084,46,1,Mathematics,Annual Exam,100,71.5
1085,46,2,Science,Unit Test 1,25,14.5
1086,46,2,Science,Unit Test 2,25,17.1
1087,46,2,Science,Half Yearly,100,55.5
1088,46,2,Science,Annual Exam,100,79.9
1089,46,3,English,Unit Test 1,25,17.7
1090,46,3,English,Unit Test 2,25,13.4
1091,46,3,English,Half Yearly,100,59.9
1092,46,3,English,Annual Exam,100,61.1
1093,46,4,Social Studies,Unit Test 1,25,15.2
1094,46,4,Social Studies,Unit Test 2,25,17.8
1095,46,4,Social Studies,Half Yearly,100,54.1
1096,46,4,Social Studies,Annual Exam,100,73.9
1097,46,5,Telugu,Unit Test 1,25,12.2
1098,46,5,Telugu,Unit Test 2,25,12.9
1099,46,5,Telugu,Half Yearly,100,50.3
1100,46,5,Telugu,Annual Exam,100,44.4
1101,46,6,Computer Science,Unit Test 1,25,14.7
1102,46,6,Computer Science,Unit Test 2,25,12.1
1103,46,6,Computer Science,Half Yearly,100,53.3
1104,46,6,Computer Science,Annual Exam,100,54.8
1105,47,1,Mathematics,Unit Test 1,25,22.0
1106,47,1,Mathematics,Unit Test 2,25,19.7
1107,47,1,Mathematics,Half Yearly,100,77.2
1108,47,1,Mathematics,Annual Exam,100,67.2
1109,47,2,Science,Unit Test 1,25,13.4
1110,47,2,Science,Unit Test 2,25,16.1
1111,47,2,Science,Half Yearly,100,64.8
1112,47,2,Science,Annual Exam,100,65.5
1113,47,3,English,Unit Test 1,25,20.7
1114,47,3,English,Unit Test 2,25,23.4
1115,47,3,English,Half Yearly,100,68.1
1116,47,3,English,Annual Exam,100,71.5
1117,47,4,Social Studies,Unit Test 1,25,17.8
1118,47,4,Social Studies,Unit Test 2,25,19.4
1119,47,4,Social Studies,Half Yearly,100,81.0
1120,47,4,Social Studies,Annual Exam,100,80.2
1121,47,5,Telugu,Unit Test 1,25,21.5
1122,47,5,Telugu,Unit Test 2,25,19.5
1123,47,5,Telugu,Half Yearly,100,64.2
1124,47,5,Telugu,Annual Exam,100,66.1
1125,47,6,Computer Science,Unit Test 1,25,20.5
1126,47,6,Computer Science,Unit Test 2,25,19.4
1127,47,6,Computer Science,Half Yearly,100,80.7
1128,47,6,Computer Science,Annual Exam,100,85.4
1129,48,1,Mathematics,Unit Test 1,25,13.1
1130,48,1,Mathematics,Unit Test 2,25,16.5
1131,48,1,Mathematics,Half Yearly,100,72.7
1132,48,1,Mathematics,Annual Exam,100,80.6
1133,48,2,Science,Unit Test 1,25,23.0
1134,48,2,Science,Unit Test 2,25,19.6
1135,48,2,Science,Half Yearly,100,79.5
1136,48,2,Science,Annual Exam,100,86.8
1137,48,3,English,Unit Test 1,25,21.0
1138,48,3,English,Unit Test 2,25,18.6
1139,48,3,English,Half Yearly,100,86.2
1140,48,3,English,Annual Exam,100,67.1
1141,48,4,Social Studies,Unit Test 1,25,22.0
1142,48,4,Social Studies,Unit Test 2,25,17.1
1143,48,4,Social Studies,Half Yearly,100,66.8
1144,48,4,Social Studies,Annual Exam,100,74.1
1145,48,5,Telugu,Unit Test 1,25,15.1
1146,48,5,Telugu,Unit Test 2,25,21.2
1147,48,5,Telugu,Half Yearly,100,69.9
1148,48,5,Telugu,Annual Exam,100,69.6
1149,48,6,Computer Science,Unit Test 1,25,14.4
1150,48,6,Computer Science,Unit Test 2,25,17.4
1151,48,6,Computer Science,Half Yearly,100,60.9
1152,48,6,Computer Science,Annual Exam,100,55.8
1153,49,1,Mathematics,Unit Test 1,25,22.5
1154,49,1,Mathematics,Unit Test 2,25,22.0
1155,49,1,Mathematics,Half Yearly,100,98.5
1156,49,1,Mathematics,Annual Exam,100,99.4
1157,49,2,Science,Unit Test 1,25,20.9
1158,49,2,Science,Unit Test 2,25,19.1
1159,49,2,Science,Half Yearly,100,88.8
1160,49,2,Science,Annual Exam,100,88.9
1161,49,3,English,Unit Test 1,25,24.1
1162,49,3,English,Unit Test 2,25,23.5
1163,49,3,English,Half Yearly,100,83.3
1164,49,3,English,Annual Exam,100,86.6
1165,49,4,Social Studies,Unit Test 1,25,25.0
1166,49,4,Social Studies,Unit Test 2,25,25.0
1167,49,4,Social Studies,Half Yearly,100,100.0
1168,49,4,Social Studies,Annual Exam,100,100.0
1169,49,5,Telugu,Unit Test 1,25,25.0
1170,49,5,Telugu,Unit Test 2,25,25.0
1171,49,5,Telugu,Half Yearly,100,100.0
1172,49,5,Telugu,Annual Exam,100,98.7
1173,49,6,Computer Science,Unit Test 1,25,21.7
1174,49,6,Computer Science,Unit Test 2,25,22.3
1175,49,6,Computer Science,Half Yearly,100,96.8
1176,49,6,Computer Science,Annual Exam,100,86.9
1177,50,1,Mathematics,Unit Test 1,25,12.4
1178,50,1,Mathematics,Unit Test 2,25,12.4
1179,50,1,Mathematics,Half Yearly,100,47.8
1180,50,1,Mathematics,Annual Exam,100,31.4
1181,50,2,Science,Unit Test 1,25,10.9
1182,50,2,Science,Unit Test 2,25,8.4
1183,50,2,Science,Half Yearly,100,35.3
1184,50,2,Science,Annual Exam,100,43.3
1185,50,3,English,Unit Test 1,25,10.9
1186,50,3,English,Unit Test 2,25,8.9
1187,50,3,English,Half Yearly,100,54.5
1188,50,3,English,Annual Exam,100,39.6
1189,50,4,Social Studies,Unit Test 1,25,12.1
1190,50,4,Social Studies,Unit Test 2,25,11.3
1191,50,4,Social Studies,Half Yearly,100,48.6
1192,50,4,Social Studies,Annual Exam,100,63.8
1193,50,5,Telugu,Unit Test 1,25,12.8
1194,50,5,Telugu,Unit Test 2,25,13.4
1195,50,5,Telugu,Half Yearly,100,33.7
1196,50,5,Telugu,Annual Exam,100,43.5
1197,50,6,Computer Science,Unit Test 1,25,10.4
1198,50,6,Computer Science,Unit Test 2,25,11.1
1199,50,6,Computer Science,Half Yearly,100,40.0
1200,50,6,Computer Science,Annual Exam,100,34.8
1201,51,1,Mathematics,Unit Test 1,25,21.3
1202,51,1,Mathematics,Unit Test 2,25,24.7
1203,51,1,Mathematics,Half Yearly,100,100.0
1204,51,1,Mathematics,Annual Exam,100,99.8
1205,51,2,Science,Unit Test 1,25,25.0
1206,51,2,Science,Unit Test 2,25,25.0
1207,51,2,Science,Half Yearly,100,100.0
1208,51,2,Science,Annual Exam,100,98.6
1209,51,3,English,Unit Test 1,25,24.0
1210,51,3,English,Unit Test 2,25,25.0
1211,51,3,English,Half Yearly,100,78.9
1212,51,3,English,Annual Exam,100,96.2
1213,51,4,Social Studies,Unit Test 1,25,20.7
1214,51,4,Social Studies,Unit Test 2,25,20.7
1215,51,4,Social Studies,Half Yearly,100,80.7
1216,51,4,Social Studies,Annual Exam,100,84.2
1217,51,5,Telugu,Unit Test 1,25,25.0
1218,51,5,Telugu,Unit Test 2,25,21.4
1219,51,5,Telugu,Half Yearly,100,99.0
1220,51,5,Telugu,Annual Exam,100,93.7
1221,51,6,Computer Science,Unit Test 1,25,25.0
1222,51,6,Computer Science,Unit Test 2,25,25.0
1223,51,6,Computer Science,Half Yearly,100,100.0
1224,51,6,Computer Science,Annual Exam,100,100.0
1225,52,1,Mathematics,Unit Test 1,25,18.2
1226,52,1,Mathematics,Unit Test 2,25,16.7
1227,52,1,Mathematics,Half Yearly,100,74.4
1228,52,1,Mathematics,Annual Exam,100,73.6
1229,52,2,Science,Unit Test 1,25,20.7
1230,52,2,Science,Unit Test 2,25,22.3
1231,52,2,Science,Half Yearly,100,75.5
1232,52,2,Science,Annual Exam,100,91.2
1233,52,3,English,Unit Test 1,25,17.5
1234,52,3,English,Unit Test 2,25,20.3
1235,52,3,English,Half Yearly,100,75.9
1236,52,3,English,Annual Exam,100,90.6
1237,52,4,Social Studies,Unit Test 1,25,18.6
1238,52,4,Social Studies,Unit Test 2,25,21.4
1239,52,4,Social Studies,Half Yearly,100,68.6
1240,52,4,Social Studies,Annual Exam,100,64.1
1241,52,5,Telugu,Unit Test 1,25,22.2
1242,52,5,Telugu,Unit Test 2,25,18.6
1243,52,5,Telugu,Half Yearly,100,89.2
1244,52,5,Telugu,Annual Exam,100,66.6
1245,52,6,Computer Science,Unit Test 1,25,24.7
1246,52,6,Computer Science,Unit Test 2,25,19.2
1247,52,6,Computer Science,Half Yearly,100,78.9
1248,52,6,Computer Science,Annual Exam,100,77.2
1249,53,1,Mathematics,Unit Test 1,25,23.5
1250,53,1,Mathematics,Unit Test 2,25,23.8
1251,53,1,Mathematics,Half Yearly,100,100.0
1252,53,1,Mathematics,Annual Exam,100,100.0
1253,53,2,Science,Unit Test 1,25,20.1
1254,53,2,Science,Unit Test 2,25,21.4
1255,53,2,Science,Half Yearly,100,85.4
1256,53,2,Science,Annual Exam,100,84.0
1257,53,3,English,Unit Test 1,25,20.2
1258,53,3,English,Unit Test 2,25,25.0
1259,53,3,English,Half Yearly,100,91.6
1260,53,3,English,Annual Exam,100,100.0
1261,53,4,Social Studies,Unit Test 1,25,23.1
1262,53,4,Social Studies,Unit Test 2,25,18.8
1263,53,4,Social Studies,Half Yearly,100,80.2
1264,53,4,Social Studies,Annual Exam,100,89.2
1265,53,5,Telugu,Unit Test 1,25,20.4
1266,53,5,Telugu,Unit Test 2,25,21.3
1267,53,5,Telugu,Half Yearly,100,97.2
1268,53,5,Telugu,Annual Exam,100,96.7
1269,53,6,Computer Science,Unit Test 1,25,25.0
1270,53,6,Computer Science,Unit Test 2,25,25.0
1271,53,6,Computer Science,Half Yearly,100,87.6
1272,53,6,Computer Science,Annual Exam,100,95.0
1273,54,1,Mathematics,Unit Test 1,25,11.6
1274,54,1,Mathematics,Unit Test 2,25,11.5
1275,54,1,Mathematics,Half Yearly,100,46.9
1276,54,1,Mathematics,Annual Exam,100,58.6
1277,54,2,Science,Unit Test 1,25,10.3
1278,54,2,Science,Unit Test 2,25,11.8
1279,54,2,Science,Half Yearly,100,60.0
1280,54,2,Science,Annual Exam,100,51.2
1281,54,3,English,Unit Test 1,25,8.0
1282,54,3,English,Unit Test 2,25,12.6
1283,54,3,English,Half Yearly,100,40.9
1284,54,3,English,Annual Exam,100,38.4
1285,54,4,Social Studies,Unit Test 1,25,9.7
1286,54,4,Social Studies,Unit Test 2,25,10.8
1287,54,4,Social Studies,Half Yearly,100,53.5
1288,54,4,Social Studies,Annual Exam,100,23.4
1289,54,5,Telugu,Unit Test 1,25,8.1
1290,54,5,Telugu,Unit Test 2,25,6.4
1291,54,5,Telugu,Half Yearly,100,26.1
1292,54,5,Telugu,Annual Exam,100,33.9
1293,54,6,Computer Science,Unit Test 1,25,7.9
1294,54,6,Computer Science,Unit Test 2,25,8.5
1295,54,6,Computer Science,Half Yearly,100,29.6
1296,54,6,Computer Science,Annual Exam,100,32.1
1297,55,1,Mathematics,Unit Test 1,25,18.1
1298,55,1,Mathematics,Unit Test 2,25,15.8
1299,55,1,Mathematics,Half Yearly,100,69.8
1300,55,1,Mathematics,Annual Exam,100,77.6
1301,55,2,Science,Unit Test 1,25,16.9
1302,55,2,Science,Unit Test 2,25,18.3
1303,55,2,Science,Half Yearly,100,79.9
1304,55,2,Science,Annual Exam,100,74.2
1305,55,3,English,Unit Test 1,25,20.3
1306,55,3,English,Unit Test 2,25,17.6
1307,55,3,English,Half Yearly,100,74.3
1308,55,3,English,Annual Exam,100,64.5
1309,55,4,Social Studies,Unit Test 1,25,15.7
1310,55,4,Social Studies,Unit Test 2,25,19.1
1311,55,4,Social Studies,Half Yearly,100,75.2
1312,55,4,Social Studies,Annual Exam,100,69.4
1313,55,5,Telugu,Unit Test 1,25,19.3
1314,55,5,Telugu,Unit Test 2,25,24.2
1315,55,5,Telugu,Half Yearly,100,69.8
1316,55,5,Telugu,Annual Exam,100,65.4
1317,55,6,Computer Science,Unit Test 1,25,18.2
1318,55,6,Computer Science,Unit Test 2,25,20.5
1319,55,6,Computer Science,Half Yearly,100,74.0
1320,55,6,Computer Science,Annual Exam,100,64.4
1321,56,1,Mathematics,Unit Test 1,25,22.8
1322,56,1,Mathematics,Unit Test 2,25,23.4
1323,56,1,Mathematics,Half Yearly,100,86.0
1324,56,1,Mathematics,Annual Exam,100,85.6
1325,56,2,Science,Unit Test 1,25,20.4
1326,56,2,Science,Unit Test 2,25,23.1
1327,56,2,Science,Half Yearly,100,95.8
1328,56,2,Science,Annual Exam,100,89.5
1329,56,3,English,Unit Test 1,25,21.5
1330,56,3,English,Unit Test 2,25,23.0
1331,56,3,English,Half Yearly,100,83.4
1332,56,3,English,Annual Exam,100,74.2
1333,56,4,Social Studies,Unit Test 1,25,19.8
1334,56,4,Social Studies,Unit Test 2,25,21.3
1335,56,4,Social Studies,Half Yearly,100,87.0
1336,56,4,Social Studies,Annual Exam,100,72.8
1337,56,5,Telugu,Unit Test 1,25,25.0
1338,56,5,Telugu,Unit Test 2,25,20.4
1339,56,5,Telugu,Half Yearly,100,96.1
1340,56,5,Telugu,Annual Exam,100,90.1
1341,56,6,Computer Science,Unit Test 1,25,23.0
1342,56,6,Computer Science,Unit Test 2,25,21.2
1343,56,6,Computer Science,Half Yearly,100,88.9
1344,56,6,Computer Science,Annual Exam,100,92.2
1345,57,1,Mathematics,Unit Test 1,25,19.2
1346,57,1,Mathematics,Unit Test 2,25,16.4
1347,57,1,Mathematics,Half Yearly,100,70.2
1348,57,1,Mathematics,Annual Exam,100,62.6
1349,57,2,Science,Unit Test 1,25,19.5
1350,57,2,Science,Unit Test 2,25,15.5
1351,57,2,Science,Half Yearly,100,74.0
1352,57,2,Science,Annual Exam,100,84.9
1353,57,3,English,Unit Test 1,25,19.9
1354,57,3,English,Unit Test 2,25,16.1
1355,57,3,English,Half Yearly,100,67.9
1356,57,3,English,Annual Exam,100,64.1
1357,57,4,Social Studies,Unit Test 1,25,17.9
1358,57,4,Social Studies,Unit Test 2,25,18.1
1359,57,4,Social Studies,Half Yearly,100,71.7
1360,57,4,Social Studies,Annual Exam,100,68.8
1361,57,5,Telugu,Unit Test 1,25,19.2
1362,57,5,Telugu,Unit Test 2,25,20.0
1363,57,5,Telugu,Half Yearly,100,82.3
1364,57,5,Telugu,Annual Exam,100,74.3
1365,57,6,Computer Science,Unit Test 1,25,14.9
1366,57,6,Computer Science,Unit Test 2,25,16.9
1367,57,6,Computer Science,Half Yearly,100,72.1
1368,57,6,Computer Science,Annual Exam,100,60.3
1369,58,1,Mathematics,Unit Test 1,25,15.3
1370,58,1,Mathematics,Unit Test 2,25,18.5
1371,58,1,Mathematics,Half Yearly,100,64.9
1372,58,1,Mathematics,Annual Exam,100,68.0
1373,58,2,Science,Unit Test 1,25,16.0
1374,58,2,Science,Unit Test 2,25,19.3
1375,58,2,Science,Half Yearly,100,58.5
1376,58,2,Science,Annual Exam,100,68.2
1377,58,3,English,Unit Test 1,25,10.3
1378,58,3,English,Unit Test 2,25,11.9
1379,58,3,English,Half Yearly,100,43.2
1380,58,3,English,Annual Exam,100,50.5
1381,58,4,Social Studies,Unit Test 1,25,14.3
1382,58,4,Social Studies,Unit Test 2,25,16.6
1383,58,4,Social Studies,Half Yearly,100,66.2
1384,58,4,Social Studies,Annual Exam,100,77.3
1385,58,5,Telugu,Unit Test 1,25,12.2
1386,58,5,Telugu,Unit Test 2,25,11.8
1387,58,5,Telugu,Half Yearly,100,38.4
1388,58,5,Telugu,Annual Exam,100,62.6
1389,58,6,Computer Science,Unit Test 1,25,11.5
1390,58,6,Computer Science,Unit Test 2,25,13.5
1391,58,6,Computer Science,Half Yearly,100,61.4
1392,58,6,Computer Science,Annual Exam,100,51.5
1393,59,1,Mathematics,Unit Test 1,25,20.7
1394,59,1,Mathematics,Unit Test 2,25,16.6
1395,59,1,Mathematics,Half Yearly,100,74.2
1396,59,1,Mathematics,Annual Exam,100,73.3
1397,59,2,Science,Unit Test 1,25,17.2
1398,59,2,Science,Unit Test 2,25,14.7
1399,59,2,Science,Half Yearly,100,71.8
1400,59,2,Science,Annual Exam,100,76.4
1401,59,3,English,Unit Test 1,25,13.8
1402,59,3,English,Unit Test 2,25,16.7
1403,59,3,English,Half Yearly,100,69.5
1404,59,3,English,Annual Exam,100,64.3
1405,59,4,Social Studies,Unit Test 1,25,17.3
1406,59,4,Social Studies,Unit Test 2,25,15.4
1407,59,4,Social Studies,Half Yearly,100,66.8
1408,59,4,Social Studies,Annual Exam,100,64.0
1409,59,5,Telugu,Unit Test 1,25,11.1
1410,59,5,Telugu,Unit Test 2,25,10.7
1411,59,5,Telugu,Half Yearly,100,56.0
1412,59,5,Telugu,Annual Exam,100,45.0
1413,59,6,Computer Science,Unit Test 1,25,17.5
1414,59,6,Computer Science,Unit Test 2,25,15.8
1415,59,6,Computer Science,Half Yearly,100,54.3
1416,59,6,Computer Science,Annual Exam,100,60.5
1417,60,1,Mathematics,Unit Test 1,25,16.2
1418,60,1,Mathematics,Unit Test 2,25,17.4
1419,60,1,Mathematics,Half Yearly,100,64.4
1420,60,1,Mathematics,Annual Exam,100,81.0
1421,60,2,Science,Unit Test 1,25,20.0
1422,60,2,Science,Unit Test 2,25,22.3
1423,60,2,Science,Half Yearly,100,62.5
1424,60,2,Science,Annual Exam,100,75.0
1425,60,3,English,Unit Test 1,25,15.2
1426,60,3,English,Unit Test 2,25,13.3
1427,60,3,English,Half Yearly,100,70.7
1428,60,3,English,Annual Exam,100,61.3
1429,60,4,Social Studies,Unit Test 1,25,20.2
1430,60,4,Social Studies,Unit Test 2,25,18.2
1431,60,4,Social Studies,Half Yearly,100,66.1
1432,60,4,Social Studies,Annual Exam,100,65.2
1433,60,5,Telugu,Unit Test 1,25,20.3
1434,60,5,Telugu,Unit Test 2,25,15.6
1435,60,5,Telugu,Half Yearly,100,62.7
1436,60,5,Telugu,Annual Exam,100,58.2
1437,60,6,Computer Science,Unit Test 1,25,17.7
1438,60,6,Computer Science,Unit Test 2,25,16.1
1439,60,6,Computer Science,Half Yearly,100,64.2
1440,60,6,Computer Science,Annual Exam,100,63.0
1441,61,7,Mathematics,Unit Test 1,25,12.5
1442,61,7,Mathematics,Unit Test 2,25,9.6
1443,61,7,Mathematics,Half Yearly,100,47.4
1444,61,7,Mathematics,Annual Exam,100,66.2
1445,61,8,Science,Unit Test 1,25,14.0
1446,61,8,Science,Unit Test 2,25,13.3
1447,61,8,Science,Half Yearly,100,59.9
1448,61,8,Science,Annual Exam,100,52.5
1449,61,9,English,Unit Test 1,25,11.0
1450,61,9,English,Unit Test 2,25,14.9
1451,61,9,English,Half Yearly,100,57.7
1452,61,9,English,Annual Exam,100,50.4
1453,61,10,Social Studies,Unit Test 1,25,14.6
1454,61,10,Social Studies,Unit Test 2,25,11.1
1455,61,10,Social Studies,Half Yearly,100,48.5
1456,61,10,Social Studies,Annual Exam,100,61.9
1457,61,11,Telugu,Unit Test 1,25,10.9
1458,61,11,Telugu,Unit Test 2,25,11.0
1459,61,11,Telugu,Half Yearly,100,48.2
1460,61,11,Telugu,Annual Exam,100,41.7
1461,61,12,Computer Science,Unit Test 1,25,14.2
1462,61,12,Computer Science,Unit Test 2,25,9.6
1463,61,12,Computer Science,Half Yearly,100,64.6
1464,61,12,Computer Science,Annual Exam,100,45.7
1465,62,7,Mathematics,Unit Test 1,25,15.3
1466,62,7,Mathematics,Unit Test 2,25,14.9
1467,62,7,Mathematics,Half Yearly,100,79.7
1468,62,7,Mathematics,Annual Exam,100,63.4
1469,62,8,Science,Unit Test 1,25,15.3
1470,62,8,Science,Unit Test 2,25,14.8
1471,62,8,Science,Half Yearly,100,62.2
1472,62,8,Science,Annual Exam,100,64.5
1473,62,9,English,Unit Test 1,25,20.0
1474,62,9,English,Unit Test 2,25,21.9
1475,62,9,English,Half Yearly,100,66.5
1476,62,9,English,Annual Exam,100,73.5
1477,62,10,Social Studies,Unit Test 1,25,21.1
1478,62,10,Social Studies,Unit Test 2,25,19.9
1479,62,10,Social Studies,Half Yearly,100,79.7
1480,62,10,Social Studies,Annual Exam,100,76.1
1481,62,11,Telugu,Unit Test 1,25,15.7
1482,62,11,Telugu,Unit Test 2,25,18.2
1483,62,11,Telugu,Half Yearly,100,74.7
1484,62,11,Telugu,Annual Exam,100,71.3
1485,62,12,Computer Science,Unit Test 1,25,22.0
1486,62,12,Computer Science,Unit Test 2,25,19.4
1487,62,12,Computer Science,Half Yearly,100,72.2
1488,62,12,Computer Science,Annual Exam,100,82.4
1489,63,7,Mathematics,Unit Test 1,25,10.2
1490,63,7,Mathematics,Unit Test 2,25,10.5
1491,63,7,Mathematics,Half Yearly,100,37.9
1492,63,7,Mathematics,Annual Exam,100,43.6
1493,63,8,Science,Unit Test 1,25,10.5
1494,63,8,Science,Unit Test 2,25,13.6
1495,63,8,Science,Half Yearly,100,39.0
1496,63,8,Science,Annual Exam,100,48.7
1497,63,9,English,Unit Test 1,25,7.9
1498,63,9,English,Unit Test 2,25,6.4
1499,63,9,English,Half Yearly,100,52.2
1500,63,9,English,Annual Exam,100,51.5
1501,63,10,Social Studies,Unit Test 1,25,15.1
1502,63,10,Social Studies,Unit Test 2,25,14.3
1503,63,10,Social Studies,Half Yearly,100,35.9
1504,63,10,Social Studies,Annual Exam,100,48.3
1505,63,11,Telugu,Unit Test 1,25,12.0
1506,63,11,Telugu,Unit Test 2,25,9.5
1507,63,11,Telugu,Half Yearly,100,58.6
1508,63,11,Telugu,Annual Exam,100,32.9
1509,63,12,Computer Science,Unit Test 1,25,11.4
1510,63,12,Computer Science,Unit Test 2,25,15.8
1511,63,12,Computer Science,Half Yearly,100,53.2
1512,63,12,Computer Science,Annual Exam,100,44.4
1513,64,7,Mathematics,Unit Test 1,25,23.8
1514,64,7,Mathematics,Unit Test 2,25,25.0
1515,64,7,Mathematics,Half Yearly,100,98.8
1516,64,7,Mathematics,Annual Exam,100,95.8
1517,64,8,Science,Unit Test 1,25,20.4
1518,64,8,Science,Unit Test 2,25,21.2
1519,64,8,Science,Half Yearly,100,93.4
1520,64,8,Science,Annual Exam,100,87.3
1521,64,9,English,Unit Test 1,25,25.0
1522,64,9,English,Unit Test 2,25,23.9
1523,64,9,English,Half Yearly,100,95.8
1524,64,9,English,Annual Exam,100,85.7
1525,64,10,Social Studies,Unit Test 1,25,24.5
1526,64,10,Social Studies,Unit Test 2,25,19.3
1527,64,10,Social Studies,Half Yearly,100,91.9
1528,64,10,Social Studies,Annual Exam,100,73.0
1529,64,11,Telugu,Unit Test 1,25,22.4
1530,64,11,Telugu,Unit Test 2,25,21.1
1531,64,11,Telugu,Half Yearly,100,83.3
1532,64,11,Telugu,Annual Exam,100,81.1
1533,64,12,Computer Science,Unit Test 1,25,18.9
1534,64,12,Computer Science,Unit Test 2,25,18.2
1535,64,12,Computer Science,Half Yearly,100,90.0
1536,64,12,Computer Science,Annual Exam,100,72.5
1537,65,7,Mathematics,Unit Test 1,25,15.2
1538,65,7,Mathematics,Unit Test 2,25,12.9
1539,65,7,Mathematics,Half Yearly,100,59.2
1540,65,7,Mathematics,Annual Exam,100,60.2
1541,65,8,Science,Unit Test 1,25,16.6
1542,65,8,Science,Unit Test 2,25,14.5
1543,65,8,Science,Half Yearly,100,57.2
1544,65,8,Science,Annual Exam,100,52.0
1545,65,9,English,Unit Test 1,25,12.7
1546,65,9,English,Unit Test 2,25,18.3
1547,65,9,English,Half Yearly,100,62.5
1548,65,9,English,Annual Exam,100,70.4
1549,65,10,Social Studies,Unit Test 1,25,17.4
1550,65,10,Social Studies,Unit Test 2,25,16.6
1551,65,10,Social Studies,Half Yearly,100,53.5
1552,65,10,Social Studies,Annual Exam,100,76.0
1553,65,11,Telugu,Unit Test 1,25,17.1
1554,65,11,Telugu,Unit Test 2,25,20.1
1555,65,11,Telugu,Half Yearly,100,70.7
1556,65,11,Telugu,Annual Exam,100,68.5
1557,65,12,Computer Science,Unit Test 1,25,13.8
1558,65,12,Computer Science,Unit Test 2,25,16.5
1559,65,12,Computer Science,Half Yearly,100,58.9
1560,65,12,Computer Science,Annual Exam,100,59.7
1561,66,7,Mathematics,Unit Test 1,25,8.5
1562,66,7,Mathematics,Unit Test 2,25,7.2
1563,66,7,Mathematics,Half Yearly,100,33.6
1564,66,7,Mathematics,Annual Exam,100,31.7
1565,66,8,Science,Unit Test 1,25,4.5
1566,66,8,Science,Unit Test 2,25,5.6
1567,66,8,Science,Half Yearly,100,35.5
1568,66,8,Science,Annual Exam,100,18.3
1569,66,9,English,Unit Test 1,25,5.8
1570,66,9,English,Unit Test 2,25,6.7
1571,66,9,English,Half Yearly,100,44.1
1572,66,9,English,Annual Exam,100,31.5
1573,66,10,Social Studies,Unit Test 1,25,8.1
1574,66,10,Social Studies,Unit Test 2,25,6.2
1575,66,10,Social Studies,Half Yearly,100,40.0
1576,66,10,Social Studies,Annual Exam,100,20.1
1577,66,11,Telugu,Unit Test 1,25,7.7
1578,66,11,Telugu,Unit Test 2,25,11.1
1579,66,11,Telugu,Half Yearly,100,28.5
1580,66,11,Telugu,Annual Exam,100,47.5
1581,66,12,Computer Science,Unit Test 1,25,7.5
1582,66,12,Computer Science,Unit Test 2,25,6.4
1583,66,12,Computer Science,Half Yearly,100,18.8
1584,66,12,Computer Science,Annual Exam,100,32.9
1585,67,7,Mathematics,Unit Test 1,25,16.5
1586,67,7,Mathematics,Unit Test 2,25,16.8
1587,67,7,Mathematics,Half Yearly,100,62.7
1588,67,7,Mathematics,Annual Exam,100,55.4
1589,67,8,Science,Unit Test 1,25,15.0
1590,67,8,Science,Unit Test 2,25,18.0
1591,67,8,Science,Half Yearly,100,68.4
1592,67,8,Science,Annual Exam,100,75.5
1593,67,9,English,Unit Test 1,25,16.5
1594,67,9,English,Unit Test 2,25,18.0
1595,67,9,English,Half Yearly,100,62.8
1596,67,9,English,Annual Exam,100,70.4
1597,67,10,Social Studies,Unit Test 1,25,17.2
1598,67,10,Social Studies,Unit Test 2,25,17.6
1599,67,10,Social Studies,Half Yearly,100,78.9
1600,67,10,Social Studies,Annual Exam,100,66.2
1601,67,11,Telugu,Unit Test 1,25,13.4
1602,67,11,Telugu,Unit Test 2,25,16.4
1603,67,11,Telugu,Half Yearly,100,63.8
1604,67,11,Telugu,Annual Exam,100,59.5
1605,67,12,Computer Science,Unit Test 1,25,13.4
1606,67,12,Computer Science,Unit Test 2,25,14.1
1607,67,12,Computer Science,Half Yearly,100,66.0
1608,67,12,Computer Science,Annual Exam,100,61.5
1609,68,7,Mathematics,Unit Test 1,25,18.7
1610,68,7,Mathematics,Unit Test 2,25,15.2
1611,68,7,Mathematics,Half Yearly,100,60.2
1612,68,7,Mathematics,Annual Exam,100,68.8
1613,68,8,Science,Unit Test 1,25,22.6
1614,68,8,Science,Unit Test 2,25,22.0
1615,68,8,Science,Half Yearly,100,88.0
1616,68,8,Science,Annual Exam,100,92.9
1617,68,9,English,Unit Test 1,25,22.2
1618,68,9,English,Unit Test 2,25,20.4
1619,68,9,English,Half Yearly,100,92.5
1620,68,9,English,Annual Exam,100,82.4
1621,68,10,Social Studies,Unit Test 1,25,21.4
1622,68,10,Social Studies,Unit Test 2,25,17.2
1623,68,10,Social Studies,Half Yearly,100,81.8
1624,68,10,Social Studies,Annual Exam,100,85.5
1625,68,11,Telugu,Unit Test 1,25,17.3
1626,68,11,Telugu,Unit Test 2,25,16.3
1627,68,11,Telugu,Half Yearly,100,57.9
1628,68,11,Telugu,Annual Exam,100,71.1
1629,68,12,Computer Science,Unit Test 1,25,21.7
1630,68,12,Computer Science,Unit Test 2,25,18.8
1631,68,12,Computer Science,Half Yearly,100,86.3
1632,68,12,Computer Science,Annual Exam,100,83.8
1633,69,7,Mathematics,Unit Test 1,25,22.8
1634,69,7,Mathematics,Unit Test 2,25,17.7
1635,69,7,Mathematics,Half Yearly,100,80.3
1636,69,7,Mathematics,Annual Exam,100,74.8
1637,69,8,Science,Unit Test 1,25,19.6
1638,69,8,Science,Unit Test 2,25,23.0
1639,69,8,Science,Half Yearly,100,79.9
1640,69,8,Science,Annual Exam,100,86.6
1641,69,9,English,Unit Test 1,25,14.8
1642,69,9,English,Unit Test 2,25,20.8
1643,69,9,English,Half Yearly,100,82.1
1644,69,9,English,Annual Exam,100,65.0
1645,69,10,Social Studies,Unit Test 1,25,20.0
1646,69,10,Social Studies,Unit Test 2,25,19.7
1647,69,10,Social Studies,Half Yearly,100,67.7
1648,69,10,Social Studies,Annual Exam,100,70.7
1649,69,11,Telugu,Unit Test 1,25,19.2
1650,69,11,Telugu,Unit Test 2,25,21.0
1651,69,11,Telugu,Half Yearly,100,90.3
1652,69,11,Telugu,Annual Exam,100,84.2
1653,69,12,Computer Science,Unit Test 1,25,20.6
1654,69,12,Computer Science,Unit Test 2,25,21.9
1655,69,12,Computer Science,Half Yearly,100,86.6
1656,69,12,Computer Science,Annual Exam,100,69.7
1657,70,7,Mathematics,Unit Test 1,25,20.8
1658,70,7,Mathematics,Unit Test 2,25,21.7
1659,70,7,Mathematics,Half Yearly,100,85.2
1660,70,7,Mathematics,Annual Exam,100,97.6
1661,70,8,Science,Unit Test 1,25,20.8
1662,70,8,Science,Unit Test 2,25,23.2
1663,70,8,Science,Half Yearly,100,82.3
1664,70,8,Science,Annual Exam,100,85.9
1665,70,9,English,Unit Test 1,25,22.8
1666,70,9,English,Unit Test 2,25,24.8
1667,70,9,English,Half Yearly,100,100.0
1668,70,9,English,Annual Exam,100,93.0
1669,70,10,Social Studies,Unit Test 1,25,22.2
1670,70,10,Social Studies,Unit Test 2,25,20.8
1671,70,10,Social Studies,Half Yearly,100,80.6
1672,70,10,Social Studies,Annual Exam,100,54.8
1673,70,11,Telugu,Unit Test 1,25,25.0
1674,70,11,Telugu,Unit Test 2,25,25.0
1675,70,11,Telugu,Half Yearly,100,100.0
1676,70,11,Telugu,Annual Exam,100,100.0
1677,70,12,Computer Science,Unit Test 1,25,22.6
1678,70,12,Computer Science,Unit Test 2,25,24.8
1679,70,12,Computer Science,Half Yearly,100,86.7
1680,70,12,Computer Science,Annual Exam,100,100.0
1681,71,7,Mathematics,Unit Test 1,25,22.4
1682,71,7,Mathematics,Unit Test 2,25,16.0
1683,71,7,Mathematics,Half Yearly,100,75.8
1684,71,7,Mathematics,Annual Exam,100,72.5
1685,71,8,Science,Unit Test 1,25,20.1
1686,71,8,Science,Unit Test 2,25,18.5
1687,71,8,Science,Half Yearly,100,75.7
1688,71,8,Science,Annual Exam,100,66.2
1689,71,9,English,Unit Test 1,25,22.6
1690,71,9,English,Unit Test 2,25,23.7
1691,71,9,English,Half Yearly,100,79.3
1692,71,9,English,Annual Exam,100,82.3
1693,71,10,Social Studies,Unit Test 1,25,22.9
1694,71,10,Social Studies,Unit Test 2,25,23.6
1695,71,10,Social Studies,Half Yearly,100,100.0
1696,71,10,Social Studies,Annual Exam,100,93.1
1697,71,11,Telugu,Unit Test 1,25,23.4
1698,71,11,Telugu,Unit Test 2,25,20.7
1699,71,11,Telugu,Half Yearly,100,82.9
1700,71,11,Telugu,Annual Exam,100,86.7
1701,71,12,Computer Science,Unit Test 1,25,18.6
1702,71,12,Computer Science,Unit Test 2,25,15.7
1703,71,12,Computer Science,Half Yearly,100,80.6
1704,71,12,Computer Science,Annual Exam,100,78.3
1705,72,7,Mathematics,Unit Test 1,25,10.7
1706,72,7,Mathematics,Unit Test 2,25,13.1
1707,72,7,Mathematics,Half Yearly,100,52.0
1708,72,7,Mathematics,Annual Exam,100,64.0
1709,72,8,Science,Unit Test 1,25,16.6
1710,72,8,Science,Unit Test 2,25,16.1
1711,72,8,Science,Half Yearly,100,76.7
1712,72,8,Science,Annual Exam,100,74.2
1713,72,9,English,Unit Test 1,25,18.7
1714,72,9,English,Unit Test 2,25,22.3
1715,72,9,English,Half Yearly,100,77.0
1716,72,9,English,Annual Exam,100,71.5
1717,72,10,Social Studies,Unit Test 1,25,17.7
1718,72,10,Social Studies,Unit Test 2,25,16.9
1719,72,10,Social Studies,Half Yearly,100,66.4
1720,72,10,Social Studies,Annual Exam,100,75.2
1721,72,11,Telugu,Unit Test 1,25,11.3
1722,72,11,Telugu,Unit Test 2,25,12.5
1723,72,11,Telugu,Half Yearly,100,66.2
1724,72,11,Telugu,Annual Exam,100,51.9
1725,72,12,Computer Science,Unit Test 1,25,13.1
1726,72,12,Computer Science,Unit Test 2,25,11.8
1727,72,12,Computer Science,Half Yearly,100,63.1
1728,72,12,Computer Science,Annual Exam,100,70.5
1729,73,7,Mathematics,Unit Test 1,25,21.4
1730,73,7,Mathematics,Unit Test 2,25,25.0
1731,73,7,Mathematics,Half Yearly,100,84.3
1732,73,7,Mathematics,Annual Exam,100,89.6
1733,73,8,Science,Unit Test 1,25,25.0
1734,73,8,Science,Unit Test 2,25,25.0
1735,73,8,Science,Half Yearly,100,100.0
1736,73,8,Science,Annual Exam,100,100.0
1737,73,9,English,Unit Test 1,25,22.5
1738,73,9,English,Unit Test 2,25,25.0
1739,73,9,English,Half Yearly,100,91.4
1740,73,9,English,Annual Exam,100,86.1
1741,73,10,Social Studies,Unit Test 1,25,25.0
1742,73,10,Social Studies,Unit Test 2,25,25.0
1743,73,10,Social Studies,Half Yearly,100,100.0
1744,73,10,Social Studies,Annual Exam,100,100.0
1745,73,11,Telugu,Unit Test 1,25,23.3
1746,73,11,Telugu,Unit Test 2,25,19.7
1747,73,11,Telugu,Half Yearly,100,81.6
1748,73,11,Telugu,Annual Exam,100,90.0
1749,73,12,Computer Science,Unit Test 1,25,21.5
1750,73,12,Computer Science,Unit Test 2,25,25.0
1751,73,12,Computer Science,Half Yearly,100,89.2
1752,73,12,Computer Science,Annual Exam,100,99.5
1753,74,7,Mathematics,Unit Test 1,25,24.6
1754,74,7,Mathematics,Unit Test 2,25,25.0
1755,74,7,Mathematics,Half Yearly,100,100.0
1756,74,7,Mathematics,Annual Exam,100,100.0
1757,74,8,Science,Unit Test 1,25,22.9
1758,74,8,Science,Unit Test 2,25,25.0
1759,74,8,Science,Half Yearly,100,100.0
1760,74,8,Science,Annual Exam,100,100.0
1761,74,9,English,Unit Test 1,25,25.0
1762,74,9,English,Unit Test 2,25,25.0
1763,74,9,English,Half Yearly,100,100.0
1764,74,9,English,Annual Exam,100,100.0
1765,74,10,Social Studies,Unit Test 1,25,22.9
1766,74,10,Social Studies,Unit Test 2,25,19.8
1767,74,10,Social Studies,Half Yearly,100,76.3
1768,74,10,Social Studies,Annual Exam,100,94.3
1769,74,11,Telugu,Unit Test 1,25,25.0
1770,74,11,Telugu,Unit Test 2,25,25.0
1771,74,11,Telugu,Half Yearly,100,87.9
1772,74,11,Telugu,Annual Exam,100,100.0
1773,74,12,Computer Science,Unit Test 1,25,24.1
1774,74,12,Computer Science,Unit Test 2,25,23.3
1775,74,12,Computer Science,Half Yearly,100,90.2
1776,74,12,Computer Science,Annual Exam,100,73.2
1777,75,7,Mathematics,Unit Test 1,25,15.8
1778,75,7,Mathematics,Unit Test 2,25,16.0
1779,75,7,Mathematics,Half Yearly,100,66.4
1780,75,7,Mathematics,Annual Exam,100,74.3
1781,75,8,Science,Unit Test 1,25,18.0
1782,75,8,Science,Unit Test 2,25,16.9
1783,75,8,Science,Half Yearly,100,69.3
1784,75,8,Science,Annual Exam,100,80.7
1785,75,9,English,Unit Test 1,25,19.2
1786,75,9,English,Unit Test 2,25,17.0
1787,75,9,English,Half Yearly,100,98.5
1788,75,9,English,Annual Exam,100,61.8
1789,75,10,Social Studies,Unit Test 1,25,21.0
1790,75,10,Social Studies,Unit Test 2,25,22.7
1791,75,10,Social Studies,Half Yearly,100,84.2
1792,75,10,Social Studies,Annual Exam,100,84.7
1793,75,11,Telugu,Unit Test 1,25,21.3
1794,75,11,Telugu,Unit Test 2,25,16.9
1795,75,11,Telugu,Half Yearly,100,92.7
1796,75,11,Telugu,Annual Exam,100,91.4
1797,75,12,Computer Science,Unit Test 1,25,16.9
1798,75,12,Computer Science,Unit Test 2,25,18.1
1799,75,12,Computer Science,Half Yearly,100,66.7
1800,75,12,Computer Science,Annual Exam,100,65.5
1801,76,7,Mathematics,Unit Test 1,25,11.8
1802,76,7,Mathematics,Unit Test 2,25,12.4
1803,76,7,Mathematics,Half Yearly,100,61.3
1804,76,7,Mathematics,Annual Exam,100,56.9
1805,76,8,Science,Unit Test 1,25,14.8
1806,76,8,Science,Unit Test 2,25,12.6
1807,76,8,Science,Half Yearly,100,53.3
1808,76,8,Science,Annual Exam,100,53.2
1809,76,9,English,Unit Test 1,25,11.4
1810,76,9,English,Unit Test 2,25,6.2
1811,76,9,English,Half Yearly,100,37.7
1812,76,9,English,Annual Exam,100,44.0
1813,76,10,Social Studies,Unit Test 1,25,14.2
1814,76,10,Social Studies,Unit Test 2,25,12.9
1815,76,10,Social Studies,Half Yearly,100,46.5
1816,76,10,Social Studies,Annual Exam,100,35.3
1817,76,11,Telugu,Unit Test 1,25,9.6
1818,76,11,Telugu,Unit Test 2,25,5.9
1819,76,11,Telugu,Half Yearly,100,31.7
1820,76,11,Telugu,Annual Exam,100,27.3
1821,76,12,Computer Science,Unit Test 1,25,10.3
1822,76,12,Computer Science,Unit Test 2,25,11.4
1823,76,12,Computer Science,Half Yearly,100,53.0
1824,76,12,Computer Science,Annual Exam,100,32.7
1825,77,7,Mathematics,Unit Test 1,25,16.5
1826,77,7,Mathematics,Unit Test 2,25,15.3
1827,77,7,Mathematics,Half Yearly,100,63.6
1828,77,7,Mathematics,Annual Exam,100,73.1
1829,77,8,Science,Unit Test 1,25,18.3
1830,77,8,Science,Unit Test 2,25,19.4
1831,77,8,Science,Half Yearly,100,80.7
1832,77,8,Science,Annual Exam,100,75.0
1833,77,9,English,Unit Test 1,25,13.8
1834,77,9,English,Unit Test 2,25,19.5
1835,77,9,English,Half Yearly,100,60.0
1836,77,9,English,Annual Exam,100,55.2
1837,77,10,Social Studies,Unit Test 1,25,15.2
1838,77,10,Social Studies,Unit Test 2,25,16.2
1839,77,10,Social Studies,Half Yearly,100,48.8
1840,77,10,Social Studies,Annual Exam,100,42.4
1841,77,11,Telugu,Unit Test 1,25,17.0
1842,77,11,Telugu,Unit Test 2,25,14.6
1843,77,11,Telugu,Half Yearly,100,78.3
1844,77,11,Telugu,Annual Exam,100,72.3
1845,77,12,Computer Science,Unit Test 1,25,13.6
1846,77,12,Computer Science,Unit Test 2,25,18.2
1847,77,12,Computer Science,Half Yearly,100,71.1
1848,77,12,Computer Science,Annual Exam,100,62.9
1849,78,7,Mathematics,Unit Test 1,25,17.6
1850,78,7,Mathematics,Unit Test 2,25,21.2
1851,78,7,Mathematics,Half Yearly,100,94.7
1852,78,7,Mathematics,Annual Exam,100,86.9
1853,78,8,Science,Unit Test 1,25,16.9
1854,78,8,Science,Unit Test 2,25,20.4
1855,78,8,Science,Half Yearly,100,71.0
1856,78,8,Science,Annual Exam,100,77.5
1857,78,9,English,Unit Test 1,25,17.4
1858,78,9,English,Unit Test 2,25,17.4
1859,78,9,English,Half Yearly,100,71.0
1860,78,9,English,Annual Exam,100,70.8
1861,78,10,Social Studies,Unit Test 1,25,21.2
1862,78,10,Social Studies,Unit Test 2,25,18.3
1863,78,10,Social Studies,Half Yearly,100,67.8
1864,78,10,Social Studies,Annual Exam,100,81.3
1865,78,11,Telugu,Unit Test 1,25,14.7
1866,78,11,Telugu,Unit Test 2,25,21.5
1867,78,11,Telugu,Half Yearly,100,67.0
1868,78,11,Telugu,Annual Exam,100,75.6
1869,78,12,Computer Science,Unit Test 1,25,15.5
1870,78,12,Computer Science,Unit Test 2,25,19.9
1871,78,12,Computer Science,Half Yearly,100,83.5
1872,78,12,Computer Science,Annual Exam,100,88.3
1873,79,7,Mathematics,Unit Test 1,25,19.5
1874,79,7,Mathematics,Unit Test 2,25,20.1
1875,79,7,Mathematics,Half Yearly,100,91.1
1876,79,7,Mathematics,Annual Exam,100,83.0
1877,79,8,Science,Unit Test 1,25,18.2
1878,79,8,Science,Unit Test 2,25,18.4
1879,79,8,Science,Half Yearly,100,65.0
1880,79,8,Science,Annual Exam,100,87.8
1881,79,9,English,Unit Test 1,25,22.9
1882,79,9,English,Unit Test 2,25,21.2
1883,79,9,English,Half Yearly,100,97.0
1884,79,9,English,Annual Exam,100,95.2
1885,79,10,Social Studies,Unit Test 1,25,17.2
1886,79,10,Social Studies,Unit Test 2,25,19.7
1887,79,10,Social Studies,Half Yearly,100,71.1
1888,79,10,Social Studies,Annual Exam,100,82.2
1889,79,11,Telugu,Unit Test 1,25,19.3
1890,79,11,Telugu,Unit Test 2,25,18.1
1891,79,11,Telugu,Half Yearly,100,71.9
1892,79,11,Telugu,Annual Exam,100,69.9
1893,79,12,Computer Science,Unit Test 1,25,23.2
1894,79,12,Computer Science,Unit Test 2,25,19.0
1895,79,12,Computer Science,Half Yearly,100,75.7
1896,79,12,Computer Science,Annual Exam,100,88.3
1897,80,7,Mathematics,Unit Test 1,25,12.4
1898,80,7,Mathematics,Unit Test 2,25,11.5
1899,80,7,Mathematics,Half Yearly,100,61.1
1900,80,7,Mathematics,Annual Exam,100,56.5
1901,80,8,Science,Unit Test 1,25,14.7
1902,80,8,Science,Unit Test 2,25,14.7
1903,80,8,Science,Half Yearly,100,52.1
1904,80,8,Science,Annual Exam,100,66.7
1905,80,9,English,Unit Test 1,25,22.7
1906,80,9,English,Unit Test 2,25,23.4
1907,80,9,English,Half Yearly,100,77.4
1908,80,9,English,Annual Exam,100,82.2
1909,80,10,Social Studies,Unit Test 1,25,15.8
1910,80,10,Social Studies,Unit Test 2,25,14.4
1911,80,10,Social Studies,Half Yearly,100,78.0
1912,80,10,Social Studies,Annual Exam,100,66.5
1913,80,11,Telugu,Unit Test 1,25,17.2
1914,80,11,Telugu,Unit Test 2,25,20.2
1915,80,11,Telugu,Half Yearly,100,63.7
1916,80,11,Telugu,Annual Exam,100,74.4
1917,80,12,Computer Science,Unit Test 1,25,19.4
1918,80,12,Computer Science,Unit Test 2,25,14.2
1919,80,12,Computer Science,Half Yearly,100,59.3
1920,80,12,Computer Science,Annual Exam,100,80.1
1921,81,7,Mathematics,Unit Test 1,25,10.0
1922,81,7,Mathematics,Unit Test 2,25,13.5
1923,81,7,Mathematics,Half Yearly,100,51.7
1924,81,7,Mathematics,Annual Exam,100,52.3
1925,81,8,Science,Unit Test 1,25,13.1
1926,81,8,Science,Unit Test 2,25,12.1
1927,81,8,Science,Half Yearly,100,64.3
1928,81,8,Science,Annual Exam,100,49.7
1929,81,9,English,Unit Test 1,25,11.0
1930,81,9,English,Unit Test 2,25,13.4
1931,81,9,English,Half Yearly,100,42.4
1932,81,9,English,Annual Exam,100,66.5
1933,81,10,Social Studies,Unit Test 1,25,15.3
1934,81,10,Social Studies,Unit Test 2,25,16.7
1935,81,10,Social Studies,Half Yearly,100,55.3
1936,81,10,Social Studies,Annual Exam,100,50.2
1937,81,11,Telugu,Unit Test 1,25,14.5
1938,81,11,Telugu,Unit Test 2,25,14.0
1939,81,11,Telugu,Half Yearly,100,48.4
1940,81,11,Telugu,Annual Exam,100,58.0
1941,81,12,Computer Science,Unit Test 1,25,10.3
1942,81,12,Computer Science,Unit Test 2,25,10.2
1943,81,12,Computer Science,Half Yearly,100,40.3
1944,81,12,Computer Science,Annual Exam,100,53.9
1945,82,7,Mathematics,Unit Test 1,25,25.0
1946,82,7,Mathematics,Unit Test 2,25,22.8
1947,82,7,Mathematics,Half Yearly,100,89.7
1948,82,7,Mathematics,Annual Exam,100,94.1
1949,82,8,Science,Unit Test 1,25,21.2
1950,82,8,Science,Unit Test 2,25,18.2
1951,82,8,Science,Half Yearly,100,87.0
1952,82,8,Science,Annual Exam,100,82.9
1953,82,9,English,Unit Test 1,25,17.3
1954,82,9,English,Unit Test 2,25,17.3
1955,82,9,English,Half Yearly,100,64.3
1956,82,9,English,Annual Exam,100,64.3
1957,82,10,Social Studies,Unit Test 1,25,20.3
1958,82,10,Social Studies,Unit Test 2,25,20.1
1959,82,10,Social Studies,Half Yearly,100,68.1
1960,82,10,Social Studies,Annual Exam,100,96.0
1961,82,11,Telugu,Unit Test 1,25,19.2
1962,82,11,Telugu,Unit Test 2,25,15.3
1963,82,11,Telugu,Half Yearly,100,76.8
1964,82,11,Telugu,Annual Exam,100,64.4
1965,82,12,Computer Science,Unit Test 1,25,17.8
1966,82,12,Computer Science,Unit Test 2,25,18.9
1967,82,12,Computer Science,Half Yearly,100,82.0
1968,82,12,Computer Science,Annual Exam,100,62.2
1969,83,7,Mathematics,Unit Test 1,25,21.4
1970,83,7,Mathematics,Unit Test 2,25,20.8
1971,83,7,Mathematics,Half Yearly,100,92.4
1972,83,7,Mathematics,Annual Exam,100,86.6
1973,83,8,Science,Unit Test 1,25,22.7
1974,83,8,Science,Unit Test 2,25,24.8
1975,83,8,Science,Half Yearly,100,100.0
1976,83,8,Science,Annual Exam,100,100.0
1977,83,9,English,Unit Test 1,25,22.1
1978,83,9,English,Unit Test 2,25,23.0
1979,83,9,English,Half Yearly,100,93.2
1980,83,9,English,Annual Exam,100,99.6
1981,83,10,Social Studies,Unit Test 1,25,25.0
1982,83,10,Social Studies,Unit Test 2,25,23.6
1983,83,10,Social Studies,Half Yearly,100,97.9
1984,83,10,Social Studies,Annual Exam,100,95.3
1985,83,11,Telugu,Unit Test 1,25,18.8
1986,83,11,Telugu,Unit Test 2,25,20.1
1987,83,11,Telugu,Half Yearly,100,76.1
1988,83,11,Telugu,Annual Exam,100,82.6
1989,83,12,Computer Science,Unit Test 1,25,18.8
1990,83,12,Computer Science,Unit Test 2,25,17.5
1991,83,12,Computer Science,Half Yearly,100,69.7
1992,83,12,Computer Science,Annual Exam,100,82.0
1993,84,7,Mathematics,Unit Test 1,25,19.1
1994,84,7,Mathematics,Unit Test 2,25,20.8
1995,84,7,Mathematics,Half Yearly,100,74.4
1996,84,7,Mathematics,Annual Exam,100,84.9
1997,84,8,Science,Unit Test 1,25,21.1
1998,84,8,Science,Unit Test 2,25,21.6
1999,84,8,Science,Half Yearly,100,84.0
2000,84,8,Science,Annual Exam,100,80.7
2001,84,9,English,Unit Test 1,25,21.1
2002,84,9,English,Unit Test 2,25,20.9
2003,84,9,English,Half Yearly,100,88.3
2004,84,9,English,Annual Exam,100,78.8
2005,84,10,Social Studies,Unit Test 1,25,22.9
2006,84,10,Social Studies,Unit Test 2,25,21.1
2007,84,10,Social Studies,Half Yearly,100,80.9
2008,84,10,Social Studies,Annual Exam,100,79.5
2009,84,11,Telugu,Unit Test 1,25,21.7
2010,84,11,Telugu,Unit Test 2,25,22.7
2011,84,11,Telugu,Half Yearly,100,80.8
2012,84,11,Telugu,Annual Exam,100,88.3
2013,84,12,Computer Science,Unit Test 1,25,14.9
2014,84,12,Computer Science,Unit Test 2,25,22.0
2015,84,12,Computer Science,Half Yearly,100,72.0
2016,84,12,Computer Science,Annual Exam,100,70.8
2017,85,7,Mathematics,Unit Test 1,25,10.8
2018,85,7,Mathematics,Unit Test 2,25,11.4
2019,85,7,Mathematics,Half Yearly,100,41.2
2020,85,7,Mathematics,Annual Exam,100,53.6
2021,85,8,Science,Unit Test 1,25,15.2
2022,85,8,Science,Unit Test 2,25,16.0
2023,85,8,Science,Half Yearly,100,74.8
2024,85,8,Science,Annual Exam,100,61.3
2025,85,9,English,Unit Test 1,25,12.7
2026,85,9,English,Unit Test 2,25,15.1
2027,85,9,English,Half Yearly,100,55.5
2028,85,9,English,Annual Exam,100,69.5
2029,85,10,Social Studies,Unit Test 1,25,18.3
2030,85,10,Social Studies,Unit Test 2,25,19.3
2031,85,10,Social Studies,Half Yearly,100,67.6
2032,85,10,Social Studies,Annual Exam,100,56.7
2033,85,11,Telugu,Unit Test 1,25,13.3
2034,85,11,Telugu,Unit Test 2,25,14.7
2035,85,11,Telugu,Half Yearly,100,76.1
2036,85,11,Telugu,Annual Exam,100,51.0
2037,85,12,Computer Science,Unit Test 1,25,14.4
2038,85,12,Computer Science,Unit Test 2,25,17.3
2039,85,12,Computer Science,Half Yearly,100,65.3
2040,85,12,Computer Science,Annual Exam,100,80.5
2041,86,7,Mathematics,Unit Test 1,25,19.5
2042,86,7,Mathematics,Unit Test 2,25,22.2
2043,86,7,Mathematics,Half Yearly,100,67.4
2044,86,7,Mathematics,Annual Exam,100,82.3
2045,86,8,Science,Unit Test 1,25,15.1
2046,86,8,Science,Unit Test 2,25,16.5
2047,86,8,Science,Half Yearly,100,76.0
2048,86,8,Science,Annual Exam,100,71.1
2049,86,9,English,Unit Test 1,25,15.9
2050,86,9,English,Unit Test 2,25,15.1
2051,86,9,English,Half Yearly,100,63.5
2052,86,9,English,Annual Exam,100,58.3
2053,86,10,Social Studies,Unit Test 1,25,14.5
2054,86,10,Social Studies,Unit Test 2,25,17.3
2055,86,10,Social Studies,Half Yearly,100,73.0
2056,86,10,Social Studies,Annual Exam,100,88.2
2057,86,11,Telugu,Unit Test 1,25,15.9
2058,86,11,Telugu,Unit Test 2,25,17.8
2059,86,11,Telugu,Half Yearly,100,72.7
2060,86,11,Telugu,Annual Exam,100,65.9
2061,86,12,Computer Science,Unit Test 1,25,18.1
2062,86,12,Computer Science,Unit Test 2,25,16.5
2063,86,12,Computer Science,Half Yearly,100,68.3
2064,86,12,Computer Science,Annual Exam,100,63.7
2065,87,7,Mathematics,Unit Test 1,25,15.6
2066,87,7,Mathematics,Unit Test 2,25,11.0
2067,87,7,Mathematics,Half Yearly,100,64.2
2068,87,7,Mathematics,Annual Exam,100,56.4
2069,87,8,Science,Unit Test 1,25,16.4
2070,87,8,Science,Unit Test 2,25,13.4
2071,87,8,Science,Half Yearly,100,64.4
2072,87,8,Science,Annual Exam,100,42.1
2073,87,9,English,Unit Test 1,25,12.3
2074,87,9,English,Unit Test 2,25,8.8
2075,87,9,English,Half Yearly,100,40.8
2076,87,9,English,Annual Exam,100,45.1
2077,87,10,Social Studies,Unit Test 1,25,8.1
2078,87,10,Social Studies,Unit Test 2,25,8.6
2079,87,10,Social Studies,Half Yearly,100,38.9
2080,87,10,Social Studies,Annual Exam,100,39.3
2081,87,11,Telugu,Unit Test 1,25,13.2
2082,87,11,Telugu,Unit Test 2,25,11.4
2083,87,11,Telugu,Half Yearly,100,48.1
2084,87,11,Telugu,Annual Exam,100,38.1
2085,87,12,Computer Science,Unit Test 1,25,8.5
2086,87,12,Computer Science,Unit Test 2,25,9.8
2087,87,12,Computer Science,Half Yearly,100,51.1
2088,87,12,Computer Science,Annual Exam,100,51.9
2089,88,7,Mathematics,Unit Test 1,25,15.9
2090,88,7,Mathematics,Unit Test 2,25,18.0
2091,88,7,Mathematics,Half Yearly,100,72.5
2092,88,7,Mathematics,Annual Exam,100,68.5
2093,88,8,Science,Unit Test 1,25,15.3
2094,88,8,Science,Unit Test 2,25,14.9
2095,88,8,Science,Half Yearly,100,53.7
2096,88,8,Science,Annual Exam,100,54.7
2097,88,9,English,Unit Test 1,25,15.2
2098,88,9,English,Unit Test 2,25,15.1
2099,88,9,English,Half Yearly,100,62.8
2100,88,9,English,Annual Exam,100,53.3
2101,88,10,Social Studies,Unit Test 1,25,13.0
2102,88,10,Social Studies,Unit Test 2,25,10.2
2103,88,10,Social Studies,Half Yearly,100,59.4
2104,88,10,Social Studies,Annual Exam,100,51.2
2105,88,11,Telugu,Unit Test 1,25,16.9
2106,88,11,Telugu,Unit Test 2,25,15.3
2107,88,11,Telugu,Half Yearly,100,60.5
2108,88,11,Telugu,Annual Exam,100,68.0
2109,88,12,Computer Science,Unit Test 1,25,12.3
2110,88,12,Computer Science,Unit Test 2,25,11.2
2111,88,12,Computer Science,Half Yearly,100,62.2
2112,88,12,Computer Science,Annual Exam,100,54.5
2113,89,7,Mathematics,Unit Test 1,25,25.0
2114,89,7,Mathematics,Unit Test 2,25,25.0
2115,89,7,Mathematics,Half Yearly,100,100.0
2116,89,7,Mathematics,Annual Exam,100,100.0
2117,89,8,Science,Unit Test 1,25,23.2
2118,89,8,Science,Unit Test 2,25,20.7
2119,89,8,Science,Half Yearly,100,81.3
2120,89,8,Science,Annual Exam,100,95.3
2121,89,9,English,Unit Test 1,25,22.8
2122,89,9,English,Unit Test 2,25,25.0
2123,89,9,English,Half Yearly,100,95.8
2124,89,9,English,Annual Exam,100,88.0
2125,89,10,Social Studies,Unit Test 1,25,22.9
2126,89,10,Social Studies,Unit Test 2,25,18.5
2127,89,10,Social Studies,Half Yearly,100,70.0
2128,89,10,Social Studies,Annual Exam,100,83.3
2129,89,11,Telugu,Unit Test 1,25,19.2
2130,89,11,Telugu,Unit Test 2,25,19.6
2131,89,11,Telugu,Half Yearly,100,82.5
2132,89,11,Telugu,Annual Exam,100,78.4
2133,89,12,Computer Science,Unit Test 1,25,25.0
2134,89,12,Computer Science,Unit Test 2,25,25.0
2135,89,12,Computer Science,Half Yearly,100,96.3
2136,89,12,Computer Science,Annual Exam,100,100.0
2137,90,7,Mathematics,Unit Test 1,25,20.9
2138,90,7,Mathematics,Unit Test 2,25,25.0
2139,90,7,Mathematics,Half Yearly,100,70.1
2140,90,7,Mathematics,Annual Exam,100,66.8
2141,90,8,Science,Unit Test 1,25,23.7
2142,90,8,Science,Unit Test 2,25,18.2
2143,90,8,Science,Half Yearly,100,82.1
2144,90,8,Science,Annual Exam,100,74.3
2145,90,9,English,Unit Test 1,25,19.7
2146,90,9,English,Unit Test 2,25,18.3
2147,90,9,English,Half Yearly,100,69.1
2148,90,9,English,Annual Exam,100,70.5
2149,90,10,Social Studies,Unit Test 1,25,21.3
2150,90,10,Social Studies,Unit Test 2,25,20.0
2151,90,10,Social Studies,Half Yearly,100,84.9
2152,90,10,Social Studies,Annual Exam,100,67.3
2153,90,11,Telugu,Unit Test 1,25,22.7
2154,90,11,Telugu,Unit Test 2,25,19.6
2155,90,11,Telugu,Half Yearly,100,86.8
2156,90,11,Telugu,Annual Exam,100,89.4
2157,90,12,Computer Science,Unit Test 1,25,19.5
2158,90,12,Computer Science,Unit Test 2,25,22.1
2159,90,12,Computer Science,Half Yearly,100,92.6
2160,90,12,Computer Science,Annual Exam,100,83.0
2161,91,7,Mathematics,Unit Test 1,25,20.3
2162,91,7,Mathematics,Unit Test 2,25,25.0
2163,91,7,Mathematics,Half Yearly,100,82.3
2164,91,7,Mathematics,Annual Exam,100,95.2
2165,91,8,Science,Unit Test 1,25,20.3
2166,91,8,Science,Unit Test 2,25,22.3
2167,91,8,Science,Half Yearly,100,78.4
2168,91,8,Science,Annual Exam,100,75.2
2169,91,9,English,Unit Test 1,25,23.3
2170,91,9,English,Unit Test 2,25,24.8
2171,91,9,English,Half Yearly,100,92.5
2172,91,9,English,Annual Exam,100,84.2
2173,91,10,Social Studies,Unit Test 1,25,24.9
2174,91,10,Social Studies,Unit Test 2,25,23.9
2175,91,10,Social Studies,Half Yearly,100,90.4
2176,91,10,Social Studies,Annual Exam,100,95.0
2177,91,11,Telugu,Unit Test 1,25,20.2
2178,91,11,Telugu,Unit Test 2,25,25.0
2179,91,11,Telugu,Half Yearly,100,91.3
2180,91,11,Telugu,Annual Exam,100,92.6
2181,91,12,Computer Science,Unit Test 1,25,19.6
2182,91,12,Computer Science,Unit Test 2,25,20.5
2183,91,12,Computer Science,Half Yearly,100,88.7
2184,91,12,Computer Science,Annual Exam,100,83.7
2185,92,7,Mathematics,Unit Test 1,25,20.1
2186,92,7,Mathematics,Unit Test 2,25,24.1
2187,92,7,Mathematics,Half Yearly,100,99.4
2188,92,7,Mathematics,Annual Exam,100,79.7
2189,92,8,Science,Unit Test 1,25,25.0
2190,92,8,Science,Unit Test 2,25,25.0
2191,92,8,Science,Half Yearly,100,100.0
2192,92,8,Science,Annual Exam,100,100.0
2193,92,9,English,Unit Test 1,25,25.0
2194,92,9,English,Unit Test 2,25,25.0
2195,92,9,English,Half Yearly,100,99.8
2196,92,9,English,Annual Exam,100,100.0
2197,92,10,Social Studies,Unit Test 1,25,25.0
2198,92,10,Social Studies,Unit Test 2,25,25.0
2199,92,10,Social Studies,Half Yearly,100,99.1
2200,92,10,Social Studies,Annual Exam,100,97.2
2201,92,11,Telugu,Unit Test 1,25,20.6
2202,92,11,Telugu,Unit Test 2,25,25.0
2203,92,11,Telugu,Half Yearly,100,100.0
2204,92,11,Telugu,Annual Exam,100,85.1
2205,92,12,Computer Science,Unit Test 1,25,25.0
2206,92,12,Computer Science,Unit Test 2,25,23.6
2207,92,12,Computer Science,Half Yearly,100,100.0
2208,92,12,Computer Science,Annual Exam,100,100.0
2209,93,7,Mathematics,Unit Test 1,25,18.1
2210,93,7,Mathematics,Unit Test 2,25,14.8
2211,93,7,Mathematics,Half Yearly,100,57.3
2212,93,7,Mathematics,Annual Exam,100,72.2
2213,93,8,Science,Unit Test 1,25,19.0
2214,93,8,Science,Unit Test 2,25,16.1
2215,93,8,Science,Half Yearly,100,66.0
2216,93,8,Science,Annual Exam,100,70.5
2217,93,9,English,Unit Test 1,25,20.4
2218,93,9,English,Unit Test 2,25,19.6
2219,93,9,English,Half Yearly,100,86.3
2220,93,9,English,Annual Exam,100,79.4
2221,93,10,Social Studies,Unit Test 1,25,19.1
2222,93,10,Social Studies,Unit Test 2,25,19.2
2223,93,10,Social Studies,Half Yearly,100,70.6
2224,93,10,Social Studies,Annual Exam,100,67.9
2225,93,11,Telugu,Unit Test 1,25,13.4
2226,93,11,Telugu,Unit Test 2,25,16.0
2227,93,11,Telugu,Half Yearly,100,69.2
2228,93,11,Telugu,Annual Exam,100,78.9
2229,93,12,Computer Science,Unit Test 1,25,20.8
2230,93,12,Computer Science,Unit Test 2,25,18.3
2231,93,12,Computer Science,Half Yearly,100,71.8
2232,93,12,Computer Science,Annual Exam,100,65.9
2233,94,7,Mathematics,Unit Test 1,25,12.6
2234,94,7,Mathematics,Unit Test 2,25,12.9
2235,94,7,Mathematics,Half Yearly,100,46.2
2236,94,7,Mathematics,Annual Exam,100,40.0
2237,94,8,Science,Unit Test 1,25,8.4
2238,94,8,Science,Unit Test 2,25,11.0
2239,94,8,Science,Half Yearly,100,38.3
2240,94,8,Science,Annual Exam,100,49.8
2241,94,9,English,Unit Test 1,25,12.5
2242,94,9,English,Unit Test 2,25,10.4
2243,94,9,English,Half Yearly,100,64.0
2244,94,9,English,Annual Exam,100,54.0
2245,94,10,Social Studies,Unit Test 1,25,11.1
2246,94,10,Social Studies,Unit Test 2,25,11.4
2247,94,10,Social Studies,Half Yearly,100,37.8
2248,94,10,Social Studies,Annual Exam,100,42.8
2249,94,11,Telugu,Unit Test 1,25,10.3
2250,94,11,Telugu,Unit Test 2,25,13.6
2251,94,11,Telugu,Half Yearly,100,45.0
2252,94,11,Telugu,Annual Exam,100,48.2
2253,94,12,Computer Science,Unit Test 1,25,8.9
2254,94,12,Computer Science,Unit Test 2,25,8.2
2255,94,12,Computer Science,Half Yearly,100,32.9
2256,94,12,Computer Science,Annual Exam,100,35.4
2257,95,7,Mathematics,Unit Test 1,25,15.4
2258,95,7,Mathematics,Unit Test 2,25,17.0
2259,95,7,Mathematics,Half Yearly,100,66.2
2260,95,7,Mathematics,Annual Exam,100,62.4
2261,95,8,Science,Unit Test 1,25,16.9
2262,95,8,Science,Unit Test 2,25,18.4
2263,95,8,Science,Half Yearly,100,56.7
2264,95,8,Science,Annual Exam,100,61.6
2265,95,9,English,Unit Test 1,25,16.2
2266,95,9,English,Unit Test 2,25,17.7
2267,95,9,English,Half Yearly,100,59.1
2268,95,9,English,Annual Exam,100,59.6
2269,95,10,Social Studies,Unit Test 1,25,16.9
2270,95,10,Social Studies,Unit Test 2,25,15.1
2271,95,10,Social Studies,Half Yearly,100,58.3
2272,95,10,Social Studies,Annual Exam,100,72.7
2273,95,11,Telugu,Unit Test 1,25,16.3
2274,95,11,Telugu,Unit Test 2,25,18.1
2275,95,11,Telugu,Half Yearly,100,61.1
2276,95,11,Telugu,Annual Exam,100,65.4
2277,95,12,Computer Science,Unit Test 1,25,17.8
2278,95,12,Computer Science,Unit Test 2,25,16.1
2279,95,12,Computer Science,Half Yearly,100,45.8
2280,95,12,Computer Science,Annual Exam,100,67.8
2281,96,7,Mathematics,Unit Test 1,25,13.6
2282,96,7,Mathematics,Unit Test 2,25,15.0
2283,96,7,Mathematics,Half Yearly,100,42.2
2284,96,7,Mathematics,Annual Exam,100,42.2
2285,96,8,Science,Unit Test 1,25,16.4
2286,96,8,Science,Unit Test 2,25,18.4
2287,96,8,Science,Half Yearly,100,71.2
2288,96,8,Science,Annual Exam,100,69.5
2289,96,9,English,Unit Test 1,25,7.9
2290,96,9,English,Unit Test 2,25,13.0
2291,96,9,English,Half Yearly,100,52.5
2292,96,9,English,Annual Exam,100,34.2
2293,96,10,Social Studies,Unit Test 1,25,14.1
2294,96,10,Social Studies,Unit Test 2,25,13.1
2295,96,10,Social Studies,Half Yearly,100,48.4
2296,96,10,Social Studies,Annual Exam,100,42.4
2297,96,11,Telugu,Unit Test 1,25,13.3
2298,96,11,Telugu,Unit Test 2,25,12.3
2299,96,11,Telugu,Half Yearly,100,48.4
2300,96,11,Telugu,Annual Exam,100,54.9
2301,96,12,Computer Science,Unit Test 1,25,12.7
2302,96,12,Computer Science,Unit Test 2,25,8.9
2303,96,12,Computer Science,Half Yearly,100,49.2
2304,96,12,Computer Science,Annual Exam,100,46.1
2305,97,7,Mathematics,Unit Test 1,25,3.9
2306,97,7,Mathematics,Unit Test 2,25,4.1
2307,97,7,Mathematics,Half Yearly,100,36.9
2308,97,7,Mathematics,Annual Exam,100,24.5
2309,97,8,Science,Unit Test 1,25,9.6
2310,97,8,Science,Unit Test 2,25,10.3
2311,97,8,Science,Half Yearly,100,43.2
2312,97,8,Science,Annual Exam,100,56.2
2313,97,9,English,Unit Test 1,25,12.0
2314,97,9,English,Unit Test 2,25,12.2
2315,97,9,English,Half Yearly,100,33.7
2316,97,9,English,Annual Exam,100,37.9
2317,97,10,Social Studies,Unit Test 1,25,12.9
2318,97,10,Social Studies,Unit Test 2,25,6.2
2319,97,10,Social Studies,Half Yearly,100,45.0
2320,97,10,Social Studies,Annual Exam,100,34.5
2321,97,11,Telugu,Unit Test 1,25,13.0
2322,97,11,Telugu,Unit Test 2,25,6.1
2323,97,11,Telugu,Half Yearly,100,46.8
2324,97,11,Telugu,Annual Exam,100,21.0
2325,97,12,Computer Science,Unit Test 1,25,8.6
2326,97,12,Computer Science,Unit Test 2,25,10.7
2327,97,12,Computer Science,Half Yearly,100,45.2
2328,97,12,Computer Science,Annual Exam,100,46.5
2329,98,7,Mathematics,Unit Test 1,25,17.1
2330,98,7,Mathematics,Unit Test 2,25,14.3
2331,98,7,Mathematics,Half Yearly,100,73.5
2332,98,7,Mathematics,Annual Exam,100,71.4
2333,98,8,Science,Unit Test 1,25,17.3
2334,98,8,Science,Unit Test 2,25,19.3
2335,98,8,Science,Half Yearly,100,76.6
2336,98,8,Science,Annual Exam,100,66.9
2337,98,9,English,Unit Test 1,25,12.3
2338,98,9,English,Unit Test 2,25,14.4
2339,98,9,English,Half Yearly,100,55.7
2340,98,9,English,Annual Exam,100,64.6
2341,98,10,Social Studies,Unit Test 1,25,18.7
2342,98,10,Social Studies,Unit Test 2,25,12.7
2343,98,10,Social Studies,Half Yearly,100,69.6
2344,98,10,Social Studies,Annual Exam,100,51.0
2345,98,11,Telugu,Unit Test 1,25,12.4
2346,98,11,Telugu,Unit Test 2,25,13.1
2347,98,11,Telugu,Half Yearly,100,60.2
2348,98,11,Telugu,Annual Exam,100,48.1
2349,98,12,Computer Science,Unit Test 1,25,12.5
2350,98,12,Computer Science,Unit Test 2,25,11.6
2351,98,12,Computer Science,Half Yearly,100,55.1
2352,98,12,Computer Science,Annual Exam,100,48.8
2353,99,7,Mathematics,Unit Test 1,25,14.9
2354,99,7,Mathematics,Unit Test 2,25,18.3
2355,99,7,Mathematics,Half Yearly,100,68.6
2356,99,7,Mathematics,Annual Exam,100,62.0
2357,99,8,Science,Unit Test 1,25,13.5
2358,99,8,Science,Unit Test 2,25,14.5
2359,99,8,Science,Half Yearly,100,54.6
2360,99,8,Science,Annual Exam,100,59.7
2361,99,9,English,Unit Test 1,25,15.2
2362,99,9,English,Unit Test 2,25,12.8
2363,99,9,English,Half Yearly,100,65.6
2364,99,9,English,Annual Exam,100,60.4
2365,99,10,Social Studies,Unit Test 1,25,16.4
2366,99,10,Social Studies,Unit Test 2,25,15.6
2367,99,10,Social Studies,Half Yearly,100,60.8
2368,99,10,Social Studies,Annual Exam,100,62.3
2369,99,11,Telugu,Unit Test 1,25,13.7
2370,99,11,Telugu,Unit Test 2,25,16.0
2371,99,11,Telugu,Half Yearly,100,71.4
2372,99,11,Telugu,Annual Exam,100,56.8
2373,99,12,Computer Science,Unit Test 1,25,11.3
2374,99,12,Computer Science,Unit Test 2,25,14.7
2375,99,12,Computer Science,Half Yearly,100,41.8
2376,99,12,Computer Science,Annual Exam,100,58.4
2377,100,7,Mathematics,Unit Test 1,25,13.8
2378,100,7,Mathematics,Unit Test 2,25,12.7
2379,100,7,Mathematics,Half Yearly,100,49.7
2380,100,7,Mathematics,Annual Exam,100,65.0
2381,100,8,Science,Unit Test 1,25,19.3
2382,100,8,Science,Unit Test 2,25,19.0
2383,100,8,Science,Half Yearly,100,81.2
2384,100,8,Science,Annual Exam,100,78.3
2385,100,9,English,Unit Test 1,25,14.5
2386,100,9,English,Unit Test 2,25,12.6
2387,100,9,English,Half Yearly,100,50.6
2388,100,9,English,Annual Exam,100,37.9
2389,100,10,Social Studies,Unit Test 1,25,14.7
2390,100,10,Social Studies,Unit Test 2,25,18.1
2391,100,10,Social Studies,Half Yearly,100,46.5
2392,100,10,Social Studies,Annual Exam,100,53.1
2393,100,11,Telugu,Unit Test 1,25,13.3
2394,100,11,Telugu,Unit Test 2,25,15.6
2395,100,11,Telugu,Half Yearly,100,84.6
2396,100,11,Telugu,Annual Exam,100,53.4
2397,100,12,Computer Science,Unit Test 1,25,18.3
2398,100,12,Computer Science,Unit Test 2,25,14.4
2399,100,12,Computer Science,Half Yearly,100,62.8
2400,100,12,Computer Science,Annual Exam,100,60.9
2401,101,7,Mathematics,Unit Test 1,25,10.5
2402,101,7,Mathematics,Unit Test 2,25,6.8
2403,101,7,Mathematics,Half Yearly,100,25.3
2404,101,7,Mathematics,Annual Exam,100,50.2
2405,101,8,Science,Unit Test 1,25,11.4
2406,101,8,Science,Unit Test 2,25,9.5
2407,101,8,Science,Half Yearly,100,28.2
2408,101,8,Science,Annual Exam,100,41.2
2409,101,9,English,Unit Test 1,25,11.5
2410,101,9,English,Unit Test 2,25,14.2
2411,101,9,English,Half Yearly,100,50.2
2412,101,9,English,Annual Exam,100,41.4
2413,101,10,Social Studies,Unit Test 1,25,15.6
2414,101,10,Social Studies,Unit Test 2,25,12.4
2415,101,10,Social Studies,Half Yearly,100,62.3
2416,101,10,Social Studies,Annual Exam,100,57.0
2417,101,11,Telugu,Unit Test 1,25,9.6
2418,101,11,Telugu,Unit Test 2,25,13.0
2419,101,11,Telugu,Half Yearly,100,62.9
2420,101,11,Telugu,Annual Exam,100,52.0
2421,101,12,Computer Science,Unit Test 1,25,13.3
2422,101,12,Computer Science,Unit Test 2,25,10.7
2423,101,12,Computer Science,Half Yearly,100,47.5
2424,101,12,Computer Science,Annual Exam,100,47.5
2425,102,7,Mathematics,Unit Test 1,25,17.2
2426,102,7,Mathematics,Unit Test 2,25,21.1
2427,102,7,Mathematics,Half Yearly,100,70.3
2428,102,7,Mathematics,Annual Exam,100,72.1
2429,102,8,Science,Unit Test 1,25,20.6
2430,102,8,Science,Unit Test 2,25,19.0
2431,102,8,Science,Half Yearly,100,83.1
2432,102,8,Science,Annual Exam,100,72.0
2433,102,9,English,Unit Test 1,25,19.5
2434,102,9,English,Unit Test 2,25,20.6
2435,102,9,English,Half Yearly,100,69.7
2436,102,9,English,Annual Exam,100,62.2
2437,102,10,Social Studies,Unit Test 1,25,17.0
2438,102,10,Social Studies,Unit Test 2,25,22.1
2439,102,10,Social Studies,Half Yearly,100,77.7
2440,102,10,Social Studies,Annual Exam,100,75.4
2441,102,11,Telugu,Unit Test 1,25,16.9
2442,102,11,Telugu,Unit Test 2,25,17.0
2443,102,11,Telugu,Half Yearly,100,71.8
2444,102,11,Telugu,Annual Exam,100,70.2
2445,102,12,Computer Science,Unit Test 1,25,20.0
2446,102,12,Computer Science,Unit Test 2,25,18.3
2447,102,12,Computer Science,Half Yearly,100,75.6
2448,102,12,Computer Science,Annual Exam,100,82.7
2449,103,7,Mathematics,Unit Test 1,25,25.0
2450,103,7,Mathematics,Unit Test 2,25,25.0
2451,103,7,Mathematics,Half Yearly,100,96.4
2452,103,7,Mathematics,Annual Exam,100,83.8
2453,103,8,Science,Unit Test 1,25,23.4
2454,103,8,Science,Unit Test 2,25,18.1
2455,103,8,Science,Half Yearly,100,95.6
2456,103,8,Science,Annual Exam,100,86.8
2457,103,9,English,Unit Test 1,25,24.6
2458,103,9,English,Unit Test 2,25,23.1
2459,103,9,English,Half Yearly,100,90.2
2460,103,9,English,Annual Exam,100,96.3
2461,103,10,Social Studies,Unit Test 1,25,19.0
2462,103,10,Social Studies,Unit Test 2,25,18.8
2463,103,10,Social Studies,Half Yearly,100,69.4
2464,103,10,Social Studies,Annual Exam,100,77.1
2465,103,11,Telugu,Unit Test 1,25,23.1
2466,103,11,Telugu,Unit Test 2,25,17.6
2467,103,11,Telugu,Half Yearly,100,79.0
2468,103,11,Telugu,Annual Exam,100,68.7
2469,103,12,Computer Science,Unit Test 1,25,18.2
2470,103,12,Computer Science,Unit Test 2,25,18.9
2471,103,12,Computer Science,Half Yearly,100,86.4
2472,103,12,Computer Science,Annual Exam,100,85.0
2473,104,7,Mathematics,Unit Test 1,25,20.7
2474,104,7,Mathematics,Unit Test 2,25,21.5
2475,104,7,Mathematics,Half Yearly,100,92.6
2476,104,7,Mathematics,Annual Exam,100,95.3
2477,104,8,Science,Unit Test 1,25,19.1
2478,104,8,Science,Unit Test 2,25,19.8
2479,104,8,Science,Half Yearly,100,81.6
2480,104,8,Science,Annual Exam,100,73.2
2481,104,9,English,Unit Test 1,25,19.6
2482,104,9,English,Unit Test 2,25,19.8
2483,104,9,English,Half Yearly,100,86.8
2484,104,9,English,Annual Exam,100,69.4
2485,104,10,Social Studies,Unit Test 1,25,21.1
2486,104,10,Social Studies,Unit Test 2,25,21.9
2487,104,10,Social Studies,Half Yearly,100,82.3
2488,104,10,Social Studies,Annual Exam,100,73.6
2489,104,11,Telugu,Unit Test 1,25,17.6
2490,104,11,Telugu,Unit Test 2,25,20.1
2491,104,11,Telugu,Half Yearly,100,91.8
2492,104,11,Telugu,Annual Exam,100,78.4
2493,104,12,Computer Science,Unit Test 1,25,22.6
2494,104,12,Computer Science,Unit Test 2,25,22.3
2495,104,12,Computer Science,Half Yearly,100,70.6
2496,104,12,Computer Science,Annual Exam,100,65.3
2497,105,7,Mathematics,Unit Test 1,25,17.6
2498,105,7,Mathematics,Unit Test 2,25,16.3
2499,105,7,Mathematics,Half Yearly,100,62.1
2500,105,7,Mathematics,Annual Exam,100,68.8
2501,105,8,Science,Unit Test 1,25,18.6
2502,105,8,Science,Unit Test 2,25,16.6
2503,105,8,Science,Half Yearly,100,59.5
2504,105,8,Science,Annual Exam,100,69.3
2505,105,9,English,Unit Test 1,25,13.8
2506,105,9,English,Unit Test 2,25,12.3
2507,105,9,English,Half Yearly,100,54.3
2508,105,9,English,Annual Exam,100,60.2
2509,105,10,Social Studies,Unit Test 1,25,16.8
2510,105,10,Social Studies,Unit Test 2,25,16.2
2511,105,10,Social Studies,Half Yearly,100,61.0
2512,105,10,Social Studies,Annual Exam,100,82.7
2513,105,11,Telugu,Unit Test 1,25,12.3
2514,105,11,Telugu,Unit Test 2,25,15.5
2515,105,11,Telugu,Half Yearly,100,64.9
2516,105,11,Telugu,Annual Exam,100,56.9
2517,105,12,Computer Science,Unit Test 1,25,17.4
2518,105,12,Computer Science,Unit Test 2,25,14.9
2519,105,12,Computer Science,Half Yearly,100,81.2
2520,105,12,Computer Science,Annual Exam,100,61.3
2521,106,7,Mathematics,Unit Test 1,25,22.2
2522,106,7,Mathematics,Unit Test 2,25,21.5
2523,106,7,Mathematics,Half Yearly,100,74.2
2524,106,7,Mathematics,Annual Exam,100,74.6
2525,106,8,Science,Unit Test 1,25,19.3
2526,106,8,Science,Unit Test 2,25,20.3
2527,106,8,Science,Half Yearly,100,93.0
2528,106,8,Science,Annual Exam,100,81.1
2529,106,9,English,Unit Test 1,25,23.3
2530,106,9,English,Unit Test 2,25,23.4
2531,106,9,English,Half Yearly,100,97.9
2532,106,9,English,Annual Exam,100,93.3
2533,106,10,Social Studies,Unit Test 1,25,20.8
2534,106,10,Social Studies,Unit Test 2,25,21.3
2535,106,10,Social Studies,Half Yearly,100,87.3
2536,106,10,Social Studies,Annual Exam,100,76.7
2537,106,11,Telugu,Unit Test 1,25,21.5
2538,106,11,Telugu,Unit Test 2,25,21.1
2539,106,11,Telugu,Half Yearly,100,91.6
2540,106,11,Telugu,Annual Exam,100,94.9
2541,106,12,Computer Science,Unit Test 1,25,21.0
2542,106,12,Computer Science,Unit Test 2,25,16.3
2543,106,12,Computer Science,Half Yearly,100,80.3
2544,106,12,Computer Science,Annual Exam,100,80.0
2545,107,7,Mathematics,Unit Test 1,25,20.5
2546,107,7,Mathematics,Unit Test 2,25,14.5
2547,107,7,Mathematics,Half Yearly,100,56.1
2548,107,7,Mathematics,Annual Exam,100,53.2
2549,107,8,Science,Unit Test 1,25,14.2
2550,107,8,Science,Unit Test 2,25,12.1
2551,107,8,Science,Half Yearly,100,48.9
2552,107,8,Science,Annual Exam,100,56.5
2553,107,9,English,Unit Test 1,25,19.5
2554,107,9,English,Unit Test 2,25,19.0
2555,107,9,English,Half Yearly,100,72.5
2556,107,9,English,Annual Exam,100,80.0
2557,107,10,Social Studies,Unit Test 1,25,10.0
2558,107,10,Social Studies,Unit Test 2,25,14.0
2559,107,10,Social Studies,Half Yearly,100,56.0
2560,107,10,Social Studies,Annual Exam,100,52.2
2561,107,11,Telugu,Unit Test 1,25,12.4
2562,107,11,Telugu,Unit Test 2,25,13.8
2563,107,11,Telugu,Half Yearly,100,46.9
2564,107,11,Telugu,Annual Exam,100,55.1
2565,107,12,Computer Science,Unit Test 1,25,18.2
2566,107,12,Computer Science,Unit Test 2,25,19.6
2567,107,12,Computer Science,Half Yearly,100,57.7
2568,107,12,Computer Science,Annual Exam,100,68.7
2569,108,7,Mathematics,Unit Test 1,25,10.3
2570,108,7,Mathematics,Unit Test 2,25,13.6
2571,108,7,Mathematics,Half Yearly,100,49.4
2572,108,7,Mathematics,Annual Exam,100,34.7
2573,108,8,Science,Unit Test 1,25,11.1
2574,108,8,Science,Unit Test 2,25,9.9
2575,108,8,Science,Half Yearly,100,40.0
2576,108,8,Science,Annual Exam,100,44.6
2577,108,9,English,Unit Test 1,25,14.0
2578,108,9,English,Unit Test 2,25,12.6
2579,108,9,English,Half Yearly,100,55.9
2580,108,9,English,Annual Exam,100,51.8
2581,108,10,Social Studies,Unit Test 1,25,18.5
2582,108,10,Social Studies,Unit Test 2,25,15.5
2583,108,10,Social Studies,Half Yearly,100,60.7
2584,108,10,Social Studies,Annual Exam,100,47.0
2585,108,11,Telugu,Unit Test 1,25,11.5
2586,108,11,Telugu,Unit Test 2,25,12.1
2587,108,11,Telugu,Half Yearly,100,45.2
2588,108,11,Telugu,Annual Exam,100,43.2
2589,108,12,Computer Science,Unit Test 1,25,7.9
2590,108,12,Computer Science,Unit Test 2,25,8.9
2591,108,12,Computer Science,Half Yearly,100,41.8
2592,108,12,Computer Science,Annual Exam,100,41.8
2593,109,7,Mathematics,Unit Test 1,25,24.2
2594,109,7,Mathematics,Unit Test 2,25,25.0
2595,109,7,Mathematics,Half Yearly,100,94.7
2596,109,7,Mathematics,Annual Exam,100,100.0
2597,109,8,Science,Unit Test 1,25,23.5
2598,109,8,Science,Unit Test 2,25,23.4
2599,109,8,Science,Half Yearly,100,90.7
2600,109,8,Science,Annual Exam,100,96.8
2601,109,9,English,Unit Test 1,25,25.0
2602,109,9,English,Unit Test 2,25,22.8
2603,109,9,English,Half Yearly,100,89.7
2604,109,9,English,Annual Exam,100,94.9
2605,109,10,Social Studies,Unit Test 1,25,25.0
2606,109,10,Social Studies,Unit Test 2,25,21.2
2607,109,10,Social Studies,Half Yearly,100,95.4
2608,109,10,Social Studies,Annual Exam,100,89.8
2609,109,11,Telugu,Unit Test 1,25,21.2
2610,109,11,Telugu,Unit Test 2,25,20.1
2611,109,11,Telugu,Half Yearly,100,84.1
2612,109,11,Telugu,Annual Exam,100,75.9
2613,109,12,Computer Science,Unit Test 1,25,23.3
2614,109,12,Computer Science,Unit Test 2,25,22.5
2615,109,12,Computer Science,Half Yearly,100,86.2
2616,109,12,Computer Science,Annual Exam,100,91.7
2617,110,7,Mathematics,Unit Test 1,25,15.4
2618,110,7,Mathematics,Unit Test 2,25,14.4
2619,110,7,Mathematics,Half Yearly,100,67.3
2620,110,7,Mathematics,Annual Exam,100,59.5
2621,110,8,Science,Unit Test 1,25,17.3
2622,110,8,Science,Unit Test 2,25,12.5
2623,110,8,Science,Half Yearly,100,76.5
2624,110,8,Science,Annual Exam,100,46.4
2625,110,9,English,Unit Test 1,25,16.2
2626,110,9,English,Unit Test 2,25,15.1
2627,110,9,English,Half Yearly,100,68.8
2628,110,9,English,Annual Exam,100,60.6
2629,110,10,Social Studies,Unit Test 1,25,17.3
2630,110,10,Social Studies,Unit Test 2,25,16.5
2631,110,10,Social Studies,Half Yearly,100,70.0
2632,110,10,Social Studies,Annual Exam,100,58.7
2633,110,11,Telugu,Unit Test 1,25,16.7
2634,110,11,Telugu,Unit Test 2,25,9.5
2635,110,11,Telugu,Half Yearly,100,52.0
2636,110,11,Telugu,Annual Exam,100,44.1
2637,110,12,Computer Science,Unit Test 1,25,18.2
2638,110,12,Computer Science,Unit Test 2,25,18.9
2639,110,12,Computer Science,Half Yearly,100,80.2
2640,110,12,Computer Science,Annual Exam,100,72.0
2641,111,7,Mathematics,Unit Test 1,25,7.8
2642,111,7,Mathematics,Unit Test 2,25,8.7
2643,111,7,Mathematics,Half Yearly,100,29.1
2644,111,7,Mathematics,Annual Exam,100,25.4
2645,111,8,Science,Unit Test 1,25,13.0
2646,111,8,Science,Unit Test 2,25,10.2
2647,111,8,Science,Half Yearly,100,47.0
2648,111,8,Science,Annual Exam,100,56.7
2649,111,9,English,Unit Test 1,25,9.1
2650,111,9,English,Unit Test 2,25,8.2
2651,111,9,English,Half Yearly,100,32.7
2652,111,9,English,Annual Exam,100,28.9
2653,111,10,Social Studies,Unit Test 1,25,4.7
2654,111,10,Social Studies,Unit Test 2,25,7.6
2655,111,10,Social Studies,Half Yearly,100,34.3
2656,111,10,Social Studies,Annual Exam,100,22.2
2657,111,11,Telugu,Unit Test 1,25,6.2
2658,111,11,Telugu,Unit Test 2,25,6.4
2659,111,11,Telugu,Half Yearly,100,40.2
2660,111,11,Telugu,Annual Exam,100,35.4
2661,111,12,Computer Science,Unit Test 1,25,13.0
2662,111,12,Computer Science,Unit Test 2,25,7.3
2663,111,12,Computer Science,Half Yearly,100,41.8
2664,111,12,Computer Science,Annual Exam,100,39.2
2665,112,7,Mathematics,Unit Test 1,25,15.3
2666,112,7,Mathematics,Unit Test 2,25,11.0
2667,112,7,Mathematics,Half Yearly,100,45.7
2668,112,7,Mathematics,Annual Exam,100,55.3
2669,112,8,Science,Unit Test 1,25,9.5
2670,112,8,Science,Unit Test 2,25,7.9
2671,112,8,Science,Half Yearly,100,57.1
2672,112,8,Science,Annual Exam,100,49.8
2673,112,9,English,Unit Test 1,25,15.5
2674,112,9,English,Unit Test 2,25,18.1
2675,112,9,English,Half Yearly,100,59.6
2676,112,9,English,Annual Exam,100,56.3
2677,112,10,Social Studies,Unit Test 1,25,14.8
2678,112,10,Social Studies,Unit Test 2,25,13.0
2679,112,10,Social Studies,Half Yearly,100,54.1
2680,112,10,Social Studies,Annual Exam,100,61.9
2681,112,11,Telugu,Unit Test 1,25,18.7
2682,112,11,Telugu,Unit Test 2,25,15.1
2683,112,11,Telugu,Half Yearly,100,55.7
2684,112,11,Telugu,Annual Exam,100,47.7
2685,112,12,Computer Science,Unit Test 1,25,13.0
2686,112,12,Computer Science,Unit Test 2,25,15.1
2687,112,12,Computer Science,Half Yearly,100,50.1
2688,112,12,Computer Science,Annual Exam,100,41.9
2689,113,7,Mathematics,Unit Test 1,25,13.7
2690,113,7,Mathematics,Unit Test 2,25,12.2
2691,113,7,Mathematics,Half Yearly,100,63.4
2692,113,7,Mathematics,Annual Exam,100,58.3
2693,113,8,Science,Unit Test 1,25,17.1
2694,113,8,Science,Unit Test 2,25,14.0
2695,113,8,Science,Half Yearly,100,60.8
2696,113,8,Science,Annual Exam,100,76.9
2697,113,9,English,Unit Test 1,25,14.6
2698,113,9,English,Unit Test 2,25,14.8
2699,113,9,English,Half Yearly,100,86.6
2700,113,9,English,Annual Exam,100,77.2
2701,113,10,Social Studies,Unit Test 1,25,16.3
2702,113,10,Social Studies,Unit Test 2,25,16.1
2703,113,10,Social Studies,Half Yearly,100,64.5
2704,113,10,Social Studies,Annual Exam,100,66.6
2705,113,11,Telugu,Unit Test 1,25,14.3
2706,113,11,Telugu,Unit Test 2,25,13.5
2707,113,11,Telugu,Half Yearly,100,82.4
2708,113,11,Telugu,Annual Exam,100,67.5
2709,113,12,Computer Science,Unit Test 1,25,17.5
2710,113,12,Computer Science,Unit Test 2,25,17.4
2711,113,12,Computer Science,Half Yearly,100,68.9
2712,113,12,Computer Science,Annual Exam,100,65.1
2713,114,7,Mathematics,Unit Test 1,25,10.1
2714,114,7,Mathematics,Unit Test 2,25,14.2
2715,114,7,Mathematics,Half Yearly,100,55.0
2716,114,7,Mathematics,Annual Exam,100,54.2
2717,114,8,Science,Unit Test 1,25,12.9
2718,114,8,Science,Unit Test 2,25,12.9
2719,114,8,Science,Half Yearly,100,63.8
2720,114,8,Science,Annual Exam,100,61.1
2721,114,9,English,Unit Test 1,25,12.7
2722,114,9,English,Unit Test 2,25,16.4
2723,114,9,English,Half Yearly,100,55.6
2724,114,9,English,Annual Exam,100,51.3
2725,114,10,Social Studies,Unit Test 1,25,17.0
2726,114,10,Social Studies,Unit Test 2,25,13.9
2727,114,10,Social Studies,Half Yearly,100,59.1
2728,114,10,Social Studies,Annual Exam,100,62.1
2729,114,11,Telugu,Unit Test 1,25,14.5
2730,114,11,Telugu,Unit Test 2,25,16.3
2731,114,11,Telugu,Half Yearly,100,60.1
2732,114,11,Telugu,Annual Exam,100,71.6
2733,114,12,Computer Science,Unit Test 1,25,12.0
2734,114,12,Computer Science,Unit Test 2,25,12.2
2735,114,12,Computer Science,Half Yearly,100,59.3
2736,114,12,Computer Science,Annual Exam,100,48.4
2737,115,7,Mathematics,Unit Test 1,25,20.5
2738,115,7,Mathematics,Unit Test 2,25,20.9
2739,115,7,Mathematics,Half Yearly,100,75.7
2740,115,7,Mathematics,Annual Exam,100,81.1
2741,115,8,Science,Unit Test 1,25,14.0
2742,115,8,Science,Unit Test 2,25,15.3
2743,115,8,Science,Half Yearly,100,55.0
2744,115,8,Science,Annual Exam,100,53.8
2745,115,9,English,Unit Test 1,25,15.5
2746,115,9,English,Unit Test 2,25,14.3
2747,115,9,English,Half Yearly,100,63.1
2748,115,9,English,Annual Exam,100,59.4
2749,115,10,Social Studies,Unit Test 1,25,15.0
2750,115,10,Social Studies,Unit Test 2,25,11.7
2751,115,10,Social Studies,Half Yearly,100,56.7
2752,115,10,Social Studies,Annual Exam,100,54.5
2753,115,11,Telugu,Unit Test 1,25,19.2
2754,115,11,Telugu,Unit Test 2,25,15.7
2755,115,11,Telugu,Half Yearly,100,63.5
2756,115,11,Telugu,Annual Exam,100,65.0
2757,115,12,Computer Science,Unit Test 1,25,11.0
2758,115,12,Computer Science,Unit Test 2,25,12.8
2759,115,12,Computer Science,Half Yearly,100,41.1
2760,115,12,Computer Science,Annual Exam,100,42.8
2761,116,7,Mathematics,Unit Test 1,25,14.1
2762,116,7,Mathematics,Unit Test 2,25,15.0
2763,116,7,Mathematics,Half Yearly,100,42.5
2764,116,7,Mathematics,Annual Exam,100,52.6
2765,116,8,Science,Unit Test 1,25,19.2
2766,116,8,Science,Unit Test 2,25,15.6
2767,116,8,Science,Half Yearly,100,43.1
2768,116,8,Science,Annual Exam,100,52.9
2769,116,9,English,Unit Test 1,25,12.0
2770,116,9,English,Unit Test 2,25,17.5
2771,116,9,English,Half Yearly,100,58.2
2772,116,9,English,Annual Exam,100,40.7
2773,116,10,Social Studies,Unit Test 1,25,17.3
2774,116,10,Social Studies,Unit Test 2,25,11.6
2775,116,10,Social Studies,Half Yearly,100,53.4
2776,116,10,Social Studies,Annual Exam,100,40.1
2777,116,11,Telugu,Unit Test 1,25,13.3
2778,116,11,Telugu,Unit Test 2,25,10.9
2779,116,11,Telugu,Half Yearly,100,49.8
2780,116,11,Telugu,Annual Exam,100,69.4
2781,116,12,Computer Science,Unit Test 1,25,12.1
2782,116,12,Computer Science,Unit Test 2,25,14.9
2783,116,12,Computer Science,Half Yearly,100,58.7
2784,116,12,Computer Science,Annual Exam,100,70.2
2785,117,7,Mathematics,Unit Test 1,25,20.3
2786,117,7,Mathematics,Unit Test 2,25,16.5
2787,117,7,Mathematics,Half Yearly,100,82.9
2788,117,7,Mathematics,Annual Exam,100,70.5
2789,117,8,Science,Unit Test 1,25,17.2
2790,117,8,Science,Unit Test 2,25,22.7
2791,117,8,Science,Half Yearly,100,70.7
2792,117,8,Science,Annual Exam,100,82.3
2793,117,9,English,Unit Test 1,25,23.6
2794,117,9,English,Unit Test 2,25,22.8
2795,117,9,English,Half Yearly,100,96.6
2796,117,9,English,Annual Exam,100,100.0
2797,117,10,Social Studies,Unit Test 1,25,21.1
2798,117,10,Social Studies,Unit Test 2,25,20.5
2799,117,10,Social Studies,Half Yearly,100,74.9
2800,117,10,Social Studies,Annual Exam,100,70.6
2801,117,11,Telugu,Unit Test 1,25,18.3
2802,117,11,Telugu,Unit Test 2,25,18.2
2803,117,11,Telugu,Half Yearly,100,75.1
2804,117,11,Telugu,Annual Exam,100,60.1
2805,117,12,Computer Science,Unit Test 1,25,21.8
2806,117,12,Computer Science,Unit Test 2,25,22.1
2807,117,12,Computer Science,Half Yearly,100,92.2
2808,117,12,Computer Science,Annual Exam,100,85.8
2809,118,7,Mathematics,Unit Test 1,25,10.3
2810,118,7,Mathematics,Unit Test 2,25,15.9
2811,118,7,Mathematics,Half Yearly,100,51.5
2812,118,7,Mathematics,Annual Exam,100,46.1
2813,118,8,Science,Unit Test 1,25,14.9
2814,118,8,Science,Unit Test 2,25,12.5
2815,118,8,Science,Half Yearly,100,60.6
2816,118,8,Science,Annual Exam,100,52.6
2817,118,9,English,Unit Test 1,25,13.8
2818,118,9,English,Unit Test 2,25,11.4
2819,118,9,English,Half Yearly,100,52.7
2820,118,9,English,Annual Exam,100,50.1
2821,118,10,Social Studies,Unit Test 1,25,20.0
2822,118,10,Social Studies,Unit Test 2,25,16.4
2823,118,10,Social Studies,Half Yearly,100,66.6
2824,118,10,Social Studies,Annual Exam,100,59.2
2825,118,11,Telugu,Unit Test 1,25,17.3
2826,118,11,Telugu,Unit Test 2,25,14.6
2827,118,11,Telugu,Half Yearly,100,66.0
2828,118,11,Telugu,Annual Exam,100,56.3
2829,118,12,Computer Science,Unit Test 1,25,15.3
2830,118,12,Computer Science,Unit Test 2,25,19.3
2831,118,12,Computer Science,Half Yearly,100,65.7
2832,118,12,Computer Science,Annual Exam,100,52.5
2833,119,7,Mathematics,Unit Test 1,25,20.3
2834,119,7,Mathematics,Unit Test 2,25,18.1
2835,119,7,Mathematics,Half Yearly,100,71.5
2836,119,7,Mathematics,Annual Exam,100,77.5
2837,119,8,Science,Unit Test 1,25,17.5
2838,119,8,Science,Unit Test 2,25,17.9
2839,119,8,Science,Half Yearly,100,85.5
2840,119,8,Science,Annual Exam,100,59.5
2841,119,9,English,Unit Test 1,25,20.5
2842,119,9,English,Unit Test 2,25,25.0
2843,119,9,English,Half Yearly,100,100.0
2844,119,9,English,Annual Exam,100,96.4
2845,119,10,Social Studies,Unit Test 1,25,17.6
2846,119,10,Social Studies,Unit Test 2,25,16.5
2847,119,10,Social Studies,Half Yearly,100,72.9
2848,119,10,Social Studies,Annual Exam,100,90.1
2849,119,11,Telugu,Unit Test 1,25,20.7
2850,119,11,Telugu,Unit Test 2,25,23.6
2851,119,11,Telugu,Half Yearly,100,89.9
2852,119,11,Telugu,Annual Exam,100,97.1
2853,119,12,Computer Science,Unit Test 1,25,19.3
2854,119,12,Computer Science,Unit Test 2,25,20.9
2855,119,12,Computer Science,Half Yearly,100,91.2
2856,119,12,Computer Science,Annual Exam,100,85.5
2857,120,7,Mathematics,Unit Test 1,25,16.3
2858,120,7,Mathematics,Unit Test 2,25,16.2
2859,120,7,Mathematics,Half Yearly,100,54.3
2860,120,7,Mathematics,Annual Exam,100,74.9
2861,120,8,Science,Unit Test 1,25,15.0
2862,120,8,Science,Unit Test 2,25,13.5
2863,120,8,Science,Half Yearly,100,64.3
2864,120,8,Science,Annual Exam,100,66.0
2865,120,9,English,Unit Test 1,25,19.1
2866,120,9,English,Unit Test 2,25,14.2
2867,120,9,English,Half Yearly,100,56.5
2868,120,9,English,Annual Exam,100,74.7
2869,120,10,Social Studies,Unit Test 1,25,17.0
2870,120,10,Social Studies,Unit Test 2,25,14.0
2871,120,10,Social Studies,Half Yearly,100,67.1
2872,120,10,Social Studies,Annual Exam,100,74.1
2873,120,11,Telugu,Unit Test 1,25,15.4
2874,120,11,Telugu,Unit Test 2,25,14.5
2875,120,11,Telugu,Half Yearly,100,60.4
2876,120,11,Telugu,Annual Exam,100,75.1
2877,120,12,Computer Science,Unit Test 1,25,12.1
2878,120,12,Computer Science,Unit Test 2,25,12.9
2879,120,12,Computer Science,Half Yearly,100,64.3
2880,120,12,Computer Science,Annual Exam,100,53.0
2881,121,13,Mathematics,Unit Test 1,25,19.1
2882,121,13,Mathematics,Unit Test 2,25,23.2
2883,121,13,Mathematics,Half Yearly,100,80.1
2884,121,13,Mathematics,Annual Exam,100,73.9
2885,121,14,Science,Unit Test 1,25,16.2
2886,121,14,Science,Unit Test 2,25,16.6
2887,121,14,Science,Half Yearly,100,58.0
2888,121,14,Science,Annual Exam,100,70.9
2889,121,15,English,Unit Test 1,25,18.2
2890,121,15,English,Unit Test 2,25,18.3
2891,121,15,English,Half Yearly,100,73.3
2892,121,15,English,Annual Exam,100,75.1
2893,121,16,Social Studies,Unit Test 1,25,15.1
2894,121,16,Social Studies,Unit Test 2,25,16.9
2895,121,16,Social Studies,Half Yearly,100,63.3
2896,121,16,Social Studies,Annual Exam,100,64.1
2897,121,17,Telugu,Unit Test 1,25,9.0
2898,121,17,Telugu,Unit Test 2,25,11.9
2899,121,17,Telugu,Half Yearly,100,68.5
2900,121,17,Telugu,Annual Exam,100,52.7
2901,121,18,Computer Science,Unit Test 1,25,14.9
2902,121,18,Computer Science,Unit Test 2,25,15.7
2903,121,18,Computer Science,Half Yearly,100,43.9
2904,121,18,Computer Science,Annual Exam,100,62.6
2905,122,13,Mathematics,Unit Test 1,25,11.5
2906,122,13,Mathematics,Unit Test 2,25,10.0
2907,122,13,Mathematics,Half Yearly,100,49.2
2908,122,13,Mathematics,Annual Exam,100,33.1
2909,122,14,Science,Unit Test 1,25,17.4
2910,122,14,Science,Unit Test 2,25,16.5
2911,122,14,Science,Half Yearly,100,67.1
2912,122,14,Science,Annual Exam,100,56.8
2913,122,15,English,Unit Test 1,25,12.8
2914,122,15,English,Unit Test 2,25,13.8
2915,122,15,English,Half Yearly,100,46.2
2916,122,15,English,Annual Exam,100,43.0
2917,122,16,Social Studies,Unit Test 1,25,13.0
2918,122,16,Social Studies,Unit Test 2,25,12.6
2919,122,16,Social Studies,Half Yearly,100,53.6
2920,122,16,Social Studies,Annual Exam,100,45.4
2921,122,17,Telugu,Unit Test 1,25,16.6
2922,122,17,Telugu,Unit Test 2,25,15.6
2923,122,17,Telugu,Half Yearly,100,61.2
2924,122,17,Telugu,Annual Exam,100,69.7
2925,122,18,Computer Science,Unit Test 1,25,14.2
2926,122,18,Computer Science,Unit Test 2,25,15.9
2927,122,18,Computer Science,Half Yearly,100,72.2
2928,122,18,Computer Science,Annual Exam,100,60.7
2929,123,13,Mathematics,Unit Test 1,25,20.6
2930,123,13,Mathematics,Unit Test 2,25,22.5
2931,123,13,Mathematics,Half Yearly,100,94.2
2932,123,13,Mathematics,Annual Exam,100,83.6
2933,123,14,Science,Unit Test 1,25,19.6
2934,123,14,Science,Unit Test 2,25,18.7
2935,123,14,Science,Half Yearly,100,67.8
2936,123,14,Science,Annual Exam,100,81.2
2937,123,15,English,Unit Test 1,25,22.6
2938,123,15,English,Unit Test 2,25,20.5
2939,123,15,English,Half Yearly,100,81.8
2940,123,15,English,Annual Exam,100,70.9
2941,123,16,Social Studies,Unit Test 1,25,21.3
2942,123,16,Social Studies,Unit Test 2,25,21.0
2943,123,16,Social Studies,Half Yearly,100,70.6
2944,123,16,Social Studies,Annual Exam,100,73.5
2945,123,17,Telugu,Unit Test 1,25,15.2
2946,123,17,Telugu,Unit Test 2,25,14.5
2947,123,17,Telugu,Half Yearly,100,48.6
2948,123,17,Telugu,Annual Exam,100,59.1
2949,123,18,Computer Science,Unit Test 1,25,23.5
2950,123,18,Computer Science,Unit Test 2,25,20.2
2951,123,18,Computer Science,Half Yearly,100,91.7
2952,123,18,Computer Science,Annual Exam,100,92.7
2953,124,13,Mathematics,Unit Test 1,25,24.6
2954,124,13,Mathematics,Unit Test 2,25,24.3
2955,124,13,Mathematics,Half Yearly,100,100.0
2956,124,13,Mathematics,Annual Exam,100,100.0
2957,124,14,Science,Unit Test 1,25,24.4
2958,124,14,Science,Unit Test 2,25,23.1
2959,124,14,Science,Half Yearly,100,91.0
2960,124,14,Science,Annual Exam,100,93.6
2961,124,15,English,Unit Test 1,25,24.1
2962,124,15,English,Unit Test 2,25,25.0
2963,124,15,English,Half Yearly,100,97.5
2964,124,15,English,Annual Exam,100,98.1
2965,124,16,Social Studies,Unit Test 1,25,23.5
2966,124,16,Social Studies,Unit Test 2,25,25.0
2967,124,16,Social Studies,Half Yearly,100,98.9
2968,124,16,Social Studies,Annual Exam,100,100.0
2969,124,17,Telugu,Unit Test 1,25,23.8
2970,124,17,Telugu,Unit Test 2,25,23.0
2971,124,17,Telugu,Half Yearly,100,100.0
2972,124,17,Telugu,Annual Exam,100,83.7
2973,124,18,Computer Science,Unit Test 1,25,24.9
2974,124,18,Computer Science,Unit Test 2,25,21.7
2975,124,18,Computer Science,Half Yearly,100,93.5
2976,124,18,Computer Science,Annual Exam,100,96.8
2977,125,13,Mathematics,Unit Test 1,25,20.5
2978,125,13,Mathematics,Unit Test 2,25,18.4
2979,125,13,Mathematics,Half Yearly,100,81.8
2980,125,13,Mathematics,Annual Exam,100,79.7
2981,125,14,Science,Unit Test 1,25,19.6
2982,125,14,Science,Unit Test 2,25,20.2
2983,125,14,Science,Half Yearly,100,63.8
2984,125,14,Science,Annual Exam,100,82.3
2985,125,15,English,Unit Test 1,25,20.2
2986,125,15,English,Unit Test 2,25,17.2
2987,125,15,English,Half Yearly,100,96.9
2988,125,15,English,Annual Exam,100,75.7
2989,125,16,Social Studies,Unit Test 1,25,13.6
2990,125,16,Social Studies,Unit Test 2,25,15.5
2991,125,16,Social Studies,Half Yearly,100,59.3
2992,125,16,Social Studies,Annual Exam,100,62.8
2993,125,17,Telugu,Unit Test 1,25,18.2
2994,125,17,Telugu,Unit Test 2,25,14.7
2995,125,17,Telugu,Half Yearly,100,64.8
2996,125,17,Telugu,Annual Exam,100,78.7
2997,125,18,Computer Science,Unit Test 1,25,24.2
2998,125,18,Computer Science,Unit Test 2,25,20.5
2999,125,18,Computer Science,Half Yearly,100,93.0
3000,125,18,Computer Science,Annual Exam,100,95.7
3001,126,13,Mathematics,Unit Test 1,25,21.6
3002,126,13,Mathematics,Unit Test 2,25,19.1
3003,126,13,Mathematics,Half Yearly,100,67.1
3004,126,13,Mathematics,Annual Exam,100,70.3
3005,126,14,Science,Unit Test 1,25,16.7
3006,126,14,Science,Unit Test 2,25,15.4
3007,126,14,Science,Half Yearly,100,59.8
3008,126,14,Science,Annual Exam,100,63.9
3009,126,15,English,Unit Test 1,25,20.5
3010,126,15,English,Unit Test 2,25,20.9
3011,126,15,English,Half Yearly,100,72.4
3012,126,15,English,Annual Exam,100,70.1
3013,126,16,Social Studies,Unit Test 1,25,12.3
3014,126,16,Social Studies,Unit Test 2,25,9.7
3015,126,16,Social Studies,Half Yearly,100,55.2
3016,126,16,Social Studies,Annual Exam,100,58.0
3017,126,17,Telugu,Unit Test 1,25,13.1
3018,126,17,Telugu,Unit Test 2,25,12.3
3019,126,17,Telugu,Half Yearly,100,62.0
3020,126,17,Telugu,Annual Exam,100,55.2
3021,126,18,Computer Science,Unit Test 1,25,17.9
3022,126,18,Computer Science,Unit Test 2,25,18.9
3023,126,18,Computer Science,Half Yearly,100,83.4
3024,126,18,Computer Science,Annual Exam,100,85.8
3025,127,13,Mathematics,Unit Test 1,25,20.9
3026,127,13,Mathematics,Unit Test 2,25,22.6
3027,127,13,Mathematics,Half Yearly,100,78.0
3028,127,13,Mathematics,Annual Exam,100,75.9
3029,127,14,Science,Unit Test 1,25,18.6
3030,127,14,Science,Unit Test 2,25,20.4
3031,127,14,Science,Half Yearly,100,73.6
3032,127,14,Science,Annual Exam,100,74.7
3033,127,15,English,Unit Test 1,25,18.3
3034,127,15,English,Unit Test 2,25,19.2
3035,127,15,English,Half Yearly,100,71.2
3036,127,15,English,Annual Exam,100,75.6
3037,127,16,Social Studies,Unit Test 1,25,18.3
3038,127,16,Social Studies,Unit Test 2,25,16.0
3039,127,16,Social Studies,Half Yearly,100,77.1
3040,127,16,Social Studies,Annual Exam,100,76.7
3041,127,17,Telugu,Unit Test 1,25,14.4
3042,127,17,Telugu,Unit Test 2,25,16.4
3043,127,17,Telugu,Half Yearly,100,62.4
3044,127,17,Telugu,Annual Exam,100,69.4
3045,127,18,Computer Science,Unit Test 1,25,13.1
3046,127,18,Computer Science,Unit Test 2,25,15.1
3047,127,18,Computer Science,Half Yearly,100,73.1
3048,127,18,Computer Science,Annual Exam,100,57.9
3049,128,13,Mathematics,Unit Test 1,25,14.2
3050,128,13,Mathematics,Unit Test 2,25,17.1
3051,128,13,Mathematics,Half Yearly,100,67.3
3052,128,13,Mathematics,Annual Exam,100,73.7
3053,128,14,Science,Unit Test 1,25,17.3
3054,128,14,Science,Unit Test 2,25,15.7
3055,128,14,Science,Half Yearly,100,56.7
3056,128,14,Science,Annual Exam,100,79.0
3057,128,15,English,Unit Test 1,25,18.7
3058,128,15,English,Unit Test 2,25,17.4
3059,128,15,English,Half Yearly,100,74.0
3060,128,15,English,Annual Exam,100,71.5
3061,128,16,Social Studies,Unit Test 1,25,17.6
3062,128,16,Social Studies,Unit Test 2,25,23.2
3063,128,16,Social Studies,Half Yearly,100,77.8
3064,128,16,Social Studies,Annual Exam,100,81.7
3065,128,17,Telugu,Unit Test 1,25,14.7
3066,128,17,Telugu,Unit Test 2,25,16.9
3067,128,17,Telugu,Half Yearly,100,57.1
3068,128,17,Telugu,Annual Exam,100,58.4
3069,128,18,Computer Science,Unit Test 1,25,18.0
3070,128,18,Computer Science,Unit Test 2,25,16.9
3071,128,18,Computer Science,Half Yearly,100,71.4
3072,128,18,Computer Science,Annual Exam,100,63.4
3073,129,13,Mathematics,Unit Test 1,25,19.4
3074,129,13,Mathematics,Unit Test 2,25,19.7
3075,129,13,Mathematics,Half Yearly,100,56.7
3076,129,13,Mathematics,Annual Exam,100,81.3
3077,129,14,Science,Unit Test 1,25,15.8
3078,129,14,Science,Unit Test 2,25,20.1
3079,129,14,Science,Half Yearly,100,58.8
3080,129,14,Science,Annual Exam,100,65.3
3081,129,15,English,Unit Test 1,25,16.2
3082,129,15,English,Unit Test 2,25,18.4
3083,129,15,English,Half Yearly,100,54.6
3084,129,15,English,Annual Exam,100,79.1
3085,129,16,Social Studies,Unit Test 1,25,14.9
3086,129,16,Social Studies,Unit Test 2,25,18.1
3087,129,16,Social Studies,Half Yearly,100,60.1
3088,129,16,Social Studies,Annual Exam,100,67.9
3089,129,17,Telugu,Unit Test 1,25,16.8
3090,129,17,Telugu,Unit Test 2,25,18.0
3091,129,17,Telugu,Half Yearly,100,57.2
3092,129,17,Telugu,Annual Exam,100,55.2
3093,129,18,Computer Science,Unit Test 1,25,16.7
3094,129,18,Computer Science,Unit Test 2,25,19.3
3095,129,18,Computer Science,Half Yearly,100,69.7
3096,129,18,Computer Science,Annual Exam,100,66.8
3097,130,13,Mathematics,Unit Test 1,25,14.5
3098,130,13,Mathematics,Unit Test 2,25,10.6
3099,130,13,Mathematics,Half Yearly,100,51.8
3100,130,13,Mathematics,Annual Exam,100,54.9
3101,130,14,Science,Unit Test 1,25,18.2
3102,130,14,Science,Unit Test 2,25,17.1
3103,130,14,Science,Half Yearly,100,79.2
3104,130,14,Science,Annual Exam,100,63.8
3105,130,15,English,Unit Test 1,25,12.0
3106,130,15,English,Unit Test 2,25,17.5
3107,130,15,English,Half Yearly,100,58.0
3108,130,15,English,Annual Exam,100,61.3
3109,130,16,Social Studies,Unit Test 1,25,12.7
3110,130,16,Social Studies,Unit Test 2,25,12.7
3111,130,16,Social Studies,Half Yearly,100,56.9
3112,130,16,Social Studies,Annual Exam,100,60.6
3113,130,17,Telugu,Unit Test 1,25,17.3
3114,130,17,Telugu,Unit Test 2,25,15.7
3115,130,17,Telugu,Half Yearly,100,66.2
3116,130,17,Telugu,Annual Exam,100,77.1
3117,130,18,Computer Science,Unit Test 1,25,13.8
3118,130,18,Computer Science,Unit Test 2,25,17.3
3119,130,18,Computer Science,Half Yearly,100,63.2
3120,130,18,Computer Science,Annual Exam,100,64.7
3121,131,13,Mathematics,Unit Test 1,25,13.3
3122,131,13,Mathematics,Unit Test 2,25,13.7
3123,131,13,Mathematics,Half Yearly,100,53.2
3124,131,13,Mathematics,Annual Exam,100,52.2
3125,131,14,Science,Unit Test 1,25,14.8
3126,131,14,Science,Unit Test 2,25,14.1
3127,131,14,Science,Half Yearly,100,63.3
3128,131,14,Science,Annual Exam,100,65.1
3129,131,15,English,Unit Test 1,25,16.4
3130,131,15,English,Unit Test 2,25,17.4
3131,131,15,English,Half Yearly,100,57.3
3132,131,15,English,Annual Exam,100,69.6
3133,131,16,Social Studies,Unit Test 1,25,14.5
3134,131,16,Social Studies,Unit Test 2,25,10.4
3135,131,16,Social Studies,Half Yearly,100,44.0
3136,131,16,Social Studies,Annual Exam,100,64.3
3137,131,17,Telugu,Unit Test 1,25,16.6
3138,131,17,Telugu,Unit Test 2,25,14.6
3139,131,17,Telugu,Half Yearly,100,61.6
3140,131,17,Telugu,Annual Exam,100,53.7
3141,131,18,Computer Science,Unit Test 1,25,14.0
3142,131,18,Computer Science,Unit Test 2,25,13.5
3143,131,18,Computer Science,Half Yearly,100,68.3
3144,131,18,Computer Science,Annual Exam,100,67.9
3145,132,13,Mathematics,Unit Test 1,25,16.6
3146,132,13,Mathematics,Unit Test 2,25,13.5
3147,132,13,Mathematics,Half Yearly,100,50.7
3148,132,13,Mathematics,Annual Exam,100,56.2
3149,132,14,Science,Unit Test 1,25,12.3
3150,132,14,Science,Unit Test 2,25,15.0
3151,132,14,Science,Half Yearly,100,57.7
3152,132,14,Science,Annual Exam,100,64.8
3153,132,15,English,Unit Test 1,25,17.9
3154,132,15,English,Unit Test 2,25,17.3
3155,132,15,English,Half Yearly,100,79.1
3156,132,15,English,Annual Exam,100,62.1
3157,132,16,Social Studies,Unit Test 1,25,18.1
3158,132,16,Social Studies,Unit Test 2,25,19.3
3159,132,16,Social Studies,Half Yearly,100,65.7
3160,132,16,Social Studies,Annual Exam,100,63.4
3161,132,17,Telugu,Unit Test 1,25,14.9
3162,132,17,Telugu,Unit Test 2,25,15.5
3163,132,17,Telugu,Half Yearly,100,50.3
3164,132,17,Telugu,Annual Exam,100,72.9
3165,132,18,Computer Science,Unit Test 1,25,14.3
3166,132,18,Computer Science,Unit Test 2,25,18.0
3167,132,18,Computer Science,Half Yearly,100,74.0
3168,132,18,Computer Science,Annual Exam,100,67.7
3169,133,13,Mathematics,Unit Test 1,25,11.6
3170,133,13,Mathematics,Unit Test 2,25,13.4
3171,133,13,Mathematics,Half Yearly,100,44.7
3172,133,13,Mathematics,Annual Exam,100,67.3
3173,133,14,Science,Unit Test 1,25,13.4
3174,133,14,Science,Unit Test 2,25,10.4
3175,133,14,Science,Half Yearly,100,38.3
3176,133,14,Science,Annual Exam,100,44.1
3177,133,15,English,Unit Test 1,25,7.1
3178,133,15,English,Unit Test 2,25,8.1
3179,133,15,English,Half Yearly,100,33.2
3180,133,15,English,Annual Exam,100,30.0
3181,133,16,Social Studies,Unit Test 1,25,14.2
3182,133,16,Social Studies,Unit Test 2,25,11.4
3183,133,16,Social Studies,Half Yearly,100,43.1
3184,133,16,Social Studies,Annual Exam,100,40.3
3185,133,17,Telugu,Unit Test 1,25,9.8
3186,133,17,Telugu,Unit Test 2,25,15.7
3187,133,17,Telugu,Half Yearly,100,32.9
3188,133,17,Telugu,Annual Exam,100,47.8
3189,133,18,Computer Science,Unit Test 1,25,15.2
3190,133,18,Computer Science,Unit Test 2,25,16.3
3191,133,18,Computer Science,Half Yearly,100,43.9
3192,133,18,Computer Science,Annual Exam,100,57.9
3193,134,13,Mathematics,Unit Test 1,25,5.1
3194,134,13,Mathematics,Unit Test 2,25,9.0
3195,134,13,Mathematics,Half Yearly,100,26.3
3196,134,13,Mathematics,Annual Exam,100,40.4
3197,134,14,Science,Unit Test 1,25,7.8
3198,134,14,Science,Unit Test 2,25,10.4
3199,134,14,Science,Half Yearly,100,47.4
3200,134,14,Science,Annual Exam,100,38.4
3201,134,15,English,Unit Test 1,25,9.9
3202,134,15,English,Unit Test 2,25,10.3
3203,134,15,English,Half Yearly,100,41.4
3204,134,15,English,Annual Exam,100,46.2
3205,134,16,Social Studies,Unit Test 1,25,8.4
3206,134,16,Social Studies,Unit Test 2,25,6.6
3207,134,16,Social Studies,Half Yearly,100,21.2
3208,134,16,Social Studies,Annual Exam,100,33.0
3209,134,17,Telugu,Unit Test 1,25,6.4
3210,134,17,Telugu,Unit Test 2,25,8.2
3211,134,17,Telugu,Half Yearly,100,37.7
3212,134,17,Telugu,Annual Exam,100,38.0
3213,134,18,Computer Science,Unit Test 1,25,11.8
3214,134,18,Computer Science,Unit Test 2,25,7.2
3215,134,18,Computer Science,Half Yearly,100,36.6
3216,134,18,Computer Science,Annual Exam,100,26.9
3217,135,13,Mathematics,Unit Test 1,25,16.8
3218,135,13,Mathematics,Unit Test 2,25,19.1
3219,135,13,Mathematics,Half Yearly,100,83.4
3220,135,13,Mathematics,Annual Exam,100,93.7
3221,135,14,Science,Unit Test 1,25,22.4
3222,135,14,Science,Unit Test 2,25,25.0
3223,135,14,Science,Half Yearly,100,89.9
3224,135,14,Science,Annual Exam,100,83.8
3225,135,15,English,Unit Test 1,25,19.1
3226,135,15,English,Unit Test 2,25,21.9
3227,135,15,English,Half Yearly,100,76.3
3228,135,15,English,Annual Exam,100,85.3
3229,135,16,Social Studies,Unit Test 1,25,18.0
3230,135,16,Social Studies,Unit Test 2,25,20.9
3231,135,16,Social Studies,Half Yearly,100,78.2
3232,135,16,Social Studies,Annual Exam,100,91.5
3233,135,17,Telugu,Unit Test 1,25,21.8
3234,135,17,Telugu,Unit Test 2,25,23.4
3235,135,17,Telugu,Half Yearly,100,89.8
3236,135,17,Telugu,Annual Exam,100,89.4
3237,135,18,Computer Science,Unit Test 1,25,19.8
3238,135,18,Computer Science,Unit Test 2,25,17.7
3239,135,18,Computer Science,Half Yearly,100,74.5
3240,135,18,Computer Science,Annual Exam,100,73.2
3241,136,13,Mathematics,Unit Test 1,25,13.4
3242,136,13,Mathematics,Unit Test 2,25,18.8
3243,136,13,Mathematics,Half Yearly,100,64.4
3244,136,13,Mathematics,Annual Exam,100,70.6
3245,136,14,Science,Unit Test 1,25,16.5
3246,136,14,Science,Unit Test 2,25,14.2
3247,136,14,Science,Half Yearly,100,61.1
3248,136,14,Science,Annual Exam,100,72.8
3249,136,15,English,Unit Test 1,25,18.4
3250,136,15,English,Unit Test 2,25,15.6
3251,136,15,English,Half Yearly,100,66.4
3252,136,15,English,Annual Exam,100,65.9
3253,136,16,Social Studies,Unit Test 1,25,11.9
3254,136,16,Social Studies,Unit Test 2,25,15.3
3255,136,16,Social Studies,Half Yearly,100,54.6
3256,136,16,Social Studies,Annual Exam,100,59.0
3257,136,17,Telugu,Unit Test 1,25,17.0
3258,136,17,Telugu,Unit Test 2,25,14.9
3259,136,17,Telugu,Half Yearly,100,53.4
3260,136,17,Telugu,Annual Exam,100,71.5
3261,136,18,Computer Science,Unit Test 1,25,17.1
3262,136,18,Computer Science,Unit Test 2,25,16.0
3263,136,18,Computer Science,Half Yearly,100,55.1
3264,136,18,Computer Science,Annual Exam,100,61.1
3265,137,13,Mathematics,Unit Test 1,25,16.3
3266,137,13,Mathematics,Unit Test 2,25,14.7
3267,137,13,Mathematics,Half Yearly,100,77.1
3268,137,13,Mathematics,Annual Exam,100,45.8
3269,137,14,Science,Unit Test 1,25,18.1
3270,137,14,Science,Unit Test 2,25,17.0
3271,137,14,Science,Half Yearly,100,70.5
3272,137,14,Science,Annual Exam,100,67.2
3273,137,15,English,Unit Test 1,25,15.3
3274,137,15,English,Unit Test 2,25,15.9
3275,137,15,English,Half Yearly,100,69.5
3276,137,15,English,Annual Exam,100,53.4
3277,137,16,Social Studies,Unit Test 1,25,18.5
3278,137,16,Social Studies,Unit Test 2,25,14.6
3279,137,16,Social Studies,Half Yearly,100,67.0
3280,137,16,Social Studies,Annual Exam,100,63.8
3281,137,17,Telugu,Unit Test 1,25,15.6
3282,137,17,Telugu,Unit Test 2,25,18.0
3283,137,17,Telugu,Half Yearly,100,77.8
3284,137,17,Telugu,Annual Exam,100,62.3
3285,137,18,Computer Science,Unit Test 1,25,19.3
3286,137,18,Computer Science,Unit Test 2,25,19.7
3287,137,18,Computer Science,Half Yearly,100,72.9
3288,137,18,Computer Science,Annual Exam,100,72.1
3289,138,13,Mathematics,Unit Test 1,25,12.7
3290,138,13,Mathematics,Unit Test 2,25,14.5
3291,138,13,Mathematics,Half Yearly,100,61.9
3292,138,13,Mathematics,Annual Exam,100,62.4
3293,138,14,Science,Unit Test 1,25,22.9
3294,138,14,Science,Unit Test 2,25,20.6
3295,138,14,Science,Half Yearly,100,79.5
3296,138,14,Science,Annual Exam,100,95.2
3297,138,15,English,Unit Test 1,25,13.0
3298,138,15,English,Unit Test 2,25,11.4
3299,138,15,English,Half Yearly,100,38.2
3300,138,15,English,Annual Exam,100,47.5
3301,138,16,Social Studies,Unit Test 1,25,19.3
3302,138,16,Social Studies,Unit Test 2,25,21.9
3303,138,16,Social Studies,Half Yearly,100,70.6
3304,138,16,Social Studies,Annual Exam,100,80.6
3305,138,17,Telugu,Unit Test 1,25,18.9
3306,138,17,Telugu,Unit Test 2,25,16.0
3307,138,17,Telugu,Half Yearly,100,58.7
3308,138,17,Telugu,Annual Exam,100,61.5
3309,138,18,Computer Science,Unit Test 1,25,16.9
3310,138,18,Computer Science,Unit Test 2,25,17.2
3311,138,18,Computer Science,Half Yearly,100,62.5
3312,138,18,Computer Science,Annual Exam,100,61.7
3313,139,13,Mathematics,Unit Test 1,25,24.7
3314,139,13,Mathematics,Unit Test 2,25,24.7
3315,139,13,Mathematics,Half Yearly,100,100.0
3316,139,13,Mathematics,Annual Exam,100,83.4
3317,139,14,Science,Unit Test 1,25,24.4
3318,139,14,Science,Unit Test 2,25,23.2
3319,139,14,Science,Half Yearly,100,100.0
3320,139,14,Science,Annual Exam,100,95.3
3321,139,15,English,Unit Test 1,25,23.0
3322,139,15,English,Unit Test 2,25,24.1
3323,139,15,English,Half Yearly,100,95.2
3324,139,15,English,Annual Exam,100,91.8
3325,139,16,Social Studies,Unit Test 1,25,25.0
3326,139,16,Social Studies,Unit Test 2,25,22.8
3327,139,16,Social Studies,Half Yearly,100,97.1
3328,139,16,Social Studies,Annual Exam,100,100.0
3329,139,17,Telugu,Unit Test 1,25,20.9
3330,139,17,Telugu,Unit Test 2,25,23.8
3331,139,17,Telugu,Half Yearly,100,76.6
3332,139,17,Telugu,Annual Exam,100,66.3
3333,139,18,Computer Science,Unit Test 1,25,22.7
3334,139,18,Computer Science,Unit Test 2,25,25.0
3335,139,18,Computer Science,Half Yearly,100,79.2
3336,139,18,Computer Science,Annual Exam,100,85.6
3337,140,13,Mathematics,Unit Test 1,25,21.4
3338,140,13,Mathematics,Unit Test 2,25,21.3
3339,140,13,Mathematics,Half Yearly,100,78.8
3340,140,13,Mathematics,Annual Exam,100,93.1
3341,140,14,Science,Unit Test 1,25,18.8
3342,140,14,Science,Unit Test 2,25,21.4
3343,140,14,Science,Half Yearly,100,82.8
3344,140,14,Science,Annual Exam,100,76.8
3345,140,15,English,Unit Test 1,25,20.1
3346,140,15,English,Unit Test 2,25,23.8
3347,140,15,English,Half Yearly,100,79.2
3348,140,15,English,Annual Exam,100,85.0
3349,140,16,Social Studies,Unit Test 1,25,19.3
3350,140,16,Social Studies,Unit Test 2,25,20.4
3351,140,16,Social Studies,Half Yearly,100,74.8
3352,140,16,Social Studies,Annual Exam,100,82.7
3353,140,17,Telugu,Unit Test 1,25,19.0
3354,140,17,Telugu,Unit Test 2,25,24.4
3355,140,17,Telugu,Half Yearly,100,76.3
3356,140,17,Telugu,Annual Exam,100,96.4
3357,140,18,Computer Science,Unit Test 1,25,20.5
3358,140,18,Computer Science,Unit Test 2,25,15.5
3359,140,18,Computer Science,Half Yearly,100,76.8
3360,140,18,Computer Science,Annual Exam,100,91.7
3361,141,13,Mathematics,Unit Test 1,25,16.3
3362,141,13,Mathematics,Unit Test 2,25,21.5
3363,141,13,Mathematics,Half Yearly,100,59.1
3364,141,13,Mathematics,Annual Exam,100,62.6
3365,141,14,Science,Unit Test 1,25,17.1
3366,141,14,Science,Unit Test 2,25,16.3
3367,141,14,Science,Half Yearly,100,68.2
3368,141,14,Science,Annual Exam,100,60.9
3369,141,15,English,Unit Test 1,25,15.7
3370,141,15,English,Unit Test 2,25,16.2
3371,141,15,English,Half Yearly,100,62.2
3372,141,15,English,Annual Exam,100,52.1
3373,141,16,Social Studies,Unit Test 1,25,16.2
3374,141,16,Social Studies,Unit Test 2,25,14.3
3375,141,16,Social Studies,Half Yearly,100,71.7
3376,141,16,Social Studies,Annual Exam,100,56.7
3377,141,17,Telugu,Unit Test 1,25,14.1
3378,141,17,Telugu,Unit Test 2,25,14.2
3379,141,17,Telugu,Half Yearly,100,52.2
3380,141,17,Telugu,Annual Exam,100,56.7
3381,141,18,Computer Science,Unit Test 1,25,13.4
3382,141,18,Computer Science,Unit Test 2,25,12.5
3383,141,18,Computer Science,Half Yearly,100,69.9
3384,141,18,Computer Science,Annual Exam,100,65.7
3385,142,13,Mathematics,Unit Test 1,25,19.8
3386,142,13,Mathematics,Unit Test 2,25,16.1
3387,142,13,Mathematics,Half Yearly,100,84.6
3388,142,13,Mathematics,Annual Exam,100,80.6
3389,142,14,Science,Unit Test 1,25,17.7
3390,142,14,Science,Unit Test 2,25,17.7
3391,142,14,Science,Half Yearly,100,85.8
3392,142,14,Science,Annual Exam,100,69.9
3393,142,15,English,Unit Test 1,25,18.8
3394,142,15,English,Unit Test 2,25,15.1
3395,142,15,English,Half Yearly,100,79.1
3396,142,15,English,Annual Exam,100,82.3
3397,142,16,Social Studies,Unit Test 1,25,20.3
3398,142,16,Social Studies,Unit Test 2,25,19.8
3399,142,16,Social Studies,Half Yearly,100,100.0
3400,142,16,Social Studies,Annual Exam,100,74.1
3401,142,17,Telugu,Unit Test 1,25,17.9
3402,142,17,Telugu,Unit Test 2,25,19.5
3403,142,17,Telugu,Half Yearly,100,90.2
3404,142,17,Telugu,Annual Exam,100,71.9
3405,142,18,Computer Science,Unit Test 1,25,19.9
3406,142,18,Computer Science,Unit Test 2,25,22.4
3407,142,18,Computer Science,Half Yearly,100,92.1
3408,142,18,Computer Science,Annual Exam,100,74.3
3409,143,13,Mathematics,Unit Test 1,25,20.4
3410,143,13,Mathematics,Unit Test 2,25,17.6
3411,143,13,Mathematics,Half Yearly,100,72.4
3412,143,13,Mathematics,Annual Exam,100,80.3
3413,143,14,Science,Unit Test 1,25,18.8
3414,143,14,Science,Unit Test 2,25,19.6
3415,143,14,Science,Half Yearly,100,70.6
3416,143,14,Science,Annual Exam,100,55.4
3417,143,15,English,Unit Test 1,25,17.4
3418,143,15,English,Unit Test 2,25,18.9
3419,143,15,English,Half Yearly,100,70.2
3420,143,15,English,Annual Exam,100,70.1
3421,143,16,Social Studies,Unit Test 1,25,16.2
3422,143,16,Social Studies,Unit Test 2,25,17.9
3423,143,16,Social Studies,Half Yearly,100,74.0
3424,143,16,Social Studies,Annual Exam,100,76.5
3425,143,17,Telugu,Unit Test 1,25,18.7
3426,143,17,Telugu,Unit Test 2,25,17.2
3427,143,17,Telugu,Half Yearly,100,63.9
3428,143,17,Telugu,Annual Exam,100,85.0
3429,143,18,Computer Science,Unit Test 1,25,21.1
3430,143,18,Computer Science,Unit Test 2,25,23.1
3431,143,18,Computer Science,Half Yearly,100,93.5
3432,143,18,Computer Science,Annual Exam,100,86.0
3433,144,13,Mathematics,Unit Test 1,25,21.8
3434,144,13,Mathematics,Unit Test 2,25,14.4
3435,144,13,Mathematics,Half Yearly,100,89.8
3436,144,13,Mathematics,Annual Exam,100,72.5
3437,144,14,Science,Unit Test 1,25,24.5
3438,144,14,Science,Unit Test 2,25,19.1
3439,144,14,Science,Half Yearly,100,92.6
3440,144,14,Science,Annual Exam,100,84.7
3441,144,15,English,Unit Test 1,25,19.7
3442,144,15,English,Unit Test 2,25,21.3
3443,144,15,English,Half Yearly,100,94.8
3444,144,15,English,Annual Exam,100,95.0
3445,144,16,Social Studies,Unit Test 1,25,20.5
3446,144,16,Social Studies,Unit Test 2,25,20.5
3447,144,16,Social Studies,Half Yearly,100,75.6
3448,144,16,Social Studies,Annual Exam,100,64.6
3449,144,17,Telugu,Unit Test 1,25,16.4
3450,144,17,Telugu,Unit Test 2,25,21.6
3451,144,17,Telugu,Half Yearly,100,96.4
3452,144,17,Telugu,Annual Exam,100,87.8
3453,144,18,Computer Science,Unit Test 1,25,17.4
3454,144,18,Computer Science,Unit Test 2,25,17.3
3455,144,18,Computer Science,Half Yearly,100,82.5
3456,144,18,Computer Science,Annual Exam,100,65.8
3457,145,13,Mathematics,Unit Test 1,25,16.9
3458,145,13,Mathematics,Unit Test 2,25,19.2
3459,145,13,Mathematics,Half Yearly,100,55.7
3460,145,13,Mathematics,Annual Exam,100,49.8
3461,145,14,Science,Unit Test 1,25,10.5
3462,145,14,Science,Unit Test 2,25,13.7
3463,145,14,Science,Half Yearly,100,44.4
3464,145,14,Science,Annual Exam,100,58.2
3465,145,15,English,Unit Test 1,25,13.6
3466,145,15,English,Unit Test 2,25,15.4
3467,145,15,English,Half Yearly,100,65.2
3468,145,15,English,Annual Exam,100,55.8
3469,145,16,Social Studies,Unit Test 1,25,9.6
3470,145,16,Social Studies,Unit Test 2,25,15.9
3471,145,16,Social Studies,Half Yearly,100,48.8
3472,145,16,Social Studies,Annual Exam,100,45.5
3473,145,17,Telugu,Unit Test 1,25,13.3
3474,145,17,Telugu,Unit Test 2,25,11.2
3475,145,17,Telugu,Half Yearly,100,43.6
3476,145,17,Telugu,Annual Exam,100,53.9
3477,145,18,Computer Science,Unit Test 1,25,12.9
3478,145,18,Computer Science,Unit Test 2,25,14.4
3479,145,18,Computer Science,Half Yearly,100,62.3
3480,145,18,Computer Science,Annual Exam,100,55.6
3481,146,13,Mathematics,Unit Test 1,25,12.7
3482,146,13,Mathematics,Unit Test 2,25,14.2
3483,146,13,Mathematics,Half Yearly,100,50.6
3484,146,13,Mathematics,Annual Exam,100,63.6
3485,146,14,Science,Unit Test 1,25,16.0
3486,146,14,Science,Unit Test 2,25,12.3
3487,146,14,Science,Half Yearly,100,56.9
3488,146,14,Science,Annual Exam,100,58.3
3489,146,15,English,Unit Test 1,25,15.3
3490,146,15,English,Unit Test 2,25,14.4
3491,146,15,English,Half Yearly,100,64.0
3492,146,15,English,Annual Exam,100,59.6
3493,146,16,Social Studies,Unit Test 1,25,19.7
3494,146,16,Social Studies,Unit Test 2,25,18.3
3495,146,16,Social Studies,Half Yearly,100,71.6
3496,146,16,Social Studies,Annual Exam,100,69.9
3497,146,17,Telugu,Unit Test 1,25,16.9
3498,146,17,Telugu,Unit Test 2,25,19.8
3499,146,17,Telugu,Half Yearly,100,78.7
3500,146,17,Telugu,Annual Exam,100,69.1
3501,146,18,Computer Science,Unit Test 1,25,13.5
3502,146,18,Computer Science,Unit Test 2,25,14.4
3503,146,18,Computer Science,Half Yearly,100,49.5
3504,146,18,Computer Science,Annual Exam,100,74.5
3505,147,13,Mathematics,Unit Test 1,25,15.8
3506,147,13,Mathematics,Unit Test 2,25,17.8
3507,147,13,Mathematics,Half Yearly,100,80.7
3508,147,13,Mathematics,Annual Exam,100,72.8
3509,147,14,Science,Unit Test 1,25,16.0
3510,147,14,Science,Unit Test 2,25,20.8
3511,147,14,Science,Half Yearly,100,58.3
3512,147,14,Science,Annual Exam,100,75.7
3513,147,15,English,Unit Test 1,25,22.2
3514,147,15,English,Unit Test 2,25,22.0
3515,147,15,English,Half Yearly,100,73.9
3516,147,15,English,Annual Exam,100,68.4
3517,147,16,Social Studies,Unit Test 1,25,22.0
3518,147,16,Social Studies,Unit Test 2,25,18.2
3519,147,16,Social Studies,Half Yearly,100,68.9
3520,147,16,Social Studies,Annual Exam,100,68.2
3521,147,17,Telugu,Unit Test 1,25,17.1
3522,147,17,Telugu,Unit Test 2,25,15.4
3523,147,17,Telugu,Half Yearly,100,80.9
3524,147,17,Telugu,Annual Exam,100,66.0
3525,147,18,Computer Science,Unit Test 1,25,15.1
3526,147,18,Computer Science,Unit Test 2,25,20.9
3527,147,18,Computer Science,Half Yearly,100,79.0
3528,147,18,Computer Science,Annual Exam,100,76.4
3529,148,13,Mathematics,Unit Test 1,25,22.1
3530,148,13,Mathematics,Unit Test 2,25,20.3
3531,148,13,Mathematics,Half Yearly,100,81.2
3532,148,13,Mathematics,Annual Exam,100,86.3
3533,148,14,Science,Unit Test 1,25,20.3
3534,148,14,Science,Unit Test 2,25,18.4
3535,148,14,Science,Half Yearly,100,70.8
3536,148,14,Science,Annual Exam,100,67.9
3537,148,15,English,Unit Test 1,25,18.6
3538,148,15,English,Unit Test 2,25,19.8
3539,148,15,English,Half Yearly,100,41.6
3540,148,15,English,Annual Exam,100,66.7
3541,148,16,Social Studies,Unit Test 1,25,16.1
3542,148,16,Social Studies,Unit Test 2,25,16.8
3543,148,16,Social Studies,Half Yearly,100,74.9
3544,148,16,Social Studies,Annual Exam,100,74.3
3545,148,17,Telugu,Unit Test 1,25,16.9
3546,148,17,Telugu,Unit Test 2,25,18.0
3547,148,17,Telugu,Half Yearly,100,66.4
3548,148,17,Telugu,Annual Exam,100,62.9
3549,148,18,Computer Science,Unit Test 1,25,18.9
3550,148,18,Computer Science,Unit Test 2,25,18.9
3551,148,18,Computer Science,Half Yearly,100,79.2
3552,148,18,Computer Science,Annual Exam,100,69.1
3553,149,13,Mathematics,Unit Test 1,25,19.0
3554,149,13,Mathematics,Unit Test 2,25,16.7
3555,149,13,Mathematics,Half Yearly,100,73.8
3556,149,13,Mathematics,Annual Exam,100,85.4
3557,149,14,Science,Unit Test 1,25,16.4
3558,149,14,Science,Unit Test 2,25,17.4
3559,149,14,Science,Half Yearly,100,58.4
3560,149,14,Science,Annual Exam,100,62.2
3561,149,15,English,Unit Test 1,25,14.2
3562,149,15,English,Unit Test 2,25,17.1
3563,149,15,English,Half Yearly,100,49.3
3564,149,15,English,Annual Exam,100,61.9
3565,149,16,Social Studies,Unit Test 1,25,11.9
3566,149,16,Social Studies,Unit Test 2,25,12.6
3567,149,16,Social Studies,Half Yearly,100,59.2
3568,149,16,Social Studies,Annual Exam,100,56.6
3569,149,17,Telugu,Unit Test 1,25,12.9
3570,149,17,Telugu,Unit Test 2,25,16.3
3571,149,17,Telugu,Half Yearly,100,56.2
3572,149,17,Telugu,Annual Exam,100,72.9
3573,149,18,Computer Science,Unit Test 1,25,18.8
3574,149,18,Computer Science,Unit Test 2,25,16.2
3575,149,18,Computer Science,Half Yearly,100,74.5
3576,149,18,Computer Science,Annual Exam,100,61.6
3577,150,13,Mathematics,Unit Test 1,25,18.6
3578,150,13,Mathematics,Unit Test 2,25,14.5
3579,150,13,Mathematics,Half Yearly,100,68.8
3580,150,13,Mathematics,Annual Exam,100,65.7
3581,150,14,Science,Unit Test 1,25,21.1
3582,150,14,Science,Unit Test 2,25,19.2
3583,150,14,Science,Half Yearly,100,88.1
3584,150,14,Science,Annual Exam,100,86.7
3585,150,15,English,Unit Test 1,25,17.9
3586,150,15,English,Unit Test 2,25,20.9
3587,150,15,English,Half Yearly,100,65.2
3588,150,15,English,Annual Exam,100,89.3
3589,150,16,Social Studies,Unit Test 1,25,21.1
3590,150,16,Social Studies,Unit Test 2,25,17.2
3591,150,16,Social Studies,Half Yearly,100,71.9
3592,150,16,Social Studies,Annual Exam,100,82.9
3593,150,17,Telugu,Unit Test 1,25,15.6
3594,150,17,Telugu,Unit Test 2,25,20.8
3595,150,17,Telugu,Half Yearly,100,72.6
3596,150,17,Telugu,Annual Exam,100,81.7
3597,150,18,Computer Science,Unit Test 1,25,19.6
3598,150,18,Computer Science,Unit Test 2,25,22.4
3599,150,18,Computer Science,Half Yearly,100,87.5
3600,150,18,Computer Science,Annual Exam,100,87.6
3601,151,13,Mathematics,Unit Test 1,25,24.2
3602,151,13,Mathematics,Unit Test 2,25,23.0
3603,151,13,Mathematics,Half Yearly,100,90.6
3604,151,13,Mathematics,Annual Exam,100,85.8
3605,151,14,Science,Unit Test 1,25,19.2
3606,151,14,Science,Unit Test 2,25,19.9
3607,151,14,Science,Half Yearly,100,61.3
3608,151,14,Science,Annual Exam,100,71.3
3609,151,15,English,Unit Test 1,25,19.5
3610,151,15,English,Unit Test 2,25,20.6
3611,151,15,English,Half Yearly,100,92.6
3612,151,15,English,Annual Exam,100,88.4
3613,151,16,Social Studies,Unit Test 1,25,19.1
3614,151,16,Social Studies,Unit Test 2,25,18.5
3615,151,16,Social Studies,Half Yearly,100,63.9
3616,151,16,Social Studies,Annual Exam,100,79.0
3617,151,17,Telugu,Unit Test 1,25,20.1
3618,151,17,Telugu,Unit Test 2,25,17.9
3619,151,17,Telugu,Half Yearly,100,83.5
3620,151,17,Telugu,Annual Exam,100,82.0
3621,151,18,Computer Science,Unit Test 1,25,20.8
3622,151,18,Computer Science,Unit Test 2,25,18.4
3623,151,18,Computer Science,Half Yearly,100,70.2
3624,151,18,Computer Science,Annual Exam,100,76.4
3625,152,13,Mathematics,Unit Test 1,25,19.7
3626,152,13,Mathematics,Unit Test 2,25,21.8
3627,152,13,Mathematics,Half Yearly,100,68.7
3628,152,13,Mathematics,Annual Exam,100,66.5
3629,152,14,Science,Unit Test 1,25,16.4
3630,152,14,Science,Unit Test 2,25,15.0
3631,152,14,Science,Half Yearly,100,74.4
3632,152,14,Science,Annual Exam,100,68.2
3633,152,15,English,Unit Test 1,25,14.8
3634,152,15,English,Unit Test 2,25,13.7
3635,152,15,English,Half Yearly,100,67.0
3636,152,15,English,Annual Exam,100,66.0
3637,152,16,Social Studies,Unit Test 1,25,12.2
3638,152,16,Social Studies,Unit Test 2,25,15.7
3639,152,16,Social Studies,Half Yearly,100,57.3
3640,152,16,Social Studies,Annual Exam,100,69.3
3641,152,17,Telugu,Unit Test 1,25,18.0
3642,152,17,Telugu,Unit Test 2,25,15.4
3643,152,17,Telugu,Half Yearly,100,58.5
3644,152,17,Telugu,Annual Exam,100,56.7
3645,152,18,Computer Science,Unit Test 1,25,11.9
3646,152,18,Computer Science,Unit Test 2,25,15.5
3647,152,18,Computer Science,Half Yearly,100,63.7
3648,152,18,Computer Science,Annual Exam,100,54.8
3649,153,13,Mathematics,Unit Test 1,25,21.5
3650,153,13,Mathematics,Unit Test 2,25,21.9
3651,153,13,Mathematics,Half Yearly,100,93.7
3652,153,13,Mathematics,Annual Exam,100,74.8
3653,153,14,Science,Unit Test 1,25,17.5
3654,153,14,Science,Unit Test 2,25,19.6
3655,153,14,Science,Half Yearly,100,74.6
3656,153,14,Science,Annual Exam,100,73.8
3657,153,15,English,Unit Test 1,25,24.2
3658,153,15,English,Unit Test 2,25,25.0
3659,153,15,English,Half Yearly,100,91.6
3660,153,15,English,Annual Exam,100,91.6
3661,153,16,Social Studies,Unit Test 1,25,19.0
3662,153,16,Social Studies,Unit Test 2,25,17.9
3663,153,16,Social Studies,Half Yearly,100,67.3
3664,153,16,Social Studies,Annual Exam,100,69.7
3665,153,17,Telugu,Unit Test 1,25,16.0
3666,153,17,Telugu,Unit Test 2,25,19.4
3667,153,17,Telugu,Half Yearly,100,83.4
3668,153,17,Telugu,Annual Exam,100,70.0
3669,153,18,Computer Science,Unit Test 1,25,17.4
3670,153,18,Computer Science,Unit Test 2,25,20.7
3671,153,18,Computer Science,Half Yearly,100,82.5
3672,153,18,Computer Science,Annual Exam,100,66.7
3673,154,13,Mathematics,Unit Test 1,25,16.1
3674,154,13,Mathematics,Unit Test 2,25,13.3
3675,154,13,Mathematics,Half Yearly,100,56.2
3676,154,13,Mathematics,Annual Exam,100,84.0
3677,154,14,Science,Unit Test 1,25,13.0
3678,154,14,Science,Unit Test 2,25,9.9
3679,154,14,Science,Half Yearly,100,58.2
3680,154,14,Science,Annual Exam,100,53.2
3681,154,15,English,Unit Test 1,25,19.2
3682,154,15,English,Unit Test 2,25,13.9
3683,154,15,English,Half Yearly,100,46.8
3684,154,15,English,Annual Exam,100,62.4
3685,154,16,Social Studies,Unit Test 1,25,17.0
3686,154,16,Social Studies,Unit Test 2,25,15.4
3687,154,16,Social Studies,Half Yearly,100,52.1
3688,154,16,Social Studies,Annual Exam,100,46.4
3689,154,17,Telugu,Unit Test 1,25,16.6
3690,154,17,Telugu,Unit Test 2,25,15.0
3691,154,17,Telugu,Half Yearly,100,62.5
3692,154,17,Telugu,Annual Exam,100,56.7
3693,154,18,Computer Science,Unit Test 1,25,14.3
3694,154,18,Computer Science,Unit Test 2,25,17.9
3695,154,18,Computer Science,Half Yearly,100,77.5
3696,154,18,Computer Science,Annual Exam,100,53.1
3697,155,13,Mathematics,Unit Test 1,25,19.6
3698,155,13,Mathematics,Unit Test 2,25,16.2
3699,155,13,Mathematics,Half Yearly,100,64.0
3700,155,13,Mathematics,Annual Exam,100,94.8
3701,155,14,Science,Unit Test 1,25,21.2
3702,155,14,Science,Unit Test 2,25,21.0
3703,155,14,Science,Half Yearly,100,93.9
3704,155,14,Science,Annual Exam,100,82.2
3705,155,15,English,Unit Test 1,25,23.3
3706,155,15,English,Unit Test 2,25,21.8
3707,155,15,English,Half Yearly,100,86.0
3708,155,15,English,Annual Exam,100,89.2
3709,155,16,Social Studies,Unit Test 1,25,16.8
3710,155,16,Social Studies,Unit Test 2,25,20.2
3711,155,16,Social Studies,Half Yearly,100,69.2
3712,155,16,Social Studies,Annual Exam,100,86.7
3713,155,17,Telugu,Unit Test 1,25,15.6
3714,155,17,Telugu,Unit Test 2,25,17.2
3715,155,17,Telugu,Half Yearly,100,69.3
3716,155,17,Telugu,Annual Exam,100,75.4
3717,155,18,Computer Science,Unit Test 1,25,17.5
3718,155,18,Computer Science,Unit Test 2,25,17.7
3719,155,18,Computer Science,Half Yearly,100,65.5
3720,155,18,Computer Science,Annual Exam,100,74.9
3721,156,13,Mathematics,Unit Test 1,25,16.8
3722,156,13,Mathematics,Unit Test 2,25,13.3
3723,156,13,Mathematics,Half Yearly,100,42.2
3724,156,13,Mathematics,Annual Exam,100,52.1
3725,156,14,Science,Unit Test 1,25,20.4
3726,156,14,Science,Unit Test 2,25,20.4
3727,156,14,Science,Half Yearly,100,77.4
3728,156,14,Science,Annual Exam,100,62.1
3729,156,15,English,Unit Test 1,25,12.7
3730,156,15,English,Unit Test 2,25,15.4
3731,156,15,English,Half Yearly,100,57.8
3732,156,15,English,Annual Exam,100,72.3
3733,156,16,Social Studies,Unit Test 1,25,18.6
3734,156,16,Social Studies,Unit Test 2,25,17.4
3735,156,16,Social Studies,Half Yearly,100,89.9
3736,156,16,Social Studies,Annual Exam,100,79.6
3737,156,17,Telugu,Unit Test 1,25,20.1
3738,156,17,Telugu,Unit Test 2,25,17.5
3739,156,17,Telugu,Half Yearly,100,59.9
3740,156,17,Telugu,Annual Exam,100,61.1
3741,156,18,Computer Science,Unit Test 1,25,18.0
3742,156,18,Computer Science,Unit Test 2,25,14.6
3743,156,18,Computer Science,Half Yearly,100,82.0
3744,156,18,Computer Science,Annual Exam,100,56.2
3745,157,13,Mathematics,Unit Test 1,25,18.9
3746,157,13,Mathematics,Unit Test 2,25,13.3
3747,157,13,Mathematics,Half Yearly,100,71.5
3748,157,13,Mathematics,Annual Exam,100,88.3
3749,157,14,Science,Unit Test 1,25,18.4
3750,157,14,Science,Unit Test 2,25,20.8
3751,157,14,Science,Half Yearly,100,82.1
3752,157,14,Science,Annual Exam,100,97.0
3753,157,15,English,Unit Test 1,25,20.0
3754,157,15,English,Unit Test 2,25,23.5
3755,157,15,English,Half Yearly,100,90.6
3756,157,15,English,Annual Exam,100,85.1
3757,157,16,Social Studies,Unit Test 1,25,25.0
3758,157,16,Social Studies,Unit Test 2,25,22.0
3759,157,16,Social Studies,Half Yearly,100,100.0
3760,157,16,Social Studies,Annual Exam,100,95.8
3761,157,17,Telugu,Unit Test 1,25,24.2
3762,157,17,Telugu,Unit Test 2,25,25.0
3763,157,17,Telugu,Half Yearly,100,87.0
3764,157,17,Telugu,Annual Exam,100,100.0
3765,157,18,Computer Science,Unit Test 1,25,17.5
3766,157,18,Computer Science,Unit Test 2,25,16.7
3767,157,18,Computer Science,Half Yearly,100,70.1
3768,157,18,Computer Science,Annual Exam,100,67.2
3769,158,13,Mathematics,Unit Test 1,25,23.7
3770,158,13,Mathematics,Unit Test 2,25,18.8
3771,158,13,Mathematics,Half Yearly,100,81.6
3772,158,13,Mathematics,Annual Exam,100,87.4
3773,158,14,Science,Unit Test 1,25,19.9
3774,158,14,Science,Unit Test 2,25,22.7
3775,158,14,Science,Half Yearly,100,81.5
3776,158,14,Science,Annual Exam,100,85.4
3777,158,15,English,Unit Test 1,25,23.3
3778,158,15,English,Unit Test 2,25,20.1
3779,158,15,English,Half Yearly,100,98.6
3780,158,15,English,Annual Exam,100,80.7
3781,158,16,Social Studies,Unit Test 1,25,18.6
3782,158,16,Social Studies,Unit Test 2,25,21.0
3783,158,16,Social Studies,Half Yearly,100,79.3
3784,158,16,Social Studies,Annual Exam,100,86.0
3785,158,17,Telugu,Unit Test 1,25,18.0
3786,158,17,Telugu,Unit Test 2,25,17.1
3787,158,17,Telugu,Half Yearly,100,70.6
3788,158,17,Telugu,Annual Exam,100,85.8
3789,158,18,Computer Science,Unit Test 1,25,21.6
3790,158,18,Computer Science,Unit Test 2,25,20.7
3791,158,18,Computer Science,Half Yearly,100,89.2
3792,158,18,Computer Science,Annual Exam,100,94.9
3793,159,13,Mathematics,Unit Test 1,25,19.7
3794,159,13,Mathematics,Unit Test 2,25,12.3
3795,159,13,Mathematics,Half Yearly,100,64.7
3796,159,13,Mathematics,Annual Exam,100,51.1
3797,159,14,Science,Unit Test 1,25,15.5
3798,159,14,Science,Unit Test 2,25,16.5
3799,159,14,Science,Half Yearly,100,72.4
3800,159,14,Science,Annual Exam,100,65.1
3801,159,15,English,Unit Test 1,25,17.6
3802,159,15,English,Unit Test 2,25,11.9
3803,159,15,English,Half Yearly,100,56.4
3804,159,15,English,Annual Exam,100,50.8
3805,159,16,Social Studies,Unit Test 1,25,19.3
3806,159,16,Social Studies,Unit Test 2,25,17.9
3807,159,16,Social Studies,Half Yearly,100,76.6
3808,159,16,Social Studies,Annual Exam,100,66.5
3809,159,17,Telugu,Unit Test 1,25,16.3
3810,159,17,Telugu,Unit Test 2,25,12.8
3811,159,17,Telugu,Half Yearly,100,61.3
3812,159,17,Telugu,Annual Exam,100,54.9
3813,159,18,Computer Science,Unit Test 1,25,8.9
3814,159,18,Computer Science,Unit Test 2,25,12.9
3815,159,18,Computer Science,Half Yearly,100,38.7
3816,159,18,Computer Science,Annual Exam,100,57.0
3817,160,13,Mathematics,Unit Test 1,25,19.9
3818,160,13,Mathematics,Unit Test 2,25,14.6
3819,160,13,Mathematics,Half Yearly,100,88.0
3820,160,13,Mathematics,Annual Exam,100,67.0
3821,160,14,Science,Unit Test 1,25,15.4
3822,160,14,Science,Unit Test 2,25,16.6
3823,160,14,Science,Half Yearly,100,76.8
3824,160,14,Science,Annual Exam,100,61.9
3825,160,15,English,Unit Test 1,25,16.5
3826,160,15,English,Unit Test 2,25,13.9
3827,160,15,English,Half Yearly,100,63.4
3828,160,15,English,Annual Exam,100,74.0
3829,160,16,Social Studies,Unit Test 1,25,17.7
3830,160,16,Social Studies,Unit Test 2,25,21.2
3831,160,16,Social Studies,Half Yearly,100,86.9
3832,160,16,Social Studies,Annual Exam,100,65.9
3833,160,17,Telugu,Unit Test 1,25,17.6
3834,160,17,Telugu,Unit Test 2,25,16.8
3835,160,17,Telugu,Half Yearly,100,82.4
3836,160,17,Telugu,Annual Exam,100,85.1
3837,160,18,Computer Science,Unit Test 1,25,19.9
3838,160,18,Computer Science,Unit Test 2,25,18.9
3839,160,18,Computer Science,Half Yearly,100,73.8
3840,160,18,Computer Science,Annual Exam,100,68.1
3841,161,13,Mathematics,Unit Test 1,25,18.3
3842,161,13,Mathematics,Unit Test 2,25,12.1
3843,161,13,Mathematics,Half Yearly,100,62.3
3844,161,13,Mathematics,Annual Exam,100,64.5
3845,161,14,Science,Unit Test 1,25,12.0
3846,161,14,Science,Unit Test 2,25,12.3
3847,161,14,Science,Half Yearly,100,57.8
3848,161,14,Science,Annual Exam,100,49.7
3849,161,15,English,Unit Test 1,25,12.0
3850,161,15,English,Unit Test 2,25,9.5
3851,161,15,English,Half Yearly,100,59.3
3852,161,15,English,Annual Exam,100,59.3
3853,161,16,Social Studies,Unit Test 1,25,21.5
3854,161,16,Social Studies,Unit Test 2,25,19.6
3855,161,16,Social Studies,Half Yearly,100,50.9
3856,161,16,Social Studies,Annual Exam,100,90.5
3857,161,17,Telugu,Unit Test 1,25,18.6
3858,161,17,Telugu,Unit Test 2,25,13.5
3859,161,17,Telugu,Half Yearly,100,60.7
3860,161,17,Telugu,Annual Exam,100,66.1
3861,161,18,Computer Science,Unit Test 1,25,17.9
3862,161,18,Computer Science,Unit Test 2,25,16.5
3863,161,18,Computer Science,Half Yearly,100,62.5
3864,161,18,Computer Science,Annual Exam,100,59.5
3865,162,13,Mathematics,Unit Test 1,25,18.5
3866,162,13,Mathematics,Unit Test 2,25,16.4
3867,162,13,Mathematics,Half Yearly,100,54.4
3868,162,13,Mathematics,Annual Exam,100,65.7
3869,162,14,Science,Unit Test 1,25,24.2
3870,162,14,Science,Unit Test 2,25,19.7
3871,162,14,Science,Half Yearly,100,83.1
3872,162,14,Science,Annual Exam,100,74.3
3873,162,15,English,Unit Test 1,25,19.8
3874,162,15,English,Unit Test 2,25,19.3
3875,162,15,English,Half Yearly,100,86.4
3876,162,15,English,Annual Exam,100,66.1
3877,162,16,Social Studies,Unit Test 1,25,15.9
3878,162,16,Social Studies,Unit Test 2,25,17.5
3879,162,16,Social Studies,Half Yearly,100,77.7
3880,162,16,Social Studies,Annual Exam,100,78.0
3881,162,17,Telugu,Unit Test 1,25,19.4
3882,162,17,Telugu,Unit Test 2,25,20.6
3883,162,17,Telugu,Half Yearly,100,69.3
3884,162,17,Telugu,Annual Exam,100,79.4
3885,162,18,Computer Science,Unit Test 1,25,19.9
3886,162,18,Computer Science,Unit Test 2,25,11.5
3887,162,18,Computer Science,Half Yearly,100,64.5
3888,162,18,Computer Science,Annual Exam,100,65.8
3889,163,13,Mathematics,Unit Test 1,25,12.4
3890,163,13,Mathematics,Unit Test 2,25,11.5
3891,163,13,Mathematics,Half Yearly,100,52.9
3892,163,13,Mathematics,Annual Exam,100,63.2
3893,163,14,Science,Unit Test 1,25,13.6
3894,163,14,Science,Unit Test 2,25,14.0
3895,163,14,Science,Half Yearly,100,35.0
3896,163,14,Science,Annual Exam,100,47.2
3897,163,15,English,Unit Test 1,25,9.9
3898,163,15,English,Unit Test 2,25,12.8
3899,163,15,English,Half Yearly,100,51.4
3900,163,15,English,Annual Exam,100,36.0
3901,163,16,Social Studies,Unit Test 1,25,13.0
3902,163,16,Social Studies,Unit Test 2,25,10.6
3903,163,16,Social Studies,Half Yearly,100,56.5
3904,163,16,Social Studies,Annual Exam,100,58.8
3905,163,17,Telugu,Unit Test 1,25,12.5
3906,163,17,Telugu,Unit Test 2,25,11.1
3907,163,17,Telugu,Half Yearly,100,38.7
3908,163,17,Telugu,Annual Exam,100,51.4
3909,163,18,Computer Science,Unit Test 1,25,13.6
3910,163,18,Computer Science,Unit Test 2,25,11.2
3911,163,18,Computer Science,Half Yearly,100,49.4
3912,163,18,Computer Science,Annual Exam,100,44.7
3913,164,13,Mathematics,Unit Test 1,25,20.9
3914,164,13,Mathematics,Unit Test 2,25,25.0
3915,164,13,Mathematics,Half Yearly,100,84.7
3916,164,13,Mathematics,Annual Exam,100,76.1
3917,164,14,Science,Unit Test 1,25,15.8
3918,164,14,Science,Unit Test 2,25,18.2
3919,164,14,Science,Half Yearly,100,74.7
3920,164,14,Science,Annual Exam,100,86.1
3921,164,15,English,Unit Test 1,25,15.3
3922,164,15,English,Unit Test 2,25,20.4
3923,164,15,English,Half Yearly,100,74.4
3924,164,15,English,Annual Exam,100,80.0
3925,164,16,Social Studies,Unit Test 1,25,20.1
3926,164,16,Social Studies,Unit Test 2,25,20.0
3927,164,16,Social Studies,Half Yearly,100,75.2
3928,164,16,Social Studies,Annual Exam,100,83.8
3929,164,17,Telugu,Unit Test 1,25,20.3
3930,164,17,Telugu,Unit Test 2,25,20.4
3931,164,17,Telugu,Half Yearly,100,67.7
3932,164,17,Telugu,Annual Exam,100,70.9
3933,164,18,Computer Science,Unit Test 1,25,19.0
3934,164,18,Computer Science,Unit Test 2,25,16.5
3935,164,18,Computer Science,Half Yearly,100,92.5
3936,164,18,Computer Science,Annual Exam,100,74.6
3937,165,13,Mathematics,Unit Test 1,25,21.6
3938,165,13,Mathematics,Unit Test 2,25,22.8
3939,165,13,Mathematics,Half Yearly,100,79.5
3940,165,13,Mathematics,Annual Exam,100,88.2
3941,165,14,Science,Unit Test 1,25,19.9
3942,165,14,Science,Unit Test 2,25,18.0
3943,165,14,Science,Half Yearly,100,90.7
3944,165,14,Science,Annual Exam,100,82.9
3945,165,15,English,Unit Test 1,25,21.2
3946,165,15,English,Unit Test 2,25,23.6
3947,165,15,English,Half Yearly,100,73.8
3948,165,15,English,Annual Exam,100,80.1
3949,165,16,Social Studies,Unit Test 1,25,24.8
3950,165,16,Social Studies,Unit Test 2,25,18.9
3951,165,16,Social Studies,Half Yearly,100,100.0
3952,165,16,Social Studies,Annual Exam,100,93.1
3953,165,17,Telugu,Unit Test 1,25,22.3
3954,165,17,Telugu,Unit Test 2,25,18.4
3955,165,17,Telugu,Half Yearly,100,80.1
3956,165,17,Telugu,Annual Exam,100,77.4
3957,165,18,Computer Science,Unit Test 1,25,21.0
3958,165,18,Computer Science,Unit Test 2,25,21.7
3959,165,18,Computer Science,Half Yearly,100,71.6
3960,165,18,Computer Science,Annual Exam,100,96.1
3961,166,13,Mathematics,Unit Test 1,25,18.4
3962,166,13,Mathematics,Unit Test 2,25,19.4
3963,166,13,Mathematics,Half Yearly,100,69.4
3964,166,13,Mathematics,Annual Exam,100,75.4
3965,166,14,Science,Unit Test 1,25,19.3
3966,166,14,Science,Unit Test 2,25,21.7
3967,166,14,Science,Half Yearly,100,73.9
3968,166,14,Science,Annual Exam,100,65.4
3969,166,15,English,Unit Test 1,25,17.1
3970,166,15,English,Unit Test 2,25,14.0
3971,166,15,English,Half Yearly,100,83.3
3972,166,15,English,Annual Exam,100,78.2
3973,166,16,Social Studies,Unit Test 1,25,19.8
3974,166,16,Social Studies,Unit Test 2,25,14.8
3975,166,16,Social Studies,Half Yearly,100,64.9
3976,166,16,Social Studies,Annual Exam,100,58.1
3977,166,17,Telugu,Unit Test 1,25,17.4
3978,166,17,Telugu,Unit Test 2,25,19.5
3979,166,17,Telugu,Half Yearly,100,68.2
3980,166,17,Telugu,Annual Exam,100,66.4
3981,166,18,Computer Science,Unit Test 1,25,19.7
3982,166,18,Computer Science,Unit Test 2,25,19.4
3983,166,18,Computer Science,Half Yearly,100,63.1
3984,166,18,Computer Science,Annual Exam,100,69.3
3985,167,13,Mathematics,Unit Test 1,25,21.3
3986,167,13,Mathematics,Unit Test 2,25,18.8
3987,167,13,Mathematics,Half Yearly,100,84.8
3988,167,13,Mathematics,Annual Exam,100,86.4
3989,167,14,Science,Unit Test 1,25,15.9
3990,167,14,Science,Unit Test 2,25,13.0
3991,167,14,Science,Half Yearly,100,63.9
3992,167,14,Science,Annual Exam,100,62.3
3993,167,15,English,Unit Test 1,25,17.7
3994,167,15,English,Unit Test 2,25,14.2
3995,167,15,English,Half Yearly,100,80.4
3996,167,15,English,Annual Exam,100,77.3
3997,167,16,Social Studies,Unit Test 1,25,19.1
3998,167,16,Social Studies,Unit Test 2,25,22.3
3999,167,16,Social Studies,Half Yearly,100,60.9
4000,167,16,Social Studies,Annual Exam,100,79.9
4001,167,17,Telugu,Unit Test 1,25,19.2
4002,167,17,Telugu,Unit Test 2,25,18.5
4003,167,17,Telugu,Half Yearly,100,52.6
4004,167,17,Telugu,Annual Exam,100,70.3
4005,167,18,Computer Science,Unit Test 1,25,18.7
4006,167,18,Computer Science,Unit Test 2,25,19.1
4007,167,18,Computer Science,Half Yearly,100,72.7
4008,167,18,Computer Science,Annual Exam,100,74.0
4009,168,13,Mathematics,Unit Test 1,25,18.8
4010,168,13,Mathematics,Unit Test 2,25,17.9
4011,168,13,Mathematics,Half Yearly,100,69.9
4012,168,13,Mathematics,Annual Exam,100,81.5
4013,168,14,Science,Unit Test 1,25,14.1
4014,168,14,Science,Unit Test 2,25,16.7
4015,168,14,Science,Half Yearly,100,73.5
4016,168,14,Science,Annual Exam,100,68.6
4017,168,15,English,Unit Test 1,25,16.3
4018,168,15,English,Unit Test 2,25,11.8
4019,168,15,English,Half Yearly,100,45.0
4020,168,15,English,Annual Exam,100,66.4
4021,168,16,Social Studies,Unit Test 1,25,14.8
4022,168,16,Social Studies,Unit Test 2,25,12.9
4023,168,16,Social Studies,Half Yearly,100,70.2
4024,168,16,Social Studies,Annual Exam,100,42.9
4025,168,17,Telugu,Unit Test 1,25,14.7
4026,168,17,Telugu,Unit Test 2,25,18.3
4027,168,17,Telugu,Half Yearly,100,56.7
4028,168,17,Telugu,Annual Exam,100,65.2
4029,168,18,Computer Science,Unit Test 1,25,16.5
4030,168,18,Computer Science,Unit Test 2,25,16.1
4031,168,18,Computer Science,Half Yearly,100,68.6
4032,168,18,Computer Science,Annual Exam,100,65.2
4033,169,13,Mathematics,Unit Test 1,25,17.0
4034,169,13,Mathematics,Unit Test 2,25,14.1
4035,169,13,Mathematics,Half Yearly,100,56.1
4036,169,13,Mathematics,Annual Exam,100,67.5
4037,169,14,Science,Unit Test 1,25,12.1
4038,169,14,Science,Unit Test 2,25,12.8
4039,169,14,Science,Half Yearly,100,55.6
4040,169,14,Science,Annual Exam,100,63.4
4041,169,15,English,Unit Test 1,25,9.9
4042,169,15,English,Unit Test 2,25,15.9
4043,169,15,English,Half Yearly,100,50.2
4044,169,15,English,Annual Exam,100,63.6
4045,169,16,Social Studies,Unit Test 1,25,14.5
4046,169,16,Social Studies,Unit Test 2,25,14.3
4047,169,16,Social Studies,Half Yearly,100,57.8
4048,169,16,Social Studies,Annual Exam,100,61.7
4049,169,17,Telugu,Unit Test 1,25,13.9
4050,169,17,Telugu,Unit Test 2,25,11.7
4051,169,17,Telugu,Half Yearly,100,40.0
4052,169,17,Telugu,Annual Exam,100,54.6
4053,169,18,Computer Science,Unit Test 1,25,11.6
4054,169,18,Computer Science,Unit Test 2,25,14.8
4055,169,18,Computer Science,Half Yearly,100,55.7
4056,169,18,Computer Science,Annual Exam,100,72.1
4057,170,13,Mathematics,Unit Test 1,25,17.3
4058,170,13,Mathematics,Unit Test 2,25,17.5
4059,170,13,Mathematics,Half Yearly,100,68.8
4060,170,13,Mathematics,Annual Exam,100,70.3
4061,170,14,Science,Unit Test 1,25,20.5
4062,170,14,Science,Unit Test 2,25,19.6
4063,170,14,Science,Half Yearly,100,72.4
4064,170,14,Science,Annual Exam,100,74.1
4065,170,15,English,Unit Test 1,25,19.6
4066,170,15,English,Unit Test 2,25,18.7
4067,170,15,English,Half Yearly,100,78.3
4068,170,15,English,Annual Exam,100,82.8
4069,170,16,Social Studies,Unit Test 1,25,20.3
4070,170,16,Social Studies,Unit Test 2,25,22.3
4071,170,16,Social Studies,Half Yearly,100,87.6
4072,170,16,Social Studies,Annual Exam,100,81.5
4073,170,17,Telugu,Unit Test 1,25,18.8
4074,170,17,Telugu,Unit Test 2,25,23.2
4075,170,17,Telugu,Half Yearly,100,79.0
4076,170,17,Telugu,Annual Exam,100,83.0
4077,170,18,Computer Science,Unit Test 1,25,17.1
4078,170,18,Computer Science,Unit Test 2,25,15.5
4079,170,18,Computer Science,Half Yearly,100,61.5
4080,170,18,Computer Science,Annual Exam,100,69.8
4081,171,13,Mathematics,Unit Test 1,25,14.1
4082,171,13,Mathematics,Unit Test 2,25,15.1
4083,171,13,Mathematics,Half Yearly,100,58.3
4084,171,13,Mathematics,Annual Exam,100,73.4
4085,171,14,Science,Unit Test 1,25,16.5
4086,171,14,Science,Unit Test 2,25,16.3
4087,171,14,Science,Half Yearly,100,62.0
4088,171,14,Science,Annual Exam,100,79.8
4089,171,15,English,Unit Test 1,25,16.5
4090,171,15,English,Unit Test 2,25,16.0
4091,171,15,English,Half Yearly,100,60.1
4092,171,15,English,Annual Exam,100,65.6
4093,171,16,Social Studies,Unit Test 1,25,17.3
4094,171,16,Social Studies,Unit Test 2,25,18.9
4095,171,16,Social Studies,Half Yearly,100,81.9
4096,171,16,Social Studies,Annual Exam,100,80.2
4097,171,17,Telugu,Unit Test 1,25,17.9
4098,171,17,Telugu,Unit Test 2,25,17.9
4099,171,17,Telugu,Half Yearly,100,62.5
4100,171,17,Telugu,Annual Exam,100,77.3
4101,171,18,Computer Science,Unit Test 1,25,16.3
4102,171,18,Computer Science,Unit Test 2,25,16.0
4103,171,18,Computer Science,Half Yearly,100,73.6
4104,171,18,Computer Science,Annual Exam,100,75.5
4105,172,13,Mathematics,Unit Test 1,25,17.0
4106,172,13,Mathematics,Unit Test 2,25,13.0
4107,172,13,Mathematics,Half Yearly,100,49.8
4108,172,13,Mathematics,Annual Exam,100,52.5
4109,172,14,Science,Unit Test 1,25,16.2
4110,172,14,Science,Unit Test 2,25,13.6
4111,172,14,Science,Half Yearly,100,68.2
4112,172,14,Science,Annual Exam,100,60.3
4113,172,15,English,Unit Test 1,25,21.1
4114,172,15,English,Unit Test 2,25,18.1
4115,172,15,English,Half Yearly,100,76.2
4116,172,15,English,Annual Exam,100,66.3
4117,172,16,Social Studies,Unit Test 1,25,17.2
4118,172,16,Social Studies,Unit Test 2,25,16.5
4119,172,16,Social Studies,Half Yearly,100,70.7
4120,172,16,Social Studies,Annual Exam,100,74.2
4121,172,17,Telugu,Unit Test 1,25,17.2
4122,172,17,Telugu,Unit Test 2,25,16.0
4123,172,17,Telugu,Half Yearly,100,70.4
4124,172,17,Telugu,Annual Exam,100,58.0
4125,172,18,Computer Science,Unit Test 1,25,20.6
4126,172,18,Computer Science,Unit Test 2,25,19.3
4127,172,18,Computer Science,Half Yearly,100,71.7
4128,172,18,Computer Science,Annual Exam,100,89.4
4129,173,13,Mathematics,Unit Test 1,25,16.3
4130,173,13,Mathematics,Unit Test 2,25,19.7
4131,173,13,Mathematics,Half Yearly,100,84.4
4132,173,13,Mathematics,Annual Exam,100,75.1
4133,173,14,Science,Unit Test 1,25,19.2
4134,173,14,Science,Unit Test 2,25,17.6
4135,173,14,Science,Half Yearly,100,70.3
4136,173,14,Science,Annual Exam,100,51.8
4137,173,15,English,Unit Test 1,25,19.5
4138,173,15,English,Unit Test 2,25,15.4
4139,173,15,English,Half Yearly,100,67.0
4140,173,15,English,Annual Exam,100,67.4
4141,173,16,Social Studies,Unit Test 1,25,15.2
4142,173,16,Social Studies,Unit Test 2,25,16.6
4143,173,16,Social Studies,Half Yearly,100,69.5
4144,173,16,Social Studies,Annual Exam,100,64.3
4145,173,17,Telugu,Unit Test 1,25,21.2
4146,173,17,Telugu,Unit Test 2,25,18.0
4147,173,17,Telugu,Half Yearly,100,77.3
4148,173,17,Telugu,Annual Exam,100,67.9
4149,173,18,Computer Science,Unit Test 1,25,19.8
4150,173,18,Computer Science,Unit Test 2,25,18.3
4151,173,18,Computer Science,Half Yearly,100,69.1
4152,173,18,Computer Science,Annual Exam,100,75.9
4153,174,13,Mathematics,Unit Test 1,25,10.1
4154,174,13,Mathematics,Unit Test 2,25,9.0
4155,174,13,Mathematics,Half Yearly,100,46.5
4156,174,13,Mathematics,Annual Exam,100,60.9
4157,174,14,Science,Unit Test 1,25,16.5
4158,174,14,Science,Unit Test 2,25,7.7
4159,174,14,Science,Half Yearly,100,56.5
4160,174,14,Science,Annual Exam,100,48.5
4161,174,15,English,Unit Test 1,25,9.7
4162,174,15,English,Unit Test 2,25,13.9
4163,174,15,English,Half Yearly,100,54.1
4164,174,15,English,Annual Exam,100,61.3
4165,174,16,Social Studies,Unit Test 1,25,16.8
4166,174,16,Social Studies,Unit Test 2,25,14.3
4167,174,16,Social Studies,Half Yearly,100,51.3
4168,174,16,Social Studies,Annual Exam,100,61.5
4169,174,17,Telugu,Unit Test 1,25,16.4
4170,174,17,Telugu,Unit Test 2,25,16.8
4171,174,17,Telugu,Half Yearly,100,51.0
4172,174,17,Telugu,Annual Exam,100,49.2
4173,174,18,Computer Science,Unit Test 1,25,14.8
4174,174,18,Computer Science,Unit Test 2,25,9.9
4175,174,18,Computer Science,Half Yearly,100,65.7
4176,174,18,Computer Science,Annual Exam,100,53.7
4177,175,13,Mathematics,Unit Test 1,25,18.0
4178,175,13,Mathematics,Unit Test 2,25,13.8
4179,175,13,Mathematics,Half Yearly,100,69.8
4180,175,13,Mathematics,Annual Exam,100,45.0
4181,175,14,Science,Unit Test 1,25,13.1
4182,175,14,Science,Unit Test 2,25,16.0
4183,175,14,Science,Half Yearly,100,52.1
4184,175,14,Science,Annual Exam,100,53.4
4185,175,15,English,Unit Test 1,25,14.8
4186,175,15,English,Unit Test 2,25,10.6
4187,175,15,English,Half Yearly,100,59.4
4188,175,15,English,Annual Exam,100,45.0
4189,175,16,Social Studies,Unit Test 1,25,13.0
4190,175,16,Social Studies,Unit Test 2,25,16.3
4191,175,16,Social Studies,Half Yearly,100,60.4
4192,175,16,Social Studies,Annual Exam,100,68.4
4193,175,17,Telugu,Unit Test 1,25,17.8
4194,175,17,Telugu,Unit Test 2,25,13.6
4195,175,17,Telugu,Half Yearly,100,50.9
4196,175,17,Telugu,Annual Exam,100,68.4
4197,175,18,Computer Science,Unit Test 1,25,19.5
4198,175,18,Computer Science,Unit Test 2,25,18.7
4199,175,18,Computer Science,Half Yearly,100,53.5
4200,175,18,Computer Science,Annual Exam,100,67.9
4201,176,13,Mathematics,Unit Test 1,25,23.3
4202,176,13,Mathematics,Unit Test 2,25,20.6
4203,176,13,Mathematics,Half Yearly,100,75.9
4204,176,13,Mathematics,Annual Exam,100,83.8
4205,176,14,Science,Unit Test 1,25,22.0
4206,176,14,Science,Unit Test 2,25,20.6
4207,176,14,Science,Half Yearly,100,74.4
4208,176,14,Science,Annual Exam,100,86.5
4209,176,15,English,Unit Test 1,25,17.2
4210,176,15,English,Unit Test 2,25,20.9
4211,176,15,English,Half Yearly,100,84.7
4212,176,15,English,Annual Exam,100,91.6
4213,176,16,Social Studies,Unit Test 1,25,16.1
4214,176,16,Social Studies,Unit Test 2,25,20.8
4215,176,16,Social Studies,Half Yearly,100,89.4
4216,176,16,Social Studies,Annual Exam,100,64.2
4217,176,17,Telugu,Unit Test 1,25,18.7
4218,176,17,Telugu,Unit Test 2,25,20.7
4219,176,17,Telugu,Half Yearly,100,87.5
4220,176,17,Telugu,Annual Exam,100,89.5
4221,176,18,Computer Science,Unit Test 1,25,19.6
4222,176,18,Computer Science,Unit Test 2,25,17.9
4223,176,18,Computer Science,Half Yearly,100,68.0
4224,176,18,Computer Science,Annual Exam,100,69.4
4225,177,13,Mathematics,Unit Test 1,25,15.8
4226,177,13,Mathematics,Unit Test 2,25,21.1
4227,177,13,Mathematics,Half Yearly,100,86.0
4228,177,13,Mathematics,Annual Exam,100,64.2
4229,177,14,Science,Unit Test 1,25,16.7
4230,177,14,Science,Unit Test 2,25,19.1
4231,177,14,Science,Half Yearly,100,65.8
4232,177,14,Science,Annual Exam,100,69.1
4233,177,15,English,Unit Test 1,25,17.7
4234,177,15,English,Unit Test 2,25,17.7
4235,177,15,English,Half Yearly,100,74.8
4236,177,15,English,Annual Exam,100,71.6
4237,177,16,Social Studies,Unit Test 1,25,21.5
4238,177,16,Social Studies,Unit Test 2,25,17.7
4239,177,16,Social Studies,Half Yearly,100,75.2
4240,177,16,Social Studies,Annual Exam,100,78.8
4241,177,17,Telugu,Unit Test 1,25,16.8
4242,177,17,Telugu,Unit Test 2,25,18.0
4243,177,17,Telugu,Half Yearly,100,59.8
4244,177,17,Telugu,Annual Exam,100,77.3
4245,177,18,Computer Science,Unit Test 1,25,20.0
4246,177,18,Computer Science,Unit Test 2,25,21.0
4247,177,18,Computer Science,Half Yearly,100,77.5
4248,177,18,Computer Science,Annual Exam,100,80.1
4249,178,13,Mathematics,Unit Test 1,25,23.2
4250,178,13,Mathematics,Unit Test 2,25,24.6
4251,178,13,Mathematics,Half Yearly,100,100.0
4252,178,13,Mathematics,Annual Exam,100,100.0
4253,178,14,Science,Unit Test 1,25,24.2
4254,178,14,Science,Unit Test 2,25,22.5
4255,178,14,Science,Half Yearly,100,98.7
4256,178,14,Science,Annual Exam,100,98.4
4257,178,15,English,Unit Test 1,25,22.6
4258,178,15,English,Unit Test 2,25,25.0
4259,178,15,English,Half Yearly,100,100.0
4260,178,15,English,Annual Exam,100,92.8
4261,178,16,Social Studies,Unit Test 1,25,25.0
4262,178,16,Social Studies,Unit Test 2,25,25.0
4263,178,16,Social Studies,Half Yearly,100,100.0
4264,178,16,Social Studies,Annual Exam,100,100.0
4265,178,17,Telugu,Unit Test 1,25,23.6
4266,178,17,Telugu,Unit Test 2,25,18.1
4267,178,17,Telugu,Half Yearly,100,74.1
4268,178,17,Telugu,Annual Exam,100,100.0
4269,178,18,Computer Science,Unit Test 1,25,25.0
4270,178,18,Computer Science,Unit Test 2,25,25.0
4271,178,18,Computer Science,Half Yearly,100,100.0
4272,178,18,Computer Science,Annual Exam,100,100.0
4273,179,13,Mathematics,Unit Test 1,25,17.6
4274,179,13,Mathematics,Unit Test 2,25,20.9
4275,179,13,Mathematics,Half Yearly,100,73.0
4276,179,13,Mathematics,Annual Exam,100,91.4
4277,179,14,Science,Unit Test 1,25,21.8
4278,179,14,Science,Unit Test 2,25,20.3
4279,179,14,Science,Half Yearly,100,90.5
4280,179,14,Science,Annual Exam,100,100.0
4281,179,15,English,Unit Test 1,25,22.0
4282,179,15,English,Unit Test 2,25,14.6
4283,179,15,English,Half Yearly,100,78.6
4284,179,15,English,Annual Exam,100,88.3
4285,179,16,Social Studies,Unit Test 1,25,21.7
4286,179,16,Social Studies,Unit Test 2,25,18.8
4287,179,16,Social Studies,Half Yearly,100,82.4
4288,179,16,Social Studies,Annual Exam,100,78.9
4289,179,17,Telugu,Unit Test 1,25,19.4
4290,179,17,Telugu,Unit Test 2,25,20.3
4291,179,17,Telugu,Half Yearly,100,83.4
4292,179,17,Telugu,Annual Exam,100,95.6
4293,179,18,Computer Science,Unit Test 1,25,21.4
4294,179,18,Computer Science,Unit Test 2,25,20.6
4295,179,18,Computer Science,Half Yearly,100,77.3
4296,179,18,Computer Science,Annual Exam,100,92.0
4297,180,13,Mathematics,Unit Test 1,25,11.4
4298,180,13,Mathematics,Unit Test 2,25,15.7
4299,180,13,Mathematics,Half Yearly,100,68.2
4300,180,13,Mathematics,Annual Exam,100,81.2
4301,180,14,Science,Unit Test 1,25,16.0
4302,180,14,Science,Unit Test 2,25,16.1
4303,180,14,Science,Half Yearly,100,71.2
4304,180,14,Science,Annual Exam,100,66.2
4305,180,15,English,Unit Test 1,25,16.1
4306,180,15,English,Unit Test 2,25,18.0
4307,180,15,English,Half Yearly,100,65.6
4308,180,15,English,Annual Exam,100,73.2
4309,180,16,Social Studies,Unit Test 1,25,12.3
4310,180,16,Social Studies,Unit Test 2,25,13.0
4311,180,16,Social Studies,Half Yearly,100,62.0
4312,180,16,Social Studies,Annual Exam,100,36.1
4313,180,17,Telugu,Unit Test 1,25,15.3
4314,180,17,Telugu,Unit Test 2,25,13.2
4315,180,17,Telugu,Half Yearly,100,50.7
4316,180,17,Telugu,Annual Exam,100,72.2
4317,180,18,Computer Science,Unit Test 1,25,13.0
4318,180,18,Computer Science,Unit Test 2,25,8.6
4319,180,18,Computer Science,Half Yearly,100,47.1
4320,180,18,Computer Science,Annual Exam,100,44.0
4321,181,19,Mathematics,Unit Test 1,25,18.7
4322,181,19,Mathematics,Unit Test 2,25,17.4
4323,181,19,Mathematics,Half Yearly,100,54.0
4324,181,19,Mathematics,Annual Exam,100,88.5
4325,181,20,Science,Unit Test 1,25,19.3
4326,181,20,Science,Unit Test 2,25,18.4
4327,181,20,Science,Half Yearly,100,76.3
4328,181,20,Science,Annual Exam,100,81.6
4329,181,21,English,Unit Test 1,25,19.1
4330,181,21,English,Unit Test 2,25,18.2
4331,181,21,English,Half Yearly,100,68.5
4332,181,21,English,Annual Exam,100,70.8
4333,181,22,Social Studies,Unit Test 1,25,21.2
4334,181,22,Social Studies,Unit Test 2,25,21.5
4335,181,22,Social Studies,Half Yearly,100,85.9
4336,181,22,Social Studies,Annual Exam,100,82.0
4337,181,23,Telugu,Unit Test 1,25,19.8
4338,181,23,Telugu,Unit Test 2,25,21.1
4339,181,23,Telugu,Half Yearly,100,92.2
4340,181,23,Telugu,Annual Exam,100,83.3
4341,181,24,Computer Science,Unit Test 1,25,14.7
4342,181,24,Computer Science,Unit Test 2,25,15.4
4343,181,24,Computer Science,Half Yearly,100,74.5
4344,181,24,Computer Science,Annual Exam,100,66.4
4345,182,19,Mathematics,Unit Test 1,25,15.0
4346,182,19,Mathematics,Unit Test 2,25,16.4
4347,182,19,Mathematics,Half Yearly,100,47.3
4348,182,19,Mathematics,Annual Exam,100,63.0
4349,182,20,Science,Unit Test 1,25,14.3
4350,182,20,Science,Unit Test 2,25,17.3
4351,182,20,Science,Half Yearly,100,75.1
4352,182,20,Science,Annual Exam,100,64.5
4353,182,21,English,Unit Test 1,25,21.6
4354,182,21,English,Unit Test 2,25,16.8
4355,182,21,English,Half Yearly,100,70.6
4356,182,21,English,Annual Exam,100,70.1
4357,182,22,Social Studies,Unit Test 1,25,14.9
4358,182,22,Social Studies,Unit Test 2,25,14.8
4359,182,22,Social Studies,Half Yearly,100,81.9
4360,182,22,Social Studies,Annual Exam,100,74.3
4361,182,23,Telugu,Unit Test 1,25,13.6
4362,182,23,Telugu,Unit Test 2,25,18.1
4363,182,23,Telugu,Half Yearly,100,70.0
4364,182,23,Telugu,Annual Exam,100,60.5
4365,182,24,Computer Science,Unit Test 1,25,17.8
4366,182,24,Computer Science,Unit Test 2,25,20.5
4367,182,24,Computer Science,Half Yearly,100,54.9
4368,182,24,Computer Science,Annual Exam,100,87.7
4369,183,19,Mathematics,Unit Test 1,25,11.8
4370,183,19,Mathematics,Unit Test 2,25,16.5
4371,183,19,Mathematics,Half Yearly,100,64.7
4372,183,19,Mathematics,Annual Exam,100,59.9
4373,183,20,Science,Unit Test 1,25,25.0
4374,183,20,Science,Unit Test 2,25,22.3
4375,183,20,Science,Half Yearly,100,78.6
4376,183,20,Science,Annual Exam,100,99.9
4377,183,21,English,Unit Test 1,25,13.3
4378,183,21,English,Unit Test 2,25,16.1
4379,183,21,English,Half Yearly,100,66.0
4380,183,21,English,Annual Exam,100,52.3
4381,183,22,Social Studies,Unit Test 1,25,19.0
4382,183,22,Social Studies,Unit Test 2,25,21.7
4383,183,22,Social Studies,Half Yearly,100,57.5
4384,183,22,Social Studies,Annual Exam,100,78.6
4385,183,23,Telugu,Unit Test 1,25,19.5
4386,183,23,Telugu,Unit Test 2,25,18.1
4387,183,23,Telugu,Half Yearly,100,75.7
4388,183,23,Telugu,Annual Exam,100,65.7
4389,183,24,Computer Science,Unit Test 1,25,17.3
4390,183,24,Computer Science,Unit Test 2,25,17.8
4391,183,24,Computer Science,Half Yearly,100,66.4
4392,183,24,Computer Science,Annual Exam,100,70.4
4393,184,19,Mathematics,Unit Test 1,25,17.5
4394,184,19,Mathematics,Unit Test 2,25,18.0
4395,184,19,Mathematics,Half Yearly,100,80.0
4396,184,19,Mathematics,Annual Exam,100,69.4
4397,184,20,Science,Unit Test 1,25,19.6
4398,184,20,Science,Unit Test 2,25,14.7
4399,184,20,Science,Half Yearly,100,60.5
4400,184,20,Science,Annual Exam,100,86.6
4401,184,21,English,Unit Test 1,25,15.7
4402,184,21,English,Unit Test 2,25,16.5
4403,184,21,English,Half Yearly,100,77.9
4404,184,21,English,Annual Exam,100,87.6
4405,184,22,Social Studies,Unit Test 1,25,19.4
4406,184,22,Social Studies,Unit Test 2,25,21.5
4407,184,22,Social Studies,Half Yearly,100,81.6
4408,184,22,Social Studies,Annual Exam,100,87.5
4409,184,23,Telugu,Unit Test 1,25,18.6
4410,184,23,Telugu,Unit Test 2,25,18.2
4411,184,23,Telugu,Half Yearly,100,78.7
4412,184,23,Telugu,Annual Exam,100,74.4
4413,184,24,Computer Science,Unit Test 1,25,16.8
4414,184,24,Computer Science,Unit Test 2,25,22.7
4415,184,24,Computer Science,Half Yearly,100,66.9
4416,184,24,Computer Science,Annual Exam,100,58.7
4417,185,19,Mathematics,Unit Test 1,25,15.9
4418,185,19,Mathematics,Unit Test 2,25,15.4
4419,185,19,Mathematics,Half Yearly,100,75.2
4420,185,19,Mathematics,Annual Exam,100,62.5
4421,185,20,Science,Unit Test 1,25,16.9
4422,185,20,Science,Unit Test 2,25,18.5
4423,185,20,Science,Half Yearly,100,64.5
4424,185,20,Science,Annual Exam,100,77.6
4425,185,21,English,Unit Test 1,25,21.2
4426,185,21,English,Unit Test 2,25,21.4
4427,185,21,English,Half Yearly,100,81.2
4428,185,21,English,Annual Exam,100,83.6
4429,185,22,Social Studies,Unit Test 1,25,14.3
4430,185,22,Social Studies,Unit Test 2,25,19.1
4431,185,22,Social Studies,Half Yearly,100,75.1
4432,185,22,Social Studies,Annual Exam,100,65.8
4433,185,23,Telugu,Unit Test 1,25,20.1
4434,185,23,Telugu,Unit Test 2,25,20.2
4435,185,23,Telugu,Half Yearly,100,80.8
4436,185,23,Telugu,Annual Exam,100,85.9
4437,185,24,Computer Science,Unit Test 1,25,17.0
4438,185,24,Computer Science,Unit Test 2,25,18.4
4439,185,24,Computer Science,Half Yearly,100,86.8
4440,185,24,Computer Science,Annual Exam,100,85.1
4441,186,19,Mathematics,Unit Test 1,25,21.7
4442,186,19,Mathematics,Unit Test 2,25,24.9
4443,186,19,Mathematics,Half Yearly,100,93.6
4444,186,19,Mathematics,Annual Exam,100,100.0
4445,186,20,Science,Unit Test 1,25,24.9
4446,186,20,Science,Unit Test 2,25,22.8
4447,186,20,Science,Half Yearly,100,80.4
4448,186,20,Science,Annual Exam,100,100.0
4449,186,21,English,Unit Test 1,25,25.0
4450,186,21,English,Unit Test 2,25,25.0
4451,186,21,English,Half Yearly,100,100.0
4452,186,21,English,Annual Exam,100,100.0
4453,186,22,Social Studies,Unit Test 1,25,24.6
4454,186,22,Social Studies,Unit Test 2,25,24.7
4455,186,22,Social Studies,Half Yearly,100,100.0
4456,186,22,Social Studies,Annual Exam,100,98.8
4457,186,23,Telugu,Unit Test 1,25,21.8
4458,186,23,Telugu,Unit Test 2,25,24.8
4459,186,23,Telugu,Half Yearly,100,95.4
4460,186,23,Telugu,Annual Exam,100,94.3
4461,186,24,Computer Science,Unit Test 1,25,25.0
4462,186,24,Computer Science,Unit Test 2,25,25.0
4463,186,24,Computer Science,Half Yearly,100,100.0
4464,186,24,Computer Science,Annual Exam,100,100.0
4465,187,19,Mathematics,Unit Test 1,25,18.7
4466,187,19,Mathematics,Unit Test 2,25,22.3
4467,187,19,Mathematics,Half Yearly,100,83.4
4468,187,19,Mathematics,Annual Exam,100,82.1
4469,187,20,Science,Unit Test 1,25,22.0
4470,187,20,Science,Unit Test 2,25,20.0
4471,187,20,Science,Half Yearly,100,83.2
4472,187,20,Science,Annual Exam,100,91.6
4473,187,21,English,Unit Test 1,25,18.1
4474,187,21,English,Unit Test 2,25,15.7
4475,187,21,English,Half Yearly,100,66.0
4476,187,21,English,Annual Exam,100,67.6
4477,187,22,Social Studies,Unit Test 1,25,25.0
4478,187,22,Social Studies,Unit Test 2,25,22.9
4479,187,22,Social Studies,Half Yearly,100,100.0
4480,187,22,Social Studies,Annual Exam,100,100.0
4481,187,23,Telugu,Unit Test 1,25,24.0
4482,187,23,Telugu,Unit Test 2,25,20.9
4483,187,23,Telugu,Half Yearly,100,93.6
4484,187,23,Telugu,Annual Exam,100,98.5
4485,187,24,Computer Science,Unit Test 1,25,20.5
4486,187,24,Computer Science,Unit Test 2,25,19.3
4487,187,24,Computer Science,Half Yearly,100,91.2
4488,187,24,Computer Science,Annual Exam,100,71.6
4489,188,19,Mathematics,Unit Test 1,25,18.3
4490,188,19,Mathematics,Unit Test 2,25,19.7
4491,188,19,Mathematics,Half Yearly,100,77.2
4492,188,19,Mathematics,Annual Exam,100,90.9
4493,188,20,Science,Unit Test 1,25,24.8
4494,188,20,Science,Unit Test 2,25,22.3
4495,188,20,Science,Half Yearly,100,95.5
4496,188,20,Science,Annual Exam,100,90.9
4497,188,21,English,Unit Test 1,25,17.7
4498,188,21,English,Unit Test 2,25,19.0
4499,188,21,English,Half Yearly,100,73.2
4500,188,21,English,Annual Exam,100,89.5
4501,188,22,Social Studies,Unit Test 1,25,20.2
4502,188,22,Social Studies,Unit Test 2,25,21.3
4503,188,22,Social Studies,Half Yearly,100,99.5
4504,188,22,Social Studies,Annual Exam,100,77.2
4505,188,23,Telugu,Unit Test 1,25,24.2
4506,188,23,Telugu,Unit Test 2,25,22.7
4507,188,23,Telugu,Half Yearly,100,93.2
4508,188,23,Telugu,Annual Exam,100,91.7
4509,188,24,Computer Science,Unit Test 1,25,20.5
4510,188,24,Computer Science,Unit Test 2,25,22.0
4511,188,24,Computer Science,Half Yearly,100,69.7
4512,188,24,Computer Science,Annual Exam,100,87.5
4513,189,19,Mathematics,Unit Test 1,25,18.3
4514,189,19,Mathematics,Unit Test 2,25,18.0
4515,189,19,Mathematics,Half Yearly,100,53.2
4516,189,19,Mathematics,Annual Exam,100,64.3
4517,189,20,Science,Unit Test 1,25,16.6
4518,189,20,Science,Unit Test 2,25,14.2
4519,189,20,Science,Half Yearly,100,77.3
4520,189,20,Science,Annual Exam,100,69.3
4521,189,21,English,Unit Test 1,25,10.4
4522,189,21,English,Unit Test 2,25,12.7
4523,189,21,English,Half Yearly,100,57.8
4524,189,21,English,Annual Exam,100,59.5
4525,189,22,Social Studies,Unit Test 1,25,14.0
4526,189,22,Social Studies,Unit Test 2,25,15.0
4527,189,22,Social Studies,Half Yearly,100,73.2
4528,189,22,Social Studies,Annual Exam,100,57.8
4529,189,23,Telugu,Unit Test 1,25,14.0
4530,189,23,Telugu,Unit Test 2,25,15.3
4531,189,23,Telugu,Half Yearly,100,56.9
4532,189,23,Telugu,Annual Exam,100,57.6
4533,189,24,Computer Science,Unit Test 1,25,15.8
4534,189,24,Computer Science,Unit Test 2,25,16.8
4535,189,24,Computer Science,Half Yearly,100,61.7
4536,189,24,Computer Science,Annual Exam,100,61.8
4537,190,19,Mathematics,Unit Test 1,25,16.5
4538,190,19,Mathematics,Unit Test 2,25,13.8
4539,190,19,Mathematics,Half Yearly,100,53.6
4540,190,19,Mathematics,Annual Exam,100,66.4
4541,190,20,Science,Unit Test 1,25,15.2
4542,190,20,Science,Unit Test 2,25,14.9
4543,190,20,Science,Half Yearly,100,64.7
4544,190,20,Science,Annual Exam,100,69.8
4545,190,21,English,Unit Test 1,25,15.0
4546,190,21,English,Unit Test 2,25,15.1
4547,190,21,English,Half Yearly,100,55.2
4548,190,21,English,Annual Exam,100,74.7
4549,190,22,Social Studies,Unit Test 1,25,11.3
4550,190,22,Social Studies,Unit Test 2,25,16.2
4551,190,22,Social Studies,Half Yearly,100,36.8
4552,190,22,Social Studies,Annual Exam,100,52.2
4553,190,23,Telugu,Unit Test 1,25,14.9
4554,190,23,Telugu,Unit Test 2,25,12.6
4555,190,23,Telugu,Half Yearly,100,59.8
4556,190,23,Telugu,Annual Exam,100,54.8
4557,190,24,Computer Science,Unit Test 1,25,13.6
4558,190,24,Computer Science,Unit Test 2,25,13.7
4559,190,24,Computer Science,Half Yearly,100,57.4
4560,190,24,Computer Science,Annual Exam,100,62.0
4561,191,19,Mathematics,Unit Test 1,25,23.4
4562,191,19,Mathematics,Unit Test 2,25,17.1
4563,191,19,Mathematics,Half Yearly,100,83.2
4564,191,19,Mathematics,Annual Exam,100,81.8
4565,191,20,Science,Unit Test 1,25,19.6
4566,191,20,Science,Unit Test 2,25,20.5
4567,191,20,Science,Half Yearly,100,79.6
4568,191,20,Science,Annual Exam,100,81.4
4569,191,21,English,Unit Test 1,25,17.6
4570,191,21,English,Unit Test 2,25,19.1
4571,191,21,English,Half Yearly,100,79.4
4572,191,21,English,Annual Exam,100,70.0
4573,191,22,Social Studies,Unit Test 1,25,17.2
4574,191,22,Social Studies,Unit Test 2,25,22.1
4575,191,22,Social Studies,Half Yearly,100,79.8
4576,191,22,Social Studies,Annual Exam,100,71.0
4577,191,23,Telugu,Unit Test 1,25,19.3
4578,191,23,Telugu,Unit Test 2,25,19.2
4579,191,23,Telugu,Half Yearly,100,83.6
4580,191,23,Telugu,Annual Exam,100,73.4
4581,191,24,Computer Science,Unit Test 1,25,23.8
4582,191,24,Computer Science,Unit Test 2,25,21.3
4583,191,24,Computer Science,Half Yearly,100,86.5
4584,191,24,Computer Science,Annual Exam,100,74.0
4585,192,19,Mathematics,Unit Test 1,25,24.6
4586,192,19,Mathematics,Unit Test 2,25,22.4
4587,192,19,Mathematics,Half Yearly,100,91.4
4588,192,19,Mathematics,Annual Exam,100,100.0
4589,192,20,Science,Unit Test 1,25,18.1
4590,192,20,Science,Unit Test 2,25,24.5
4591,192,20,Science,Half Yearly,100,83.2
4592,192,20,Science,Annual Exam,100,77.0
4593,192,21,English,Unit Test 1,25,24.2
4594,192,21,English,Unit Test 2,25,24.5
4595,192,21,English,Half Yearly,100,92.7
4596,192,21,English,Annual Exam,100,82.5
4597,192,22,Social Studies,Unit Test 1,25,24.0
4598,192,22,Social Studies,Unit Test 2,25,25.0
4599,192,22,Social Studies,Half Yearly,100,100.0
4600,192,22,Social Studies,Annual Exam,100,92.3
4601,192,23,Telugu,Unit Test 1,25,24.7
4602,192,23,Telugu,Unit Test 2,25,22.2
4603,192,23,Telugu,Half Yearly,100,97.4
4604,192,23,Telugu,Annual Exam,100,83.9
4605,192,24,Computer Science,Unit Test 1,25,25.0
4606,192,24,Computer Science,Unit Test 2,25,25.0
4607,192,24,Computer Science,Half Yearly,100,100.0
4608,192,24,Computer Science,Annual Exam,100,100.0
4609,193,19,Mathematics,Unit Test 1,25,15.2
4610,193,19,Mathematics,Unit Test 2,25,12.1
4611,193,19,Mathematics,Half Yearly,100,38.5
4612,193,19,Mathematics,Annual Exam,100,49.3
4613,193,20,Science,Unit Test 1,25,13.2
4614,193,20,Science,Unit Test 2,25,15.2
4615,193,20,Science,Half Yearly,100,52.5
4616,193,20,Science,Annual Exam,100,47.5
4617,193,21,English,Unit Test 1,25,15.5
4618,193,21,English,Unit Test 2,25,15.0
4619,193,21,English,Half Yearly,100,56.3
4620,193,21,English,Annual Exam,100,43.1
4621,193,22,Social Studies,Unit Test 1,25,12.6
4622,193,22,Social Studies,Unit Test 2,25,13.7
4623,193,22,Social Studies,Half Yearly,100,59.2
4624,193,22,Social Studies,Annual Exam,100,67.1
4625,193,23,Telugu,Unit Test 1,25,16.9
4626,193,23,Telugu,Unit Test 2,25,16.0
4627,193,23,Telugu,Half Yearly,100,44.1
4628,193,23,Telugu,Annual Exam,100,45.2
4629,193,24,Computer Science,Unit Test 1,25,18.7
4630,193,24,Computer Science,Unit Test 2,25,18.2
4631,193,24,Computer Science,Half Yearly,100,72.1
4632,193,24,Computer Science,Annual Exam,100,69.5
4633,194,19,Mathematics,Unit Test 1,25,20.0
4634,194,19,Mathematics,Unit Test 2,25,20.3
4635,194,19,Mathematics,Half Yearly,100,80.2
4636,194,19,Mathematics,Annual Exam,100,84.7
4637,194,20,Science,Unit Test 1,25,21.8
4638,194,20,Science,Unit Test 2,25,25.0
4639,194,20,Science,Half Yearly,100,92.6
4640,194,20,Science,Annual Exam,100,76.9
4641,194,21,English,Unit Test 1,25,17.6
4642,194,21,English,Unit Test 2,25,23.1
4643,194,21,English,Half Yearly,100,80.0
4644,194,21,English,Annual Exam,100,67.3
4645,194,22,Social Studies,Unit Test 1,25,25.0
4646,194,22,Social Studies,Unit Test 2,25,21.3
4647,194,22,Social Studies,Half Yearly,100,91.5
4648,194,22,Social Studies,Annual Exam,100,99.7
4649,194,23,Telugu,Unit Test 1,25,23.2
4650,194,23,Telugu,Unit Test 2,25,24.9
4651,194,23,Telugu,Half Yearly,100,90.6
4652,194,23,Telugu,Annual Exam,100,85.2
4653,194,24,Computer Science,Unit Test 1,25,22.0
4654,194,24,Computer Science,Unit Test 2,25,21.0
4655,194,24,Computer Science,Half Yearly,100,88.6
4656,194,24,Computer Science,Annual Exam,100,88.1
4657,195,19,Mathematics,Unit Test 1,25,24.1
4658,195,19,Mathematics,Unit Test 2,25,22.5
4659,195,19,Mathematics,Half Yearly,100,83.6
4660,195,19,Mathematics,Annual Exam,100,96.7
4661,195,20,Science,Unit Test 1,25,25.0
4662,195,20,Science,Unit Test 2,25,19.5
4663,195,20,Science,Half Yearly,100,86.5
4664,195,20,Science,Annual Exam,100,87.2
4665,195,21,English,Unit Test 1,25,24.9
4666,195,21,English,Unit Test 2,25,23.8
4667,195,21,English,Half Yearly,100,85.7
4668,195,21,English,Annual Exam,100,100.0
4669,195,22,Social Studies,Unit Test 1,25,19.8
4670,195,22,Social Studies,Unit Test 2,25,21.5
4671,195,22,Social Studies,Half Yearly,100,80.5
4672,195,22,Social Studies,Annual Exam,100,69.9
4673,195,23,Telugu,Unit Test 1,25,25.0
4674,195,23,Telugu,Unit Test 2,25,23.7
4675,195,23,Telugu,Half Yearly,100,86.0
4676,195,23,Telugu,Annual Exam,100,100.0
4677,195,24,Computer Science,Unit Test 1,25,16.5
4678,195,24,Computer Science,Unit Test 2,25,18.1
4679,195,24,Computer Science,Half Yearly,100,71.2
4680,195,24,Computer Science,Annual Exam,100,67.1
4681,196,19,Mathematics,Unit Test 1,25,15.2
4682,196,19,Mathematics,Unit Test 2,25,17.1
4683,196,19,Mathematics,Half Yearly,100,55.9
4684,196,19,Mathematics,Annual Exam,100,61.1
4685,196,20,Science,Unit Test 1,25,17.5
4686,196,20,Science,Unit Test 2,25,19.1
4687,196,20,Science,Half Yearly,100,66.8
4688,196,20,Science,Annual Exam,100,74.3
4689,196,21,English,Unit Test 1,25,15.7
4690,196,21,English,Unit Test 2,25,21.4
4691,196,21,English,Half Yearly,100,64.0
4692,196,21,English,Annual Exam,100,83.8
4693,196,22,Social Studies,Unit Test 1,25,15.1
4694,196,22,Social Studies,Unit Test 2,25,14.0
4695,196,22,Social Studies,Half Yearly,100,61.4
4696,196,22,Social Studies,Annual Exam,100,65.2
4697,196,23,Telugu,Unit Test 1,25,17.9
4698,196,23,Telugu,Unit Test 2,25,17.9
4699,196,23,Telugu,Half Yearly,100,76.3
4700,196,23,Telugu,Annual Exam,100,82.8
4701,196,24,Computer Science,Unit Test 1,25,12.5
4702,196,24,Computer Science,Unit Test 2,25,14.5
4703,196,24,Computer Science,Half Yearly,100,56.2
4704,196,24,Computer Science,Annual Exam,100,47.3
4705,197,19,Mathematics,Unit Test 1,25,22.1
4706,197,19,Mathematics,Unit Test 2,25,19.3
4707,197,19,Mathematics,Half Yearly,100,68.7
4708,197,19,Mathematics,Annual Exam,100,72.0
4709,197,20,Science,Unit Test 1,25,18.6
4710,197,20,Science,Unit Test 2,25,18.1
4711,197,20,Science,Half Yearly,100,76.9
4712,197,20,Science,Annual Exam,100,86.1
4713,197,21,English,Unit Test 1,25,17.5
4714,197,21,English,Unit Test 2,25,13.5
4715,197,21,English,Half Yearly,100,79.6
4716,197,21,English,Annual Exam,100,63.0
4717,197,22,Social Studies,Unit Test 1,25,17.6
4718,197,22,Social Studies,Unit Test 2,25,17.1
4719,197,22,Social Studies,Half Yearly,100,67.1
4720,197,22,Social Studies,Annual Exam,100,77.4
4721,197,23,Telugu,Unit Test 1,25,19.1
4722,197,23,Telugu,Unit Test 2,25,16.6
4723,197,23,Telugu,Half Yearly,100,64.9
4724,197,23,Telugu,Annual Exam,100,64.7
4725,197,24,Computer Science,Unit Test 1,25,17.2
4726,197,24,Computer Science,Unit Test 2,25,22.2
4727,197,24,Computer Science,Half Yearly,100,78.2
4728,197,24,Computer Science,Annual Exam,100,80.6
4729,198,19,Mathematics,Unit Test 1,25,17.3
4730,198,19,Mathematics,Unit Test 2,25,21.3
4731,198,19,Mathematics,Half Yearly,100,75.1
4732,198,19,Mathematics,Annual Exam,100,77.4
4733,198,20,Science,Unit Test 1,25,20.1
4734,198,20,Science,Unit Test 2,25,15.8
4735,198,20,Science,Half Yearly,100,65.2
4736,198,20,Science,Annual Exam,100,59.5
4737,198,21,English,Unit Test 1,25,20.2
4738,198,21,English,Unit Test 2,25,14.4
4739,198,21,English,Half Yearly,100,67.1
4740,198,21,English,Annual Exam,100,72.9
4741,198,22,Social Studies,Unit Test 1,25,16.1
4742,198,22,Social Studies,Unit Test 2,25,16.6
4743,198,22,Social Studies,Half Yearly,100,63.1
4744,198,22,Social Studies,Annual Exam,100,61.9
4745,198,23,Telugu,Unit Test 1,25,17.9
4746,198,23,Telugu,Unit Test 2,25,19.7
4747,198,23,Telugu,Half Yearly,100,70.5
4748,198,23,Telugu,Annual Exam,100,62.7
4749,198,24,Computer Science,Unit Test 1,25,13.1
4750,198,24,Computer Science,Unit Test 2,25,14.7
4751,198,24,Computer Science,Half Yearly,100,77.2
4752,198,24,Computer Science,Annual Exam,100,56.7
4753,199,19,Mathematics,Unit Test 1,25,13.8
4754,199,19,Mathematics,Unit Test 2,25,12.2
4755,199,19,Mathematics,Half Yearly,100,47.1
4756,199,19,Mathematics,Annual Exam,100,54.0
4757,199,20,Science,Unit Test 1,25,13.4
4758,199,20,Science,Unit Test 2,25,10.6
4759,199,20,Science,Half Yearly,100,48.6
4760,199,20,Science,Annual Exam,100,57.3
4761,199,21,English,Unit Test 1,25,14.2
4762,199,21,English,Unit Test 2,25,14.4
4763,199,21,English,Half Yearly,100,63.6
4764,199,21,English,Annual Exam,100,55.3
4765,199,22,Social Studies,Unit Test 1,25,9.2
4766,199,22,Social Studies,Unit Test 2,25,10.1
4767,199,22,Social Studies,Half Yearly,100,48.6
4768,199,22,Social Studies,Annual Exam,100,48.9
4769,199,23,Telugu,Unit Test 1,25,10.0
4770,199,23,Telugu,Unit Test 2,25,14.9
4771,199,23,Telugu,Half Yearly,100,63.4
4772,199,23,Telugu,Annual Exam,100,72.3
4773,199,24,Computer Science,Unit Test 1,25,14.8
4774,199,24,Computer Science,Unit Test 2,25,15.8
4775,199,24,Computer Science,Half Yearly,100,76.1
4776,199,24,Computer Science,Annual Exam,100,65.3
4777,200,19,Mathematics,Unit Test 1,25,10.3
4778,200,19,Mathematics,Unit Test 2,25,15.6
4779,200,19,Mathematics,Half Yearly,100,48.5
4780,200,19,Mathematics,Annual Exam,100,34.3
4781,200,20,Science,Unit Test 1,25,12.3
4782,200,20,Science,Unit Test 2,25,15.2
4783,200,20,Science,Half Yearly,100,56.4
4784,200,20,Science,Annual Exam,100,44.7
4785,200,21,English,Unit Test 1,25,15.7
4786,200,21,English,Unit Test 2,25,15.7
4787,200,21,English,Half Yearly,100,70.5
4788,200,21,English,Annual Exam,100,56.8
4789,200,22,Social Studies,Unit Test 1,25,14.5
4790,200,22,Social Studies,Unit Test 2,25,15.2
4791,200,22,Social Studies,Half Yearly,100,60.0
4792,200,22,Social Studies,Annual Exam,100,59.0
4793,200,23,Telugu,Unit Test 1,25,10.0
4794,200,23,Telugu,Unit Test 2,25,13.7
4795,200,23,Telugu,Half Yearly,100,35.7
4796,200,23,Telugu,Annual Exam,100,43.6
4797,200,24,Computer Science,Unit Test 1,25,11.0
4798,200,24,Computer Science,Unit Test 2,25,15.8
4799,200,24,Computer Science,Half Yearly,100,55.2
4800,200,24,Computer Science,Annual Exam,100,51.9
4801,201,19,Mathematics,Unit Test 1,25,20.2
4802,201,19,Mathematics,Unit Test 2,25,22.6
4803,201,19,Mathematics,Half Yearly,100,83.4
4804,201,19,Mathematics,Annual Exam,100,90.7
4805,201,20,Science,Unit Test 1,25,15.4
4806,201,20,Science,Unit Test 2,25,15.7
4807,201,20,Science,Half Yearly,100,78.5
4808,201,20,Science,Annual Exam,100,74.1
4809,201,21,English,Unit Test 1,25,21.2
4810,201,21,English,Unit Test 2,25,24.7
4811,201,21,English,Half Yearly,100,95.2
4812,201,21,English,Annual Exam,100,82.5
4813,201,22,Social Studies,Unit Test 1,25,21.3
4814,201,22,Social Studies,Unit Test 2,25,19.8
4815,201,22,Social Studies,Half Yearly,100,79.4
4816,201,22,Social Studies,Annual Exam,100,68.3
4817,201,23,Telugu,Unit Test 1,25,19.3
4818,201,23,Telugu,Unit Test 2,25,22.0
4819,201,23,Telugu,Half Yearly,100,87.5
4820,201,23,Telugu,Annual Exam,100,87.4
4821,201,24,Computer Science,Unit Test 1,25,18.0
4822,201,24,Computer Science,Unit Test 2,25,17.3
4823,201,24,Computer Science,Half Yearly,100,75.8
4824,201,24,Computer Science,Annual Exam,100,73.4
4825,202,19,Mathematics,Unit Test 1,25,16.6
4826,202,19,Mathematics,Unit Test 2,25,19.1
4827,202,19,Mathematics,Half Yearly,100,88.4
4828,202,19,Mathematics,Annual Exam,100,76.2
4829,202,20,Science,Unit Test 1,25,23.0
4830,202,20,Science,Unit Test 2,25,18.5
4831,202,20,Science,Half Yearly,100,87.2
4832,202,20,Science,Annual Exam,100,88.4
4833,202,21,English,Unit Test 1,25,18.5
4834,202,21,English,Unit Test 2,25,21.0
4835,202,21,English,Half Yearly,100,72.0
4836,202,21,English,Annual Exam,100,99.5
4837,202,22,Social Studies,Unit Test 1,25,16.2
4838,202,22,Social Studies,Unit Test 2,25,17.5
4839,202,22,Social Studies,Half Yearly,100,53.2
4840,202,22,Social Studies,Annual Exam,100,73.7
4841,202,23,Telugu,Unit Test 1,25,20.6
4842,202,23,Telugu,Unit Test 2,25,18.0
4843,202,23,Telugu,Half Yearly,100,75.8
4844,202,23,Telugu,Annual Exam,100,74.6
4845,202,24,Computer Science,Unit Test 1,25,20.6
4846,202,24,Computer Science,Unit Test 2,25,14.3
4847,202,24,Computer Science,Half Yearly,100,60.0
4848,202,24,Computer Science,Annual Exam,100,75.4
4849,203,19,Mathematics,Unit Test 1,25,13.6
4850,203,19,Mathematics,Unit Test 2,25,11.8
4851,203,19,Mathematics,Half Yearly,100,47.1
4852,203,19,Mathematics,Annual Exam,100,30.6
4853,203,20,Science,Unit Test 1,25,13.8
4854,203,20,Science,Unit Test 2,25,11.6
4855,203,20,Science,Half Yearly,100,56.4
4856,203,20,Science,Annual Exam,100,52.3
4857,203,21,English,Unit Test 1,25,12.0
4858,203,21,English,Unit Test 2,25,12.6
4859,203,21,English,Half Yearly,100,56.6
4860,203,21,English,Annual Exam,100,62.4
4861,203,22,Social Studies,Unit Test 1,25,10.0
4862,203,22,Social Studies,Unit Test 2,25,9.5
4863,203,22,Social Studies,Half Yearly,100,45.5
4864,203,22,Social Studies,Annual Exam,100,40.7
4865,203,23,Telugu,Unit Test 1,25,12.3
4866,203,23,Telugu,Unit Test 2,25,13.5
4867,203,23,Telugu,Half Yearly,100,56.4
4868,203,23,Telugu,Annual Exam,100,44.9
4869,203,24,Computer Science,Unit Test 1,25,11.0
4870,203,24,Computer Science,Unit Test 2,25,12.0
4871,203,24,Computer Science,Half Yearly,100,47.4
4872,203,24,Computer Science,Annual Exam,100,40.8
4873,204,19,Mathematics,Unit Test 1,25,16.2
4874,204,19,Mathematics,Unit Test 2,25,19.5
4875,204,19,Mathematics,Half Yearly,100,80.6
4876,204,19,Mathematics,Annual Exam,100,74.2
4877,204,20,Science,Unit Test 1,25,15.7
4878,204,20,Science,Unit Test 2,25,16.0
4879,204,20,Science,Half Yearly,100,76.8
4880,204,20,Science,Annual Exam,100,63.9
4881,204,21,English,Unit Test 1,25,18.0
4882,204,21,English,Unit Test 2,25,19.4
4883,204,21,English,Half Yearly,100,61.7
4884,204,21,English,Annual Exam,100,73.4
4885,204,22,Social Studies,Unit Test 1,25,19.6
4886,204,22,Social Studies,Unit Test 2,25,18.8
4887,204,22,Social Studies,Half Yearly,100,66.3
4888,204,22,Social Studies,Annual Exam,100,79.5
4889,204,23,Telugu,Unit Test 1,25,16.4
4890,204,23,Telugu,Unit Test 2,25,18.4
4891,204,23,Telugu,Half Yearly,100,71.8
4892,204,23,Telugu,Annual Exam,100,58.1
4893,204,24,Computer Science,Unit Test 1,25,20.8
4894,204,24,Computer Science,Unit Test 2,25,19.9
4895,204,24,Computer Science,Half Yearly,100,76.4
4896,204,24,Computer Science,Annual Exam,100,63.3
4897,205,19,Mathematics,Unit Test 1,25,14.5
4898,205,19,Mathematics,Unit Test 2,25,12.8
4899,205,19,Mathematics,Half Yearly,100,56.3
4900,205,19,Mathematics,Annual Exam,100,47.7
4901,205,20,Science,Unit Test 1,25,14.7
4902,205,20,Science,Unit Test 2,25,17.7
4903,205,20,Science,Half Yearly,100,67.3
4904,205,20,Science,Annual Exam,100,70.4
4905,205,21,English,Unit Test 1,25,12.4
4906,205,21,English,Unit Test 2,25,10.3
4907,205,21,English,Half Yearly,100,50.6
4908,205,21,English,Annual Exam,100,45.2
4909,205,22,Social Studies,Unit Test 1,25,11.9
4910,205,22,Social Studies,Unit Test 2,25,14.7
4911,205,22,Social Studies,Half Yearly,100,54.4
4912,205,22,Social Studies,Annual Exam,100,61.5
4913,205,23,Telugu,Unit Test 1,25,14.5
4914,205,23,Telugu,Unit Test 2,25,11.6
4915,205,23,Telugu,Half Yearly,100,51.6
4916,205,23,Telugu,Annual Exam,100,48.8
4917,205,24,Computer Science,Unit Test 1,25,11.4
4918,205,24,Computer Science,Unit Test 2,25,9.8
4919,205,24,Computer Science,Half Yearly,100,65.2
4920,205,24,Computer Science,Annual Exam,100,47.5
4921,206,19,Mathematics,Unit Test 1,25,14.7
4922,206,19,Mathematics,Unit Test 2,25,13.8
4923,206,19,Mathematics,Half Yearly,100,63.0
4924,206,19,Mathematics,Annual Exam,100,45.5
4925,206,20,Science,Unit Test 1,25,17.2
4926,206,20,Science,Unit Test 2,25,14.7
4927,206,20,Science,Half Yearly,100,50.7
4928,206,20,Science,Annual Exam,100,52.1
4929,206,21,English,Unit Test 1,25,17.6
4930,206,21,English,Unit Test 2,25,19.2
4931,206,21,English,Half Yearly,100,75.9
4932,206,21,English,Annual Exam,100,59.0
4933,206,22,Social Studies,Unit Test 1,25,13.1
4934,206,22,Social Studies,Unit Test 2,25,14.5
4935,206,22,Social Studies,Half Yearly,100,51.3
4936,206,22,Social Studies,Annual Exam,100,45.8
4937,206,23,Telugu,Unit Test 1,25,16.3
4938,206,23,Telugu,Unit Test 2,25,17.0
4939,206,23,Telugu,Half Yearly,100,65.7
4940,206,23,Telugu,Annual Exam,100,61.5
4941,206,24,Computer Science,Unit Test 1,25,14.5
4942,206,24,Computer Science,Unit Test 2,25,13.9
4943,206,24,Computer Science,Half Yearly,100,65.7
4944,206,24,Computer Science,Annual Exam,100,41.7
4945,207,19,Mathematics,Unit Test 1,25,15.1
4946,207,19,Mathematics,Unit Test 2,25,15.7
4947,207,19,Mathematics,Half Yearly,100,61.5
4948,207,19,Mathematics,Annual Exam,100,73.2
4949,207,20,Science,Unit Test 1,25,17.4
4950,207,20,Science,Unit Test 2,25,17.1
4951,207,20,Science,Half Yearly,100,71.0
4952,207,20,Science,Annual Exam,100,58.4
4953,207,21,English,Unit Test 1,25,12.7
4954,207,21,English,Unit Test 2,25,20.2
4955,207,21,English,Half Yearly,100,80.8
4956,207,21,English,Annual Exam,100,78.9
4957,207,22,Social Studies,Unit Test 1,25,12.1
4958,207,22,Social Studies,Unit Test 2,25,16.5
4959,207,22,Social Studies,Half Yearly,100,69.0
4960,207,22,Social Studies,Annual Exam,100,64.4
4961,207,23,Telugu,Unit Test 1,25,16.8
4962,207,23,Telugu,Unit Test 2,25,16.2
4963,207,23,Telugu,Half Yearly,100,75.3
4964,207,23,Telugu,Annual Exam,100,73.9
4965,207,24,Computer Science,Unit Test 1,25,21.9
4966,207,24,Computer Science,Unit Test 2,25,22.0
4967,207,24,Computer Science,Half Yearly,100,82.5
4968,207,24,Computer Science,Annual Exam,100,81.5
4969,208,19,Mathematics,Unit Test 1,25,17.5
4970,208,19,Mathematics,Unit Test 2,25,11.3
4971,208,19,Mathematics,Half Yearly,100,77.4
4972,208,19,Mathematics,Annual Exam,100,67.3
4973,208,20,Science,Unit Test 1,25,14.4
4974,208,20,Science,Unit Test 2,25,14.0
4975,208,20,Science,Half Yearly,100,44.1
4976,208,20,Science,Annual Exam,100,41.6
4977,208,21,English,Unit Test 1,25,16.4
4978,208,21,English,Unit Test 2,25,17.7
4979,208,21,English,Half Yearly,100,72.5
4980,208,21,English,Annual Exam,100,75.8
4981,208,22,Social Studies,Unit Test 1,25,15.2
4982,208,22,Social Studies,Unit Test 2,25,15.7
4983,208,22,Social Studies,Half Yearly,100,68.2
4984,208,22,Social Studies,Annual Exam,100,63.5
4985,208,23,Telugu,Unit Test 1,25,19.4
4986,208,23,Telugu,Unit Test 2,25,16.9
4987,208,23,Telugu,Half Yearly,100,73.9
4988,208,23,Telugu,Annual Exam,100,67.3
4989,208,24,Computer Science,Unit Test 1,25,11.5
4990,208,24,Computer Science,Unit Test 2,25,17.5
4991,208,24,Computer Science,Half Yearly,100,38.1
4992,208,24,Computer Science,Annual Exam,100,53.8
4993,209,19,Mathematics,Unit Test 1,25,9.4
4994,209,19,Mathematics,Unit Test 2,25,10.4
4995,209,19,Mathematics,Half Yearly,100,24.3
4996,209,19,Mathematics,Annual Exam,100,35.9
4997,209,20,Science,Unit Test 1,25,10.9
4998,209,20,Science,Unit Test 2,25,12.2
4999,209,20,Science,Half Yearly,100,29.4
5000,209,20,Science,Annual Exam,100,43.7
5001,209,21,English,Unit Test 1,25,8.5
5002,209,21,English,Unit Test 2,25,7.8
5003,209,21,English,Half Yearly,100,53.5
5004,209,21,English,Annual Exam,100,31.7
5005,209,22,Social Studies,Unit Test 1,25,10.6
5006,209,22,Social Studies,Unit Test 2,25,15.7
5007,209,22,Social Studies,Half Yearly,100,45.1
5008,209,22,Social Studies,Annual Exam,100,51.1
5009,209,23,Telugu,Unit Test 1,25,8.3
5010,209,23,Telugu,Unit Test 2,25,14.8
5011,209,23,Telugu,Half Yearly,100,35.0
5012,209,23,Telugu,Annual Exam,100,38.4
5013,209,24,Computer Science,Unit Test 1,25,9.0
5014,209,24,Computer Science,Unit Test 2,25,13.0
5015,209,24,Computer Science,Half Yearly,100,43.1
5016,209,24,Computer Science,Annual Exam,100,49.6
5017,210,19,Mathematics,Unit Test 1,25,14.9
5018,210,19,Mathematics,Unit Test 2,25,15.0
5019,210,19,Mathematics,Half Yearly,100,45.8
5020,210,19,Mathematics,Annual Exam,100,56.6
5021,210,20,Science,Unit Test 1,25,16.0
5022,210,20,Science,Unit Test 2,25,16.6
5023,210,20,Science,Half Yearly,100,68.4
5024,210,20,Science,Annual Exam,100,58.7
5025,210,21,English,Unit Test 1,25,20.1
5026,210,21,English,Unit Test 2,25,16.8
5027,210,21,English,Half Yearly,100,65.8
5028,210,21,English,Annual Exam,100,50.6
5029,210,22,Social Studies,Unit Test 1,25,15.5
5030,210,22,Social Studies,Unit Test 2,25,11.4
5031,210,22,Social Studies,Half Yearly,100,72.7
5032,210,22,Social Studies,Annual Exam,100,50.4
5033,210,23,Telugu,Unit Test 1,25,21.5
5034,210,23,Telugu,Unit Test 2,25,17.1
5035,210,23,Telugu,Half Yearly,100,72.7
5036,210,23,Telugu,Annual Exam,100,68.4
5037,210,24,Computer Science,Unit Test 1,25,13.9
5038,210,24,Computer Science,Unit Test 2,25,13.8
5039,210,24,Computer Science,Half Yearly,100,61.8
5040,210,24,Computer Science,Annual Exam,100,51.6
5041,211,19,Mathematics,Unit Test 1,25,16.8
5042,211,19,Mathematics,Unit Test 2,25,19.6
5043,211,19,Mathematics,Half Yearly,100,64.3
5044,211,19,Mathematics,Annual Exam,100,76.1
5045,211,20,Science,Unit Test 1,25,16.9
5046,211,20,Science,Unit Test 2,25,14.4
5047,211,20,Science,Half Yearly,100,73.2
5048,211,20,Science,Annual Exam,100,65.2
5049,211,21,English,Unit Test 1,25,17.7
5050,211,21,English,Unit Test 2,25,16.0
5051,211,21,English,Half Yearly,100,77.0
5052,211,21,English,Annual Exam,100,85.2
5053,211,22,Social Studies,Unit Test 1,25,18.4
5054,211,22,Social Studies,Unit Test 2,25,16.5
5055,211,22,Social Studies,Half Yearly,100,80.5
5056,211,22,Social Studies,Annual Exam,100,91.0
5057,211,23,Telugu,Unit Test 1,25,16.3
5058,211,23,Telugu,Unit Test 2,25,16.9
5059,211,23,Telugu,Half Yearly,100,49.6
5060,211,23,Telugu,Annual Exam,100,62.8
5061,211,24,Computer Science,Unit Test 1,25,17.4
5062,211,24,Computer Science,Unit Test 2,25,17.6
5063,211,24,Computer Science,Half Yearly,100,66.5
5064,211,24,Computer Science,Annual Exam,100,69.9
5065,212,19,Mathematics,Unit Test 1,25,15.1
5066,212,19,Mathematics,Unit Test 2,25,16.3
5067,212,19,Mathematics,Half Yearly,100,74.5
5068,212,19,Mathematics,Annual Exam,100,65.2
5069,212,20,Science,Unit Test 1,25,20.4
5070,212,20,Science,Unit Test 2,25,19.9
5071,212,20,Science,Half Yearly,100,60.1
5072,212,20,Science,Annual Exam,100,82.7
5073,212,21,English,Unit Test 1,25,14.6
5074,212,21,English,Unit Test 2,25,18.1
5075,212,21,English,Half Yearly,100,70.4
5076,212,21,English,Annual Exam,100,72.3
5077,212,22,Social Studies,Unit Test 1,25,19.3
5078,212,22,Social Studies,Unit Test 2,25,20.2
5079,212,22,Social Studies,Half Yearly,100,86.3
5080,212,22,Social Studies,Annual Exam,100,78.5
5081,212,23,Telugu,Unit Test 1,25,17.8
5082,212,23,Telugu,Unit Test 2,25,15.8
5083,212,23,Telugu,Half Yearly,100,76.2
5084,212,23,Telugu,Annual Exam,100,80.4
5085,212,24,Computer Science,Unit Test 1,25,16.0
5086,212,24,Computer Science,Unit Test 2,25,13.5
5087,212,24,Computer Science,Half Yearly,100,65.8
5088,212,24,Computer Science,Annual Exam,100,56.1
5089,213,19,Mathematics,Unit Test 1,25,8.1
5090,213,19,Mathematics,Unit Test 2,25,8.0
5091,213,19,Mathematics,Half Yearly,100,55.5
5092,213,19,Mathematics,Annual Exam,100,46.4
5093,213,20,Science,Unit Test 1,25,13.7
5094,213,20,Science,Unit Test 2,25,14.2
5095,213,20,Science,Half Yearly,100,50.0
5096,213,20,Science,Annual Exam,100,43.6
5097,213,21,English,Unit Test 1,25,14.0
5098,213,21,English,Unit Test 2,25,15.7
5099,213,21,English,Half Yearly,100,33.4
5100,213,21,English,Annual Exam,100,34.1
5101,213,22,Social Studies,Unit Test 1,25,11.5
5102,213,22,Social Studies,Unit Test 2,25,15.6
5103,213,22,Social Studies,Half Yearly,100,59.0
5104,213,22,Social Studies,Annual Exam,100,59.1
5105,213,23,Telugu,Unit Test 1,25,16.6
5106,213,23,Telugu,Unit Test 2,25,11.2
5107,213,23,Telugu,Half Yearly,100,44.5
5108,213,23,Telugu,Annual Exam,100,39.9
5109,213,24,Computer Science,Unit Test 1,25,14.2
5110,213,24,Computer Science,Unit Test 2,25,11.6
5111,213,24,Computer Science,Half Yearly,100,61.8
5112,213,24,Computer Science,Annual Exam,100,57.1
5113,214,19,Mathematics,Unit Test 1,25,22.3
5114,214,19,Mathematics,Unit Test 2,25,20.8
5115,214,19,Mathematics,Half Yearly,100,84.4
5116,214,19,Mathematics,Annual Exam,100,78.9
5117,214,20,Science,Unit Test 1,25,18.9
5118,214,20,Science,Unit Test 2,25,21.4
5119,214,20,Science,Half Yearly,100,69.1
5120,214,20,Science,Annual Exam,100,78.4
5121,214,21,English,Unit Test 1,25,19.3
5122,214,21,English,Unit Test 2,25,20.1
5123,214,21,English,Half Yearly,100,81.6
5124,214,21,English,Annual Exam,100,74.6
5125,214,22,Social Studies,Unit Test 1,25,19.7
5126,214,22,Social Studies,Unit Test 2,25,17.6
5127,214,22,Social Studies,Half Yearly,100,81.2
5128,214,22,Social Studies,Annual Exam,100,75.1
5129,214,23,Telugu,Unit Test 1,25,18.9
5130,214,23,Telugu,Unit Test 2,25,23.2
5131,214,23,Telugu,Half Yearly,100,89.1
5132,214,23,Telugu,Annual Exam,100,80.2
5133,214,24,Computer Science,Unit Test 1,25,17.6
5134,214,24,Computer Science,Unit Test 2,25,17.6
5135,214,24,Computer Science,Half Yearly,100,73.0
5136,214,24,Computer Science,Annual Exam,100,70.2
5137,215,19,Mathematics,Unit Test 1,25,24.4
5138,215,19,Mathematics,Unit Test 2,25,21.5
5139,215,19,Mathematics,Half Yearly,100,69.9
5140,215,19,Mathematics,Annual Exam,100,84.5
5141,215,20,Science,Unit Test 1,25,21.9
5142,215,20,Science,Unit Test 2,25,21.7
5143,215,20,Science,Half Yearly,100,86.7
5144,215,20,Science,Annual Exam,100,78.2
5145,215,21,English,Unit Test 1,25,20.4
5146,215,21,English,Unit Test 2,25,16.5
5147,215,21,English,Half Yearly,100,89.3
5148,215,21,English,Annual Exam,100,81.5
5149,215,22,Social Studies,Unit Test 1,25,23.3
5150,215,22,Social Studies,Unit Test 2,25,23.7
5151,215,22,Social Studies,Half Yearly,100,81.7
5152,215,22,Social Studies,Annual Exam,100,84.1
5153,215,23,Telugu,Unit Test 1,25,17.0
5154,215,23,Telugu,Unit Test 2,25,19.2
5155,215,23,Telugu,Half Yearly,100,70.5
5156,215,23,Telugu,Annual Exam,100,69.3
5157,215,24,Computer Science,Unit Test 1,25,17.1
5158,215,24,Computer Science,Unit Test 2,25,19.0
5159,215,24,Computer Science,Half Yearly,100,77.5
5160,215,24,Computer Science,Annual Exam,100,59.9
5161,216,19,Mathematics,Unit Test 1,25,20.1
5162,216,19,Mathematics,Unit Test 2,25,20.2
5163,216,19,Mathematics,Half Yearly,100,81.6
5164,216,19,Mathematics,Annual Exam,100,86.4
5165,216,20,Science,Unit Test 1,25,21.0
5166,216,20,Science,Unit Test 2,25,21.2
5167,216,20,Science,Half Yearly,100,86.8
5168,216,20,Science,Annual Exam,100,93.8
5169,216,21,English,Unit Test 1,25,23.4
5170,216,21,English,Unit Test 2,25,22.5
5171,216,21,English,Half Yearly,100,95.5
5172,216,21,English,Annual Exam,100,93.4
5173,216,22,Social Studies,Unit Test 1,25,22.3
5174,216,22,Social Studies,Unit Test 2,25,22.2
5175,216,22,Social Studies,Half Yearly,100,98.6
5176,216,22,Social Studies,Annual Exam,100,85.9
5177,216,23,Telugu,Unit Test 1,25,20.6
5178,216,23,Telugu,Unit Test 2,25,21.5
5179,216,23,Telugu,Half Yearly,100,89.0
5180,216,23,Telugu,Annual Exam,100,100.0
5181,216,24,Computer Science,Unit Test 1,25,23.8
5182,216,24,Computer Science,Unit Test 2,25,19.4
5183,216,24,Computer Science,Half Yearly,100,81.8
5184,216,24,Computer Science,Annual Exam,100,94.9
5185,217,19,Mathematics,Unit Test 1,25,15.2
5186,217,19,Mathematics,Unit Test 2,25,11.4
5187,217,19,Mathematics,Half Yearly,100,47.8
5188,217,19,Mathematics,Annual Exam,100,52.9
5189,217,20,Science,Unit Test 1,25,11.7
5190,217,20,Science,Unit Test 2,25,8.9
5191,217,20,Science,Half Yearly,100,27.7
5192,217,20,Science,Annual Exam,100,41.7
5193,217,21,English,Unit Test 1,25,12.4
5194,217,21,English,Unit Test 2,25,12.5
5195,217,21,English,Half Yearly,100,44.5
5196,217,21,English,Annual Exam,100,49.4
5197,217,22,Social Studies,Unit Test 1,25,4.4
5198,217,22,Social Studies,Unit Test 2,25,11.7
5199,217,22,Social Studies,Half Yearly,100,31.0
5200,217,22,Social Studies,Annual Exam,100,36.2
5201,217,23,Telugu,Unit Test 1,25,12.8
5202,217,23,Telugu,Unit Test 2,25,7.8
5203,217,23,Telugu,Half Yearly,100,39.0
5204,217,23,Telugu,Annual Exam,100,27.3
5205,217,24,Computer Science,Unit Test 1,25,12.3
5206,217,24,Computer Science,Unit Test 2,25,7.0
5207,217,24,Computer Science,Half Yearly,100,52.6
5208,217,24,Computer Science,Annual Exam,100,45.3
5209,218,19,Mathematics,Unit Test 1,25,16.7
5210,218,19,Mathematics,Unit Test 2,25,17.0
5211,218,19,Mathematics,Half Yearly,100,61.8
5212,218,19,Mathematics,Annual Exam,100,68.7
5213,218,20,Science,Unit Test 1,25,14.0
5214,218,20,Science,Unit Test 2,25,12.6
5215,218,20,Science,Half Yearly,100,62.6
5216,218,20,Science,Annual Exam,100,61.1
5217,218,21,English,Unit Test 1,25,14.8
5218,218,21,English,Unit Test 2,25,15.6
5219,218,21,English,Half Yearly,100,59.8
5220,218,21,English,Annual Exam,100,49.9
5221,218,22,Social Studies,Unit Test 1,25,15.9
5222,218,22,Social Studies,Unit Test 2,25,14.7
5223,218,22,Social Studies,Half Yearly,100,65.9
5224,218,22,Social Studies,Annual Exam,100,57.7
5225,218,23,Telugu,Unit Test 1,25,17.7
5226,218,23,Telugu,Unit Test 2,25,18.1
5227,218,23,Telugu,Half Yearly,100,84.8
5228,218,23,Telugu,Annual Exam,100,65.6
5229,218,24,Computer Science,Unit Test 1,25,20.4
5230,218,24,Computer Science,Unit Test 2,25,17.1
5231,218,24,Computer Science,Half Yearly,100,73.4
5232,218,24,Computer Science,Annual Exam,100,74.2
5233,219,19,Mathematics,Unit Test 1,25,25.0
5234,219,19,Mathematics,Unit Test 2,25,23.7
5235,219,19,Mathematics,Half Yearly,100,99.7
5236,219,19,Mathematics,Annual Exam,100,87.8
5237,219,20,Science,Unit Test 1,25,20.8
5238,219,20,Science,Unit Test 2,25,20.1
5239,219,20,Science,Half Yearly,100,93.7
5240,219,20,Science,Annual Exam,100,87.4
5241,219,21,English,Unit Test 1,25,24.3
5242,219,21,English,Unit Test 2,25,24.2
5243,219,21,English,Half Yearly,100,100.0
5244,219,21,English,Annual Exam,100,95.9
5245,219,22,Social Studies,Unit Test 1,25,25.0
5246,219,22,Social Studies,Unit Test 2,25,24.3
5247,219,22,Social Studies,Half Yearly,100,95.3
5248,219,22,Social Studies,Annual Exam,100,91.1
5249,219,23,Telugu,Unit Test 1,25,16.2
5250,219,23,Telugu,Unit Test 2,25,17.5
5251,219,23,Telugu,Half Yearly,100,65.0
5252,219,23,Telugu,Annual Exam,100,69.4
5253,219,24,Computer Science,Unit Test 1,25,17.6
5254,219,24,Computer Science,Unit Test 2,25,22.3
5255,219,24,Computer Science,Half Yearly,100,92.7
5256,219,24,Computer Science,Annual Exam,100,91.7
5257,220,19,Mathematics,Unit Test 1,25,7.5
5258,220,19,Mathematics,Unit Test 2,25,9.6
5259,220,19,Mathematics,Half Yearly,100,54.3
5260,220,19,Mathematics,Annual Exam,100,49.5
5261,220,20,Science,Unit Test 1,25,12.3
5262,220,20,Science,Unit Test 2,25,10.5
5263,220,20,Science,Half Yearly,100,60.9
5264,220,20,Science,Annual Exam,100,34.1
5265,220,21,English,Unit Test 1,25,10.3
5266,220,21,English,Unit Test 2,25,8.1
5267,220,21,English,Half Yearly,100,44.2
5268,220,21,English,Annual Exam,100,37.0
5269,220,22,Social Studies,Unit Test 1,25,9.4
5270,220,22,Social Studies,Unit Test 2,25,11.6
5271,220,22,Social Studies,Half Yearly,100,50.8
5272,220,22,Social Studies,Annual Exam,100,50.3
5273,220,23,Telugu,Unit Test 1,25,12.8
5274,220,23,Telugu,Unit Test 2,25,9.4
5275,220,23,Telugu,Half Yearly,100,49.1
5276,220,23,Telugu,Annual Exam,100,51.5
5277,220,24,Computer Science,Unit Test 1,25,10.2
5278,220,24,Computer Science,Unit Test 2,25,11.7
5279,220,24,Computer Science,Half Yearly,100,41.9
5280,220,24,Computer Science,Annual Exam,100,46.9
5281,221,19,Mathematics,Unit Test 1,25,14.3
5282,221,19,Mathematics,Unit Test 2,25,15.2
5283,221,19,Mathematics,Half Yearly,100,51.8
5284,221,19,Mathematics,Annual Exam,100,55.5
5285,221,20,Science,Unit Test 1,25,11.1
5286,221,20,Science,Unit Test 2,25,16.7
5287,221,20,Science,Half Yearly,100,75.7
5288,221,20,Science,Annual Exam,100,69.6
5289,221,21,English,Unit Test 1,25,21.6
5290,221,21,English,Unit Test 2,25,19.4
5291,221,21,English,Half Yearly,100,61.6
5292,221,21,English,Annual Exam,100,83.3
5293,221,22,Social Studies,Unit Test 1,25,18.6
5294,221,22,Social Studies,Unit Test 2,25,17.1
5295,221,22,Social Studies,Half Yearly,100,77.2
5296,221,22,Social Studies,Annual Exam,100,78.3
5297,221,23,Telugu,Unit Test 1,25,16.6
5298,221,23,Telugu,Unit Test 2,25,14.5
5299,221,23,Telugu,Half Yearly,100,69.1
5300,221,23,Telugu,Annual Exam,100,59.0
5301,221,24,Computer Science,Unit Test 1,25,19.4
5302,221,24,Computer Science,Unit Test 2,25,16.3
5303,221,24,Computer Science,Half Yearly,100,69.7
5304,221,24,Computer Science,Annual Exam,100,66.3
5305,222,19,Mathematics,Unit Test 1,25,18.6
5306,222,19,Mathematics,Unit Test 2,25,16.0
5307,222,19,Mathematics,Half Yearly,100,68.0
5308,222,19,Mathematics,Annual Exam,100,81.6
5309,222,20,Science,Unit Test 1,25,20.1
5310,222,20,Science,Unit Test 2,25,21.9
5311,222,20,Science,Half Yearly,100,89.4
5312,222,20,Science,Annual Exam,100,70.5
5313,222,21,English,Unit Test 1,25,21.9
5314,222,21,English,Unit Test 2,25,24.7
5315,222,21,English,Half Yearly,100,84.6
5316,222,21,English,Annual Exam,100,77.0
5317,222,22,Social Studies,Unit Test 1,25,18.5
5318,222,22,Social Studies,Unit Test 2,25,20.3
5319,222,22,Social Studies,Half Yearly,100,95.9
5320,222,22,Social Studies,Annual Exam,100,79.2
5321,222,23,Telugu,Unit Test 1,25,18.6
5322,222,23,Telugu,Unit Test 2,25,19.2
5323,222,23,Telugu,Half Yearly,100,72.3
5324,222,23,Telugu,Annual Exam,100,69.5
5325,222,24,Computer Science,Unit Test 1,25,22.8
5326,222,24,Computer Science,Unit Test 2,25,17.8
5327,222,24,Computer Science,Half Yearly,100,81.9
5328,222,24,Computer Science,Annual Exam,100,72.0
5329,223,19,Mathematics,Unit Test 1,25,12.7
5330,223,19,Mathematics,Unit Test 2,25,8.9
5331,223,19,Mathematics,Half Yearly,100,46.3
5332,223,19,Mathematics,Annual Exam,100,26.0
5333,223,20,Science,Unit Test 1,25,10.4
5334,223,20,Science,Unit Test 2,25,12.4
5335,223,20,Science,Half Yearly,100,45.1
5336,223,20,Science,Annual Exam,100,49.2
5337,223,21,English,Unit Test 1,25,10.0
5338,223,21,English,Unit Test 2,25,11.1
5339,223,21,English,Half Yearly,100,53.6
5340,223,21,English,Annual Exam,100,34.4
5341,223,22,Social Studies,Unit Test 1,25,8.4
5342,223,22,Social Studies,Unit Test 2,25,9.6
5343,223,22,Social Studies,Half Yearly,100,42.0
5344,223,22,Social Studies,Annual Exam,100,34.4
5345,223,23,Telugu,Unit Test 1,25,9.3
5346,223,23,Telugu,Unit Test 2,25,10.0
5347,223,23,Telugu,Half Yearly,100,36.9
5348,223,23,Telugu,Annual Exam,100,30.4
5349,223,24,Computer Science,Unit Test 1,25,14.7
5350,223,24,Computer Science,Unit Test 2,25,14.8
5351,223,24,Computer Science,Half Yearly,100,43.1
5352,223,24,Computer Science,Annual Exam,100,32.2
5353,224,19,Mathematics,Unit Test 1,25,14.4
5354,224,19,Mathematics,Unit Test 2,25,20.3
5355,224,19,Mathematics,Half Yearly,100,62.6
5356,224,19,Mathematics,Annual Exam,100,63.2
5357,224,20,Science,Unit Test 1,25,10.5
5358,224,20,Science,Unit Test 2,25,13.4
5359,224,20,Science,Half Yearly,100,55.8
5360,224,20,Science,Annual Exam,100,42.4
5361,224,21,English,Unit Test 1,25,15.0
5362,224,21,English,Unit Test 2,25,11.3
5363,224,21,English,Half Yearly,100,68.3
5364,224,21,English,Annual Exam,100,63.4
5365,224,22,Social Studies,Unit Test 1,25,15.1
5366,224,22,Social Studies,Unit Test 2,25,17.9
5367,224,22,Social Studies,Half Yearly,100,71.1
5368,224,22,Social Studies,Annual Exam,100,82.0
5369,224,23,Telugu,Unit Test 1,25,13.0
5370,224,23,Telugu,Unit Test 2,25,16.7
5371,224,23,Telugu,Half Yearly,100,62.8
5372,224,23,Telugu,Annual Exam,100,70.8
5373,224,24,Computer Science,Unit Test 1,25,13.7
5374,224,24,Computer Science,Unit Test 2,25,15.5
5375,224,24,Computer Science,Half Yearly,100,63.0
5376,224,24,Computer Science,Annual Exam,100,65.0
5377,225,19,Mathematics,Unit Test 1,25,17.9
5378,225,19,Mathematics,Unit Test 2,25,17.8
5379,225,19,Mathematics,Half Yearly,100,66.1
5380,225,19,Mathematics,Annual Exam,100,82.5
5381,225,20,Science,Unit Test 1,25,18.6
5382,225,20,Science,Unit Test 2,25,20.5
5383,225,20,Science,Half Yearly,100,88.7
5384,225,20,Science,Annual Exam,100,88.1
5385,225,21,English,Unit Test 1,25,19.0
5386,225,21,English,Unit Test 2,25,19.4
5387,225,21,English,Half Yearly,100,88.9
5388,225,21,English,Annual Exam,100,89.4
5389,225,22,Social Studies,Unit Test 1,25,21.8
5390,225,22,Social Studies,Unit Test 2,25,19.7
5391,225,22,Social Studies,Half Yearly,100,90.5
5392,225,22,Social Studies,Annual Exam,100,88.7
5393,225,23,Telugu,Unit Test 1,25,20.6
5394,225,23,Telugu,Unit Test 2,25,20.5
5395,225,23,Telugu,Half Yearly,100,88.6
5396,225,23,Telugu,Annual Exam,100,80.9
5397,225,24,Computer Science,Unit Test 1,25,19.7
5398,225,24,Computer Science,Unit Test 2,25,16.8
5399,225,24,Computer Science,Half Yearly,100,66.0
5400,225,24,Computer Science,Annual Exam,100,65.8
5401,226,19,Mathematics,Unit Test 1,25,15.3
5402,226,19,Mathematics,Unit Test 2,25,17.6
5403,226,19,Mathematics,Half Yearly,100,69.1
5404,226,19,Mathematics,Annual Exam,100,69.9
5405,226,20,Science,Unit Test 1,25,13.9
5406,226,20,Science,Unit Test 2,25,14.5
5407,226,20,Science,Half Yearly,100,60.8
5408,226,20,Science,Annual Exam,100,67.0
5409,226,21,English,Unit Test 1,25,16.3
5410,226,21,English,Unit Test 2,25,11.7
5411,226,21,English,Half Yearly,100,47.2
5412,226,21,English,Annual Exam,100,63.4
5413,226,22,Social Studies,Unit Test 1,25,17.0
5414,226,22,Social Studies,Unit Test 2,25,15.3
5415,226,22,Social Studies,Half Yearly,100,62.5
5416,226,22,Social Studies,Annual Exam,100,59.7
5417,226,23,Telugu,Unit Test 1,25,9.8
5418,226,23,Telugu,Unit Test 2,25,12.9
5419,226,23,Telugu,Half Yearly,100,62.2
5420,226,23,Telugu,Annual Exam,100,58.7
5421,226,24,Computer Science,Unit Test 1,25,16.0
5422,226,24,Computer Science,Unit Test 2,25,13.3
5423,226,24,Computer Science,Half Yearly,100,67.0
5424,226,24,Computer Science,Annual Exam,100,70.7
5425,227,19,Mathematics,Unit Test 1,25,25.0
5426,227,19,Mathematics,Unit Test 2,25,25.0
5427,227,19,Mathematics,Half Yearly,100,95.6
5428,227,19,Mathematics,Annual Exam,100,100.0
5429,227,20,Science,Unit Test 1,25,25.0
5430,227,20,Science,Unit Test 2,25,25.0
5431,227,20,Science,Half Yearly,100,100.0
5432,227,20,Science,Annual Exam,100,100.0
5433,227,21,English,Unit Test 1,25,25.0
5434,227,21,English,Unit Test 2,25,22.0
5435,227,21,English,Half Yearly,100,97.6
5436,227,21,English,Annual Exam,100,78.2
5437,227,22,Social Studies,Unit Test 1,25,25.0
5438,227,22,Social Studies,Unit Test 2,25,20.2
5439,227,22,Social Studies,Half Yearly,100,100.0
5440,227,22,Social Studies,Annual Exam,100,95.6
5441,227,23,Telugu,Unit Test 1,25,25.0
5442,227,23,Telugu,Unit Test 2,25,22.6
5443,227,23,Telugu,Half Yearly,100,94.1
5444,227,23,Telugu,Annual Exam,100,86.3
5445,227,24,Computer Science,Unit Test 1,25,19.1
5446,227,24,Computer Science,Unit Test 2,25,24.8
5447,227,24,Computer Science,Half Yearly,100,93.8
5448,227,24,Computer Science,Annual Exam,100,81.4
5449,228,19,Mathematics,Unit Test 1,25,17.2
5450,228,19,Mathematics,Unit Test 2,25,18.9
5451,228,19,Mathematics,Half Yearly,100,74.7
5452,228,19,Mathematics,Annual Exam,100,73.7
5453,228,20,Science,Unit Test 1,25,14.3
5454,228,20,Science,Unit Test 2,25,17.6
5455,228,20,Science,Half Yearly,100,72.9
5456,228,20,Science,Annual Exam,100,61.1
5457,228,21,English,Unit Test 1,25,16.3
5458,228,21,English,Unit Test 2,25,15.2
5459,228,21,English,Half Yearly,100,75.4
5460,228,21,English,Annual Exam,100,66.5
5461,228,22,Social Studies,Unit Test 1,25,15.1
5462,228,22,Social Studies,Unit Test 2,25,9.5
5463,228,22,Social Studies,Half Yearly,100,55.4
5464,228,22,Social Studies,Annual Exam,100,53.6
5465,228,23,Telugu,Unit Test 1,25,19.9
5466,228,23,Telugu,Unit Test 2,25,18.0
5467,228,23,Telugu,Half Yearly,100,67.2
5468,228,23,Telugu,Annual Exam,100,43.7
5469,228,24,Computer Science,Unit Test 1,25,15.2
5470,228,24,Computer Science,Unit Test 2,25,16.4
5471,228,24,Computer Science,Half Yearly,100,92.3
5472,228,24,Computer Science,Annual Exam,100,73.2
5473,229,19,Mathematics,Unit Test 1,25,18.2
5474,229,19,Mathematics,Unit Test 2,25,18.1
5475,229,19,Mathematics,Half Yearly,100,80.4
5476,229,19,Mathematics,Annual Exam,100,67.4
5477,229,20,Science,Unit Test 1,25,17.8
5478,229,20,Science,Unit Test 2,25,15.5
5479,229,20,Science,Half Yearly,100,68.6
5480,229,20,Science,Annual Exam,100,77.5
5481,229,21,English,Unit Test 1,25,14.5
5482,229,21,English,Unit Test 2,25,16.0
5483,229,21,English,Half Yearly,100,57.5
5484,229,21,English,Annual Exam,100,62.4
5485,229,22,Social Studies,Unit Test 1,25,16.8
5486,229,22,Social Studies,Unit Test 2,25,15.9
5487,229,22,Social Studies,Half Yearly,100,63.0
5488,229,22,Social Studies,Annual Exam,100,71.9
5489,229,23,Telugu,Unit Test 1,25,21.2
5490,229,23,Telugu,Unit Test 2,25,18.1
5491,229,23,Telugu,Half Yearly,100,53.5
5492,229,23,Telugu,Annual Exam,100,61.7
5493,229,24,Computer Science,Unit Test 1,25,15.5
5494,229,24,Computer Science,Unit Test 2,25,16.5
5495,229,24,Computer Science,Half Yearly,100,68.7
5496,229,24,Computer Science,Annual Exam,100,70.5
5497,230,19,Mathematics,Unit Test 1,25,19.6
5498,230,19,Mathematics,Unit Test 2,25,20.8
5499,230,19,Mathematics,Half Yearly,100,69.5
5500,230,19,Mathematics,Annual Exam,100,89.3
5501,230,20,Science,Unit Test 1,25,17.5
5502,230,20,Science,Unit Test 2,25,23.2
5503,230,20,Science,Half Yearly,100,79.8
5504,230,20,Science,Annual Exam,100,65.8
5505,230,21,English,Unit Test 1,25,19.0
5506,230,21,English,Unit Test 2,25,18.6
5507,230,21,English,Half Yearly,100,80.9
5508,230,21,English,Annual Exam,100,74.0
5509,230,22,Social Studies,Unit Test 1,25,13.0
5510,230,22,Social Studies,Unit Test 2,25,19.2
5511,230,22,Social Studies,Half Yearly,100,64.6
5512,230,22,Social Studies,Annual Exam,100,61.5
5513,230,23,Telugu,Unit Test 1,25,23.0
5514,230,23,Telugu,Unit Test 2,25,25.0
5515,230,23,Telugu,Half Yearly,100,90.7
5516,230,23,Telugu,Annual Exam,100,80.0
5517,230,24,Computer Science,Unit Test 1,25,21.6
5518,230,24,Computer Science,Unit Test 2,25,21.6
5519,230,24,Computer Science,Half Yearly,100,71.2
5520,230,24,Computer Science,Annual Exam,100,92.2
5521,231,19,Mathematics,Unit Test 1,25,11.6
5522,231,19,Mathematics,Unit Test 2,25,9.3
5523,231,19,Mathematics,Half Yearly,100,47.1
5524,231,19,Mathematics,Annual Exam,100,44.8
5525,231,20,Science,Unit Test 1,25,8.3
5526,231,20,Science,Unit Test 2,25,12.2
5527,231,20,Science,Half Yearly,100,29.6
5528,231,20,Science,Annual Exam,100,20.4
5529,231,21,English,Unit Test 1,25,10.5
5530,231,21,English,Unit Test 2,25,10.9
5531,231,21,English,Half Yearly,100,41.3
5532,231,21,English,Annual Exam,100,29.7
5533,231,22,Social Studies,Unit Test 1,25,11.6
5534,231,22,Social Studies,Unit Test 2,25,13.2
5535,231,22,Social Studies,Half Yearly,100,51.1
5536,231,22,Social Studies,Annual Exam,100,48.4
5537,231,23,Telugu,Unit Test 1,25,12.9
5538,231,23,Telugu,Unit Test 2,25,12.3
5539,231,23,Telugu,Half Yearly,100,41.7
5540,231,23,Telugu,Annual Exam,100,49.2
5541,231,24,Computer Science,Unit Test 1,25,8.0
5542,231,24,Computer Science,Unit Test 2,25,11.1
5543,231,24,Computer Science,Half Yearly,100,40.6
5544,231,24,Computer Science,Annual Exam,100,41.8
5545,232,19,Mathematics,Unit Test 1,25,19.3
5546,232,19,Mathematics,Unit Test 2,25,20.4
5547,232,19,Mathematics,Half Yearly,100,83.1
5548,232,19,Mathematics,Annual Exam,100,83.0
5549,232,20,Science,Unit Test 1,25,22.7
5550,232,20,Science,Unit Test 2,25,21.8
5551,232,20,Science,Half Yearly,100,90.3
5552,232,20,Science,Annual Exam,100,91.0
5553,232,21,English,Unit Test 1,25,15.7
5554,232,21,English,Unit Test 2,25,18.8
5555,232,21,English,Half Yearly,100,75.1
5556,232,21,English,Annual Exam,100,61.5
5557,232,22,Social Studies,Unit Test 1,25,21.2
5558,232,22,Social Studies,Unit Test 2,25,18.7
5559,232,22,Social Studies,Half Yearly,100,87.1
5560,232,22,Social Studies,Annual Exam,100,78.3
5561,232,23,Telugu,Unit Test 1,25,22.8
5562,232,23,Telugu,Unit Test 2,25,22.2
5563,232,23,Telugu,Half Yearly,100,80.5
5564,232,23,Telugu,Annual Exam,100,90.3
5565,232,24,Computer Science,Unit Test 1,25,19.6
5566,232,24,Computer Science,Unit Test 2,25,23.4
5567,232,24,Computer Science,Half Yearly,100,72.1
5568,232,24,Computer Science,Annual Exam,100,79.2
5569,233,19,Mathematics,Unit Test 1,25,12.5
5570,233,19,Mathematics,Unit Test 2,25,12.8
5571,233,19,Mathematics,Half Yearly,100,53.1
5572,233,19,Mathematics,Annual Exam,100,46.8
5573,233,20,Science,Unit Test 1,25,14.5
5574,233,20,Science,Unit Test 2,25,11.5
5575,233,20,Science,Half Yearly,100,35.9
5576,233,20,Science,Annual Exam,100,51.8
5577,233,21,English,Unit Test 1,25,14.1
5578,233,21,English,Unit Test 2,25,18.8
5579,233,21,English,Half Yearly,100,53.6
5580,233,21,English,Annual Exam,100,60.4
5581,233,22,Social Studies,Unit Test 1,25,13.6
5582,233,22,Social Studies,Unit Test 2,25,9.4
5583,233,22,Social Studies,Half Yearly,100,48.6
5584,233,22,Social Studies,Annual Exam,100,52.6
5585,233,23,Telugu,Unit Test 1,25,11.2
5586,233,23,Telugu,Unit Test 2,25,10.7
5587,233,23,Telugu,Half Yearly,100,53.6
5588,233,23,Telugu,Annual Exam,100,41.2
5589,233,24,Computer Science,Unit Test 1,25,10.5
5590,233,24,Computer Science,Unit Test 2,25,12.9
5591,233,24,Computer Science,Half Yearly,100,73.8
5592,233,24,Computer Science,Annual Exam,100,55.2
5593,234,19,Mathematics,Unit Test 1,25,16.4
5594,234,19,Mathematics,Unit Test 2,25,18.4
5595,234,19,Mathematics,Half Yearly,100,72.4
5596,234,19,Mathematics,Annual Exam,100,65.9
5597,234,20,Science,Unit Test 1,25,20.4
5598,234,20,Science,Unit Test 2,25,16.9
5599,234,20,Science,Half Yearly,100,56.6
5600,234,20,Science,Annual Exam,100,66.2
5601,234,21,English,Unit Test 1,25,17.7
5602,234,21,English,Unit Test 2,25,18.7
5603,234,21,English,Half Yearly,100,71.5
5604,234,21,English,Annual Exam,100,58.9
5605,234,22,Social Studies,Unit Test 1,25,14.9
5606,234,22,Social Studies,Unit Test 2,25,14.9
5607,234,22,Social Studies,Half Yearly,100,64.3
5608,234,22,Social Studies,Annual Exam,100,62.5
5609,234,23,Telugu,Unit Test 1,25,16.7
5610,234,23,Telugu,Unit Test 2,25,16.3
5611,234,23,Telugu,Half Yearly,100,60.7
5612,234,23,Telugu,Annual Exam,100,87.0
5613,234,24,Computer Science,Unit Test 1,25,22.2
5614,234,24,Computer Science,Unit Test 2,25,17.6
5615,234,24,Computer Science,Half Yearly,100,81.4
5616,234,24,Computer Science,Annual Exam,100,87.6
5617,235,19,Mathematics,Unit Test 1,25,19.3
5618,235,19,Mathematics,Unit Test 2,25,20.2
5619,235,19,Mathematics,Half Yearly,100,67.7
5620,235,19,Mathematics,Annual Exam,100,64.4
5621,235,20,Science,Unit Test 1,25,21.3
5622,235,20,Science,Unit Test 2,25,22.6
5623,235,20,Science,Half Yearly,100,87.3
5624,235,20,Science,Annual Exam,100,77.6
5625,235,21,English,Unit Test 1,25,23.0
5626,235,21,English,Unit Test 2,25,24.9
5627,235,21,English,Half Yearly,100,87.7
5628,235,21,English,Annual Exam,100,95.1
5629,235,22,Social Studies,Unit Test 1,25,18.6
5630,235,22,Social Studies,Unit Test 2,25,21.1
5631,235,22,Social Studies,Half Yearly,100,59.2
5632,235,22,Social Studies,Annual Exam,100,79.9
5633,235,23,Telugu,Unit Test 1,25,23.0
5634,235,23,Telugu,Unit Test 2,25,19.9
5635,235,23,Telugu,Half Yearly,100,82.3
5636,235,23,Telugu,Annual Exam,100,73.6
5637,235,24,Computer Science,Unit Test 1,25,17.1
5638,235,24,Computer Science,Unit Test 2,25,16.6
5639,235,24,Computer Science,Half Yearly,100,79.0
5640,235,24,Computer Science,Annual Exam,100,74.6
5641,236,19,Mathematics,Unit Test 1,25,11.4
5642,236,19,Mathematics,Unit Test 2,25,9.9
5643,236,19,Mathematics,Half Yearly,100,36.5
5644,236,19,Mathematics,Annual Exam,100,48.5
5645,236,20,Science,Unit Test 1,25,12.9
5646,236,20,Science,Unit Test 2,25,9.0
5647,236,20,Science,Half Yearly,100,36.4
5648,236,20,Science,Annual Exam,100,48.0
5649,236,21,English,Unit Test 1,25,7.7
5650,236,21,English,Unit Test 2,25,11.2
5651,236,21,English,Half Yearly,100,47.3
5652,236,21,English,Annual Exam,100,64.5
5653,236,22,Social Studies,Unit Test 1,25,15.5
5654,236,22,Social Studies,Unit Test 2,25,14.2
5655,236,22,Social Studies,Half Yearly,100,59.5
5656,236,22,Social Studies,Annual Exam,100,59.5
5657,236,23,Telugu,Unit Test 1,25,11.4
5658,236,23,Telugu,Unit Test 2,25,13.9
5659,236,23,Telugu,Half Yearly,100,42.4
5660,236,23,Telugu,Annual Exam,100,51.8
5661,236,24,Computer Science,Unit Test 1,25,10.5
5662,236,24,Computer Science,Unit Test 2,25,17.5
5663,236,24,Computer Science,Half Yearly,100,62.6
5664,236,24,Computer Science,Annual Exam,100,54.8
5665,237,19,Mathematics,Unit Test 1,25,19.0
5666,237,19,Mathematics,Unit Test 2,25,19.4
5667,237,19,Mathematics,Half Yearly,100,76.3
5668,237,19,Mathematics,Annual Exam,100,68.9
5669,237,20,Science,Unit Test 1,25,22.0
5670,237,20,Science,Unit Test 2,25,22.7
5671,237,20,Science,Half Yearly,100,77.1
5672,237,20,Science,Annual Exam,100,83.0
5673,237,21,English,Unit Test 1,25,18.2
5674,237,21,English,Unit Test 2,25,17.2
5675,237,21,English,Half Yearly,100,67.6
5676,237,21,English,Annual Exam,100,64.0
5677,237,22,Social Studies,Unit Test 1,25,18.2
5678,237,22,Social Studies,Unit Test 2,25,19.0
5679,237,22,Social Studies,Half Yearly,100,71.5
5680,237,22,Social Studies,Annual Exam,100,77.2
5681,237,23,Telugu,Unit Test 1,25,20.6
5682,237,23,Telugu,Unit Test 2,25,19.2
5683,237,23,Telugu,Half Yearly,100,83.6
5684,237,23,Telugu,Annual Exam,100,69.0
5685,237,24,Computer Science,Unit Test 1,25,16.5
5686,237,24,Computer Science,Unit Test 2,25,12.9
5687,237,24,Computer Science,Half Yearly,100,69.7
5688,237,24,Computer Science,Annual Exam,100,74.9
5689,238,19,Mathematics,Unit Test 1,25,20.5
5690,238,19,Mathematics,Unit Test 2,25,14.9
5691,238,19,Mathematics,Half Yearly,100,56.9
5692,238,19,Mathematics,Annual Exam,100,74.3
5693,238,20,Science,Unit Test 1,25,15.8
5694,238,20,Science,Unit Test 2,25,16.9
5695,238,20,Science,Half Yearly,100,83.6
5696,238,20,Science,Annual Exam,100,66.9
5697,238,21,English,Unit Test 1,25,17.4
5698,238,21,English,Unit Test 2,25,17.3
5699,238,21,English,Half Yearly,100,81.4
5700,238,21,English,Annual Exam,100,66.6
5701,238,22,Social Studies,Unit Test 1,25,14.9
5702,238,22,Social Studies,Unit Test 2,25,14.3
5703,238,22,Social Studies,Half Yearly,100,71.1
5704,238,22,Social Studies,Annual Exam,100,62.9
5705,238,23,Telugu,Unit Test 1,25,18.8
5706,238,23,Telugu,Unit Test 2,25,16.9
5707,238,23,Telugu,Half Yearly,100,73.6
5708,238,23,Telugu,Annual Exam,100,66.1
5709,238,24,Computer Science,Unit Test 1,25,15.6
5710,238,24,Computer Science,Unit Test 2,25,14.4
5711,238,24,Computer Science,Half Yearly,100,65.0
5712,238,24,Computer Science,Annual Exam,100,65.4
5713,239,19,Mathematics,Unit Test 1,25,14.4
5714,239,19,Mathematics,Unit Test 2,25,16.1
5715,239,19,Mathematics,Half Yearly,100,66.7
5716,239,19,Mathematics,Annual Exam,100,51.7
5717,239,20,Science,Unit Test 1,25,14.4
5718,239,20,Science,Unit Test 2,25,10.6
5719,239,20,Science,Half Yearly,100,64.8
5720,239,20,Science,Annual Exam,100,54.4
5721,239,21,English,Unit Test 1,25,11.2
5722,239,21,English,Unit Test 2,25,12.2
5723,239,21,English,Half Yearly,100,44.6
5724,239,21,English,Annual Exam,100,45.6
5725,239,22,Social Studies,Unit Test 1,25,10.8
5726,239,22,Social Studies,Unit Test 2,25,13.9
5727,239,22,Social Studies,Half Yearly,100,65.1
5728,239,22,Social Studies,Annual Exam,100,67.3
5729,239,23,Telugu,Unit Test 1,25,13.0
5730,239,23,Telugu,Unit Test 2,25,12.6
5731,239,23,Telugu,Half Yearly,100,47.6
5732,239,23,Telugu,Annual Exam,100,68.4
5733,239,24,Computer Science,Unit Test 1,25,15.4
5734,239,24,Computer Science,Unit Test 2,25,12.9
5735,239,24,Computer Science,Half Yearly,100,59.3
5736,239,24,Computer Science,Annual Exam,100,54.8
5737,240,19,Mathematics,Unit Test 1,25,22.4
5738,240,19,Mathematics,Unit Test 2,25,22.3
5739,240,19,Mathematics,Half Yearly,100,100.0
5740,240,19,Mathematics,Annual Exam,100,99.1
5741,240,20,Science,Unit Test 1,25,22.7
5742,240,20,Science,Unit Test 2,25,19.3
5743,240,20,Science,Half Yearly,100,85.4
5744,240,20,Science,Annual Exam,100,83.8
5745,240,21,English,Unit Test 1,25,24.1
5746,240,21,English,Unit Test 2,25,22.8
5747,240,21,English,Half Yearly,100,77.6
5748,240,21,English,Annual Exam,100,100.0
5749,240,22,Social Studies,Unit Test 1,25,24.6
5750,240,22,Social Studies,Unit Test 2,25,22.4
5751,240,22,Social Studies,Half Yearly,100,86.9
5752,240,22,Social Studies,Annual Exam,100,100.0
5753,240,23,Telugu,Unit Test 1,25,25.0
5754,240,23,Telugu,Unit Test 2,25,22.4
5755,240,23,Telugu,Half Yearly,100,90.7
5756,240,23,Telugu,Annual Exam,100,77.9
5757,240,24,Computer Science,Unit Test 1,25,23.2
5758,240,24,Computer Science,Unit Test 2,25,24.6
5759,240,24,Computer Science,Half Yearly,100,85.0
5760,240,24,Computer Science,Annual Exam,100,87.9
5761,241,25,Mathematics,Unit Test 1,25,13.4
5762,241,25,Mathematics,Unit Test 2,25,10.5
5763,241,25,Mathematics,Half Yearly,100,60.6
5764,241,25,Mathematics,Annual Exam,100,62.0
5765,241,26,Science,Unit Test 1,25,13.4
5766,241,26,Science,Unit Test 2,25,16.2
5767,241,26,Science,Half Yearly,100,53.2
5768,241,26,Science,Annual Exam,100,52.6
5769,241,27,English,Unit Test 1,25,12.7
5770,241,27,English,Unit Test 2,25,13.4
5771,241,27,English,Half Yearly,100,53.7
5772,241,27,English,Annual Exam,100,50.8
5773,241,28,Social Studies,Unit Test 1,25,10.6
5774,241,28,Social Studies,Unit Test 2,25,13.4
5775,241,28,Social Studies,Half Yearly,100,60.4
5776,241,28,Social Studies,Annual Exam,100,56.6
5777,241,29,Telugu,Unit Test 1,25,11.8
5778,241,29,Telugu,Unit Test 2,25,11.0
5779,241,29,Telugu,Half Yearly,100,58.1
5780,241,29,Telugu,Annual Exam,100,60.6
5781,241,30,Computer Science,Unit Test 1,25,9.8
5782,241,30,Computer Science,Unit Test 2,25,12.1
5783,241,30,Computer Science,Half Yearly,100,48.0
5784,241,30,Computer Science,Annual Exam,100,38.6
5785,242,25,Mathematics,Unit Test 1,25,13.6
5786,242,25,Mathematics,Unit Test 2,25,12.9
5787,242,25,Mathematics,Half Yearly,100,41.9
5788,242,25,Mathematics,Annual Exam,100,38.2
5789,242,26,Science,Unit Test 1,25,13.1
5790,242,26,Science,Unit Test 2,25,14.1
5791,242,26,Science,Half Yearly,100,42.2
5792,242,26,Science,Annual Exam,100,57.5
5793,242,27,English,Unit Test 1,25,15.3
5794,242,27,English,Unit Test 2,25,12.8
5795,242,27,English,Half Yearly,100,58.4
5796,242,27,English,Annual Exam,100,57.9
5797,242,28,Social Studies,Unit Test 1,25,13.4
5798,242,28,Social Studies,Unit Test 2,25,14.0
5799,242,28,Social Studies,Half Yearly,100,53.2
5800,242,28,Social Studies,Annual Exam,100,46.9
5801,242,29,Telugu,Unit Test 1,25,14.6
5802,242,29,Telugu,Unit Test 2,25,13.7
5803,242,29,Telugu,Half Yearly,100,43.1
5804,242,29,Telugu,Annual Exam,100,40.7
5805,242,30,Computer Science,Unit Test 1,25,11.4
5806,242,30,Computer Science,Unit Test 2,25,14.6
5807,242,30,Computer Science,Half Yearly,100,56.3
5808,242,30,Computer Science,Annual Exam,100,47.9
5809,243,25,Mathematics,Unit Test 1,25,22.5
5810,243,25,Mathematics,Unit Test 2,25,24.5
5811,243,25,Mathematics,Half Yearly,100,84.6
5812,243,25,Mathematics,Annual Exam,100,87.8
5813,243,26,Science,Unit Test 1,25,24.8
5814,243,26,Science,Unit Test 2,25,20.6
5815,243,26,Science,Half Yearly,100,88.8
5816,243,26,Science,Annual Exam,100,94.2
5817,243,27,English,Unit Test 1,25,21.9
5818,243,27,English,Unit Test 2,25,20.6
5819,243,27,English,Half Yearly,100,85.0
5820,243,27,English,Annual Exam,100,75.2
5821,243,28,Social Studies,Unit Test 1,25,24.4
5822,243,28,Social Studies,Unit Test 2,25,19.7
5823,243,28,Social Studies,Half Yearly,100,85.1
5824,243,28,Social Studies,Annual Exam,100,83.8
5825,243,29,Telugu,Unit Test 1,25,21.2
5826,243,29,Telugu,Unit Test 2,25,22.9
5827,243,29,Telugu,Half Yearly,100,82.8
5828,243,29,Telugu,Annual Exam,100,86.5
5829,243,30,Computer Science,Unit Test 1,25,22.8
5830,243,30,Computer Science,Unit Test 2,25,22.5
5831,243,30,Computer Science,Half Yearly,100,79.2
5832,243,30,Computer Science,Annual Exam,100,90.0
5833,244,25,Mathematics,Unit Test 1,25,10.7
5834,244,25,Mathematics,Unit Test 2,25,17.0
5835,244,25,Mathematics,Half Yearly,100,58.5
5836,244,25,Mathematics,Annual Exam,100,56.8
5837,244,26,Science,Unit Test 1,25,15.7
5838,244,26,Science,Unit Test 2,25,15.1
5839,244,26,Science,Half Yearly,100,52.6
5840,244,26,Science,Annual Exam,100,69.9
5841,244,27,English,Unit Test 1,25,16.0
5842,244,27,English,Unit Test 2,25,13.6
5843,244,27,English,Half Yearly,100,61.7
5844,244,27,English,Annual Exam,100,65.7
5845,244,28,Social Studies,Unit Test 1,25,13.6
5846,244,28,Social Studies,Unit Test 2,25,11.9
5847,244,28,Social Studies,Half Yearly,100,66.2
5848,244,28,Social Studies,Annual Exam,100,47.1
5849,244,29,Telugu,Unit Test 1,25,10.6
5850,244,29,Telugu,Unit Test 2,25,13.4
5851,244,29,Telugu,Half Yearly,100,53.6
5852,244,29,Telugu,Annual Exam,100,42.9
5853,244,30,Computer Science,Unit Test 1,25,13.6
5854,244,30,Computer Science,Unit Test 2,25,12.7
5855,244,30,Computer Science,Half Yearly,100,50.2
5856,244,30,Computer Science,Annual Exam,100,48.9
5857,245,25,Mathematics,Unit Test 1,25,18.4
5858,245,25,Mathematics,Unit Test 2,25,18.4
5859,245,25,Mathematics,Half Yearly,100,77.6
5860,245,25,Mathematics,Annual Exam,100,81.4
5861,245,26,Science,Unit Test 1,25,17.0
5862,245,26,Science,Unit Test 2,25,14.8
5863,245,26,Science,Half Yearly,100,68.4
5864,245,26,Science,Annual Exam,100,81.4
5865,245,27,English,Unit Test 1,25,21.8
5866,245,27,English,Unit Test 2,25,21.0
5867,245,27,English,Half Yearly,100,71.5
5868,245,27,English,Annual Exam,100,85.2
5869,245,28,Social Studies,Unit Test 1,25,19.0
5870,245,28,Social Studies,Unit Test 2,25,17.5
5871,245,28,Social Studies,Half Yearly,100,62.8
5872,245,28,Social Studies,Annual Exam,100,81.6
5873,245,29,Telugu,Unit Test 1,25,19.1
5874,245,29,Telugu,Unit Test 2,25,19.6
5875,245,29,Telugu,Half Yearly,100,71.6
5876,245,29,Telugu,Annual Exam,100,89.6
5877,245,30,Computer Science,Unit Test 1,25,15.8
5878,245,30,Computer Science,Unit Test 2,25,21.1
5879,245,30,Computer Science,Half Yearly,100,68.2
5880,245,30,Computer Science,Annual Exam,100,81.8
5881,246,25,Mathematics,Unit Test 1,25,8.5
5882,246,25,Mathematics,Unit Test 2,25,13.2
5883,246,25,Mathematics,Half Yearly,100,39.7
5884,246,25,Mathematics,Annual Exam,100,39.9
5885,246,26,Science,Unit Test 1,25,11.3
5886,246,26,Science,Unit Test 2,25,9.2
5887,246,26,Science,Half Yearly,100,19.0
5888,246,26,Science,Annual Exam,100,38.5
5889,246,27,English,Unit Test 1,25,10.9
5890,246,27,English,Unit Test 2,25,15.7
5891,246,27,English,Half Yearly,100,45.6
5892,246,27,English,Annual Exam,100,47.2
5893,246,28,Social Studies,Unit Test 1,25,12.3
5894,246,28,Social Studies,Unit Test 2,25,10.3
5895,246,28,Social Studies,Half Yearly,100,26.5
5896,246,28,Social Studies,Annual Exam,100,43.3
5897,246,29,Telugu,Unit Test 1,25,11.0
5898,246,29,Telugu,Unit Test 2,25,14.1
5899,246,29,Telugu,Half Yearly,100,49.3
5900,246,29,Telugu,Annual Exam,100,45.1
5901,246,30,Computer Science,Unit Test 1,25,9.7
5902,246,30,Computer Science,Unit Test 2,25,10.4
5903,246,30,Computer Science,Half Yearly,100,37.5
5904,246,30,Computer Science,Annual Exam,100,38.3
5905,247,25,Mathematics,Unit Test 1,25,18.3
5906,247,25,Mathematics,Unit Test 2,25,14.2
5907,247,25,Mathematics,Half Yearly,100,58.9
5908,247,25,Mathematics,Annual Exam,100,52.8
5909,247,26,Science,Unit Test 1,25,14.9
5910,247,26,Science,Unit Test 2,25,15.8
5911,247,26,Science,Half Yearly,100,61.8
5912,247,26,Science,Annual Exam,100,59.1
5913,247,27,English,Unit Test 1,25,17.9
5914,247,27,English,Unit Test 2,25,12.9
5915,247,27,English,Half Yearly,100,54.4
5916,247,27,English,Annual Exam,100,56.2
5917,247,28,Social Studies,Unit Test 1,25,16.5
5918,247,28,Social Studies,Unit Test 2,25,15.0
5919,247,28,Social Studies,Half Yearly,100,46.8
5920,247,28,Social Studies,Annual Exam,100,53.6
5921,247,29,Telugu,Unit Test 1,25,15.6
5922,247,29,Telugu,Unit Test 2,25,18.0
5923,247,29,Telugu,Half Yearly,100,53.3
5924,247,29,Telugu,Annual Exam,100,67.1
5925,247,30,Computer Science,Unit Test 1,25,18.4
5926,247,30,Computer Science,Unit Test 2,25,14.3
5927,247,30,Computer Science,Half Yearly,100,86.1
5928,247,30,Computer Science,Annual Exam,100,66.5
5929,248,25,Mathematics,Unit Test 1,25,14.4
5930,248,25,Mathematics,Unit Test 2,25,13.8
5931,248,25,Mathematics,Half Yearly,100,61.1
5932,248,25,Mathematics,Annual Exam,100,50.9
5933,248,26,Science,Unit Test 1,25,16.6
5934,248,26,Science,Unit Test 2,25,14.0
5935,248,26,Science,Half Yearly,100,55.6
5936,248,26,Science,Annual Exam,100,67.4
5937,248,27,English,Unit Test 1,25,14.1
5938,248,27,English,Unit Test 2,25,15.1
5939,248,27,English,Half Yearly,100,49.1
5940,248,27,English,Annual Exam,100,59.3
5941,248,28,Social Studies,Unit Test 1,25,11.9
5942,248,28,Social Studies,Unit Test 2,25,13.9
5943,248,28,Social Studies,Half Yearly,100,46.6
5944,248,28,Social Studies,Annual Exam,100,47.4
5945,248,29,Telugu,Unit Test 1,25,14.1
5946,248,29,Telugu,Unit Test 2,25,11.7
5947,248,29,Telugu,Half Yearly,100,55.4
5948,248,29,Telugu,Annual Exam,100,56.1
5949,248,30,Computer Science,Unit Test 1,25,11.8
5950,248,30,Computer Science,Unit Test 2,25,9.5
5951,248,30,Computer Science,Half Yearly,100,60.8
5952,248,30,Computer Science,Annual Exam,100,53.7
5953,249,25,Mathematics,Unit Test 1,25,4.6
5954,249,25,Mathematics,Unit Test 2,25,9.3
5955,249,25,Mathematics,Half Yearly,100,41.2
5956,249,25,Mathematics,Annual Exam,100,40.7
5957,249,26,Science,Unit Test 1,25,11.8
5958,249,26,Science,Unit Test 2,25,9.8
5959,249,26,Science,Half Yearly,100,43.9
5960,249,26,Science,Annual Exam,100,65.6
5961,249,27,English,Unit Test 1,25,10.3
5962,249,27,English,Unit Test 2,25,11.1
5963,249,27,English,Half Yearly,100,44.0
5964,249,27,English,Annual Exam,100,42.0
5965,249,28,Social Studies,Unit Test 1,25,10.3
5966,249,28,Social Studies,Unit Test 2,25,6.0
5967,249,28,Social Studies,Half Yearly,100,37.2
5968,249,28,Social Studies,Annual Exam,100,31.3
5969,249,29,Telugu,Unit Test 1,25,7.4
5970,249,29,Telugu,Unit Test 2,25,10.7
5971,249,29,Telugu,Half Yearly,100,26.0
5972,249,29,Telugu,Annual Exam,100,34.4
5973,249,30,Computer Science,Unit Test 1,25,8.9
5974,249,30,Computer Science,Unit Test 2,25,9.9
5975,249,30,Computer Science,Half Yearly,100,39.5
5976,249,30,Computer Science,Annual Exam,100,37.1
5977,250,25,Mathematics,Unit Test 1,25,13.5
5978,250,25,Mathematics,Unit Test 2,25,17.3
5979,250,25,Mathematics,Half Yearly,100,47.8
5980,250,25,Mathematics,Annual Exam,100,40.6
5981,250,26,Science,Unit Test 1,25,16.3
5982,250,26,Science,Unit Test 2,25,14.6
5983,250,26,Science,Half Yearly,100,49.9
5984,250,26,Science,Annual Exam,100,57.1
5985,250,27,English,Unit Test 1,25,14.1
5986,250,27,English,Unit Test 2,25,13.0
5987,250,27,English,Half Yearly,100,47.5
5988,250,27,English,Annual Exam,100,60.8
5989,250,28,Social Studies,Unit Test 1,25,15.5
5990,250,28,Social Studies,Unit Test 2,25,11.6
5991,250,28,Social Studies,Half Yearly,100,43.1
5992,250,28,Social Studies,Annual Exam,100,52.8
5993,250,29,Telugu,Unit Test 1,25,14.6
5994,250,29,Telugu,Unit Test 2,25,15.0
5995,250,29,Telugu,Half Yearly,100,61.6
5996,250,29,Telugu,Annual Exam,100,67.8
5997,250,30,Computer Science,Unit Test 1,25,17.0
5998,250,30,Computer Science,Unit Test 2,25,12.1
5999,250,30,Computer Science,Half Yearly,100,56.3
6000,250,30,Computer Science,Annual Exam,100,53.8
6001,251,25,Mathematics,Unit Test 1,25,22.6
6002,251,25,Mathematics,Unit Test 2,25,19.9
6003,251,25,Mathematics,Half Yearly,100,98.5
6004,251,25,Mathematics,Annual Exam,100,85.0
6005,251,26,Science,Unit Test 1,25,24.5
6006,251,26,Science,Unit Test 2,25,21.1
6007,251,26,Science,Half Yearly,100,84.8
6008,251,26,Science,Annual Exam,100,82.7
6009,251,27,English,Unit Test 1,25,20.2
6010,251,27,English,Unit Test 2,25,18.0
6011,251,27,English,Half Yearly,100,76.1
6012,251,27,English,Annual Exam,100,65.9
6013,251,28,Social Studies,Unit Test 1,25,20.7
6014,251,28,Social Studies,Unit Test 2,25,20.2
6015,251,28,Social Studies,Half Yearly,100,86.3
6016,251,28,Social Studies,Annual Exam,100,87.4
6017,251,29,Telugu,Unit Test 1,25,19.0
6018,251,29,Telugu,Unit Test 2,25,20.7
6019,251,29,Telugu,Half Yearly,100,90.9
6020,251,29,Telugu,Annual Exam,100,69.3
6021,251,30,Computer Science,Unit Test 1,25,21.0
6022,251,30,Computer Science,Unit Test 2,25,24.3
6023,251,30,Computer Science,Half Yearly,100,71.7
6024,251,30,Computer Science,Annual Exam,100,90.9
6025,252,25,Mathematics,Unit Test 1,25,21.9
6026,252,25,Mathematics,Unit Test 2,25,17.2
6027,252,25,Mathematics,Half Yearly,100,69.9
6028,252,25,Mathematics,Annual Exam,100,68.2
6029,252,26,Science,Unit Test 1,25,18.9
6030,252,26,Science,Unit Test 2,25,25.0
6031,252,26,Science,Half Yearly,100,81.7
6032,252,26,Science,Annual Exam,100,93.7
6033,252,27,English,Unit Test 1,25,24.5
6034,252,27,English,Unit Test 2,25,20.7
6035,252,27,English,Half Yearly,100,88.2
6036,252,27,English,Annual Exam,100,79.7
6037,252,28,Social Studies,Unit Test 1,25,20.4
6038,252,28,Social Studies,Unit Test 2,25,19.5
6039,252,28,Social Studies,Half Yearly,100,82.0
6040,252,28,Social Studies,Annual Exam,100,100.0
6041,252,29,Telugu,Unit Test 1,25,24.0
6042,252,29,Telugu,Unit Test 2,25,17.5
6043,252,29,Telugu,Half Yearly,100,85.9
6044,252,29,Telugu,Annual Exam,100,76.3
6045,252,30,Computer Science,Unit Test 1,25,18.5
6046,252,30,Computer Science,Unit Test 2,25,20.1
6047,252,30,Computer Science,Half Yearly,100,82.7
6048,252,30,Computer Science,Annual Exam,100,83.7
6049,253,25,Mathematics,Unit Test 1,25,22.8
6050,253,25,Mathematics,Unit Test 2,25,22.9
6051,253,25,Mathematics,Half Yearly,100,65.3
6052,253,25,Mathematics,Annual Exam,100,89.8
6053,253,26,Science,Unit Test 1,25,25.0
6054,253,26,Science,Unit Test 2,25,25.0
6055,253,26,Science,Half Yearly,100,100.0
6056,253,26,Science,Annual Exam,100,100.0
6057,253,27,English,Unit Test 1,25,23.4
6058,253,27,English,Unit Test 2,25,25.0
6059,253,27,English,Half Yearly,100,100.0
6060,253,27,English,Annual Exam,100,100.0
6061,253,28,Social Studies,Unit Test 1,25,20.6
6062,253,28,Social Studies,Unit Test 2,25,21.1
6063,253,28,Social Studies,Half Yearly,100,91.8
6064,253,28,Social Studies,Annual Exam,100,84.0
6065,253,29,Telugu,Unit Test 1,25,24.9
6066,253,29,Telugu,Unit Test 2,25,25.0
6067,253,29,Telugu,Half Yearly,100,98.1
6068,253,29,Telugu,Annual Exam,100,93.5
6069,253,30,Computer Science,Unit Test 1,25,25.0
6070,253,30,Computer Science,Unit Test 2,25,25.0
6071,253,30,Computer Science,Half Yearly,100,100.0
6072,253,30,Computer Science,Annual Exam,100,100.0
6073,254,25,Mathematics,Unit Test 1,25,11.4
6074,254,25,Mathematics,Unit Test 2,25,16.0
6075,254,25,Mathematics,Half Yearly,100,60.7
6076,254,25,Mathematics,Annual Exam,100,56.7
6077,254,26,Science,Unit Test 1,25,15.6
6078,254,26,Science,Unit Test 2,25,12.1
6079,254,26,Science,Half Yearly,100,72.2
6080,254,26,Science,Annual Exam,100,63.6
6081,254,27,English,Unit Test 1,25,8.9
6082,254,27,English,Unit Test 2,25,15.8
6083,254,27,English,Half Yearly,100,47.6
6084,254,27,English,Annual Exam,100,65.1
6085,254,28,Social Studies,Unit Test 1,25,17.4
6086,254,28,Social Studies,Unit Test 2,25,15.2
6087,254,28,Social Studies,Half Yearly,100,68.7
6088,254,28,Social Studies,Annual Exam,100,68.3
6089,254,29,Telugu,Unit Test 1,25,17.9
6090,254,29,Telugu,Unit Test 2,25,17.2
6091,254,29,Telugu,Half Yearly,100,82.1
6092,254,29,Telugu,Annual Exam,100,53.5
6093,254,30,Computer Science,Unit Test 1,25,17.5
6094,254,30,Computer Science,Unit Test 2,25,17.3
6095,254,30,Computer Science,Half Yearly,100,68.6
6096,254,30,Computer Science,Annual Exam,100,59.1
6097,255,25,Mathematics,Unit Test 1,25,18.1
6098,255,25,Mathematics,Unit Test 2,25,14.2
6099,255,25,Mathematics,Half Yearly,100,77.0
6100,255,25,Mathematics,Annual Exam,100,53.1
6101,255,26,Science,Unit Test 1,25,19.6
6102,255,26,Science,Unit Test 2,25,20.4
6103,255,26,Science,Half Yearly,100,79.1
6104,255,26,Science,Annual Exam,100,91.3
6105,255,27,English,Unit Test 1,25,22.8
6106,255,27,English,Unit Test 2,25,18.4
6107,255,27,English,Half Yearly,100,73.7
6108,255,27,English,Annual Exam,100,68.4
6109,255,28,Social Studies,Unit Test 1,25,20.7
6110,255,28,Social Studies,Unit Test 2,25,16.0
6111,255,28,Social Studies,Half Yearly,100,67.7
6112,255,28,Social Studies,Annual Exam,100,55.2
6113,255,29,Telugu,Unit Test 1,25,15.2
6114,255,29,Telugu,Unit Test 2,25,16.2
6115,255,29,Telugu,Half Yearly,100,64.3
6116,255,29,Telugu,Annual Exam,100,65.8
6117,255,30,Computer Science,Unit Test 1,25,15.9
6118,255,30,Computer Science,Unit Test 2,25,15.1
6119,255,30,Computer Science,Half Yearly,100,68.3
6120,255,30,Computer Science,Annual Exam,100,59.0
6121,256,25,Mathematics,Unit Test 1,25,16.8
6122,256,25,Mathematics,Unit Test 2,25,17.4
6123,256,25,Mathematics,Half Yearly,100,76.8
6124,256,25,Mathematics,Annual Exam,100,79.8
6125,256,26,Science,Unit Test 1,25,20.4
6126,256,26,Science,Unit Test 2,25,21.5
6127,256,26,Science,Half Yearly,100,64.5
6128,256,26,Science,Annual Exam,100,63.4
6129,256,27,English,Unit Test 1,25,23.4
6130,256,27,English,Unit Test 2,25,21.3
6131,256,27,English,Half Yearly,100,80.0
6132,256,27,English,Annual Exam,100,99.2
6133,256,28,Social Studies,Unit Test 1,25,14.4
6134,256,28,Social Studies,Unit Test 2,25,15.8
6135,256,28,Social Studies,Half Yearly,100,57.3
6136,256,28,Social Studies,Annual Exam,100,80.5
6137,256,29,Telugu,Unit Test 1,25,13.5
6138,256,29,Telugu,Unit Test 2,25,16.3
6139,256,29,Telugu,Half Yearly,100,63.3
6140,256,29,Telugu,Annual Exam,100,66.8
6141,256,30,Computer Science,Unit Test 1,25,13.8
6142,256,30,Computer Science,Unit Test 2,25,19.7
6143,256,30,Computer Science,Half Yearly,100,59.2
6144,256,30,Computer Science,Annual Exam,100,58.0
6145,257,25,Mathematics,Unit Test 1,25,12.4
6146,257,25,Mathematics,Unit Test 2,25,17.0
6147,257,25,Mathematics,Half Yearly,100,56.6
6148,257,25,Mathematics,Annual Exam,100,51.2
6149,257,26,Science,Unit Test 1,25,17.3
6150,257,26,Science,Unit Test 2,25,13.3
6151,257,26,Science,Half Yearly,100,62.3
6152,257,26,Science,Annual Exam,100,56.7
6153,257,27,English,Unit Test 1,25,17.2
6154,257,27,English,Unit Test 2,25,14.3
6155,257,27,English,Half Yearly,100,56.7
6156,257,27,English,Annual Exam,100,66.1
6157,257,28,Social Studies,Unit Test 1,25,10.2
6158,257,28,Social Studies,Unit Test 2,25,15.1
6159,257,28,Social Studies,Half Yearly,100,73.8
6160,257,28,Social Studies,Annual Exam,100,61.5
6161,257,29,Telugu,Unit Test 1,25,14.3
6162,257,29,Telugu,Unit Test 2,25,16.3
6163,257,29,Telugu,Half Yearly,100,82.5
6164,257,29,Telugu,Annual Exam,100,68.3
6165,257,30,Computer Science,Unit Test 1,25,11.9
6166,257,30,Computer Science,Unit Test 2,25,13.9
6167,257,30,Computer Science,Half Yearly,100,65.2
6168,257,30,Computer Science,Annual Exam,100,42.8
6169,258,25,Mathematics,Unit Test 1,25,10.2
6170,258,25,Mathematics,Unit Test 2,25,11.3
6171,258,25,Mathematics,Half Yearly,100,41.9
6172,258,25,Mathematics,Annual Exam,100,55.6
6173,258,26,Science,Unit Test 1,25,16.2
6174,258,26,Science,Unit Test 2,25,18.7
6175,258,26,Science,Half Yearly,100,54.5
6176,258,26,Science,Annual Exam,100,50.0
6177,258,27,English,Unit Test 1,25,14.6
6178,258,27,English,Unit Test 2,25,10.1
6179,258,27,English,Half Yearly,100,57.4
6180,258,27,English,Annual Exam,100,50.8
6181,258,28,Social Studies,Unit Test 1,25,15.5
6182,258,28,Social Studies,Unit Test 2,25,12.8
6183,258,28,Social Studies,Half Yearly,100,62.0
6184,258,28,Social Studies,Annual Exam,100,60.6
6185,258,29,Telugu,Unit Test 1,25,10.4
6186,258,29,Telugu,Unit Test 2,25,13.9
6187,258,29,Telugu,Half Yearly,100,51.2
6188,258,29,Telugu,Annual Exam,100,51.9
6189,258,30,Computer Science,Unit Test 1,25,14.2
6190,258,30,Computer Science,Unit Test 2,25,10.3
6191,258,30,Computer Science,Half Yearly,100,42.5
6192,258,30,Computer Science,Annual Exam,100,58.7
6193,259,25,Mathematics,Unit Test 1,25,25.0
6194,259,25,Mathematics,Unit Test 2,25,24.3
6195,259,25,Mathematics,Half Yearly,100,100.0
6196,259,25,Mathematics,Annual Exam,100,100.0
6197,259,26,Science,Unit Test 1,25,24.9
6198,259,26,Science,Unit Test 2,25,25.0
6199,259,26,Science,Half Yearly,100,90.0
6200,259,26,Science,Annual Exam,100,100.0
6201,259,27,English,Unit Test 1,25,24.4
6202,259,27,English,Unit Test 2,25,25.0
6203,259,27,English,Half Yearly,100,88.6
6204,259,27,English,Annual Exam,100,93.2
6205,259,28,Social Studies,Unit Test 1,25,25.0
6206,259,28,Social Studies,Unit Test 2,25,25.0
6207,259,28,Social Studies,Half Yearly,100,100.0
6208,259,28,Social Studies,Annual Exam,100,100.0
6209,259,29,Telugu,Unit Test 1,25,20.2
6210,259,29,Telugu,Unit Test 2,25,21.6
6211,259,29,Telugu,Half Yearly,100,86.0
6212,259,29,Telugu,Annual Exam,100,90.7
6213,259,30,Computer Science,Unit Test 1,25,25.0
6214,259,30,Computer Science,Unit Test 2,25,23.7
6215,259,30,Computer Science,Half Yearly,100,100.0
6216,259,30,Computer Science,Annual Exam,100,100.0
6217,260,25,Mathematics,Unit Test 1,25,12.9
6218,260,25,Mathematics,Unit Test 2,25,11.7
6219,260,25,Mathematics,Half Yearly,100,42.9
6220,260,25,Mathematics,Annual Exam,100,56.8
6221,260,26,Science,Unit Test 1,25,14.8
6222,260,26,Science,Unit Test 2,25,12.0
6223,260,26,Science,Half Yearly,100,53.1
6224,260,26,Science,Annual Exam,100,51.8
6225,260,27,English,Unit Test 1,25,14.1
6226,260,27,English,Unit Test 2,25,9.6
6227,260,27,English,Half Yearly,100,46.9
6228,260,27,English,Annual Exam,100,60.8
6229,260,28,Social Studies,Unit Test 1,25,11.3
6230,260,28,Social Studies,Unit Test 2,25,13.5
6231,260,28,Social Studies,Half Yearly,100,41.8
6232,260,28,Social Studies,Annual Exam,100,34.0
6233,260,29,Telugu,Unit Test 1,25,10.9
6234,260,29,Telugu,Unit Test 2,25,12.8
6235,260,29,Telugu,Half Yearly,100,44.7
6236,260,29,Telugu,Annual Exam,100,38.5
6237,260,30,Computer Science,Unit Test 1,25,10.3
6238,260,30,Computer Science,Unit Test 2,25,13.9
6239,260,30,Computer Science,Half Yearly,100,53.1
6240,260,30,Computer Science,Annual Exam,100,46.5
6241,261,25,Mathematics,Unit Test 1,25,21.2
6242,261,25,Mathematics,Unit Test 2,25,21.5
6243,261,25,Mathematics,Half Yearly,100,81.2
6244,261,25,Mathematics,Annual Exam,100,72.8
6245,261,26,Science,Unit Test 1,25,18.7
6246,261,26,Science,Unit Test 2,25,20.8
6247,261,26,Science,Half Yearly,100,67.5
6248,261,26,Science,Annual Exam,100,80.7
6249,261,27,English,Unit Test 1,25,21.0
6250,261,27,English,Unit Test 2,25,15.7
6251,261,27,English,Half Yearly,100,72.4
6252,261,27,English,Annual Exam,100,68.9
6253,261,28,Social Studies,Unit Test 1,25,23.4
6254,261,28,Social Studies,Unit Test 2,25,20.1
6255,261,28,Social Studies,Half Yearly,100,84.4
6256,261,28,Social Studies,Annual Exam,100,90.0
6257,261,29,Telugu,Unit Test 1,25,16.7
6258,261,29,Telugu,Unit Test 2,25,19.2
6259,261,29,Telugu,Half Yearly,100,81.0
6260,261,29,Telugu,Annual Exam,100,66.4
6261,261,30,Computer Science,Unit Test 1,25,20.1
6262,261,30,Computer Science,Unit Test 2,25,18.1
6263,261,30,Computer Science,Half Yearly,100,82.0
6264,261,30,Computer Science,Annual Exam,100,85.4
6265,262,25,Mathematics,Unit Test 1,25,15.2
6266,262,25,Mathematics,Unit Test 2,25,13.5
6267,262,25,Mathematics,Half Yearly,100,53.5
6268,262,25,Mathematics,Annual Exam,100,59.4
6269,262,26,Science,Unit Test 1,25,16.9
6270,262,26,Science,Unit Test 2,25,15.3
6271,262,26,Science,Half Yearly,100,48.6
6272,262,26,Science,Annual Exam,100,61.0
6273,262,27,English,Unit Test 1,25,16.2
6274,262,27,English,Unit Test 2,25,14.3
6275,262,27,English,Half Yearly,100,77.8
6276,262,27,English,Annual Exam,100,68.2
6277,262,28,Social Studies,Unit Test 1,25,16.2
6278,262,28,Social Studies,Unit Test 2,25,13.7
6279,262,28,Social Studies,Half Yearly,100,65.3
6280,262,28,Social Studies,Annual Exam,100,67.1
6281,262,29,Telugu,Unit Test 1,25,13.4
6282,262,29,Telugu,Unit Test 2,25,18.6
6283,262,29,Telugu,Half Yearly,100,62.7
6284,262,29,Telugu,Annual Exam,100,74.8
6285,262,30,Computer Science,Unit Test 1,25,12.9
6286,262,30,Computer Science,Unit Test 2,25,17.0
6287,262,30,Computer Science,Half Yearly,100,51.9
6288,262,30,Computer Science,Annual Exam,100,55.5
6289,263,25,Mathematics,Unit Test 1,25,15.4
6290,263,25,Mathematics,Unit Test 2,25,14.7
6291,263,25,Mathematics,Half Yearly,100,42.6
6292,263,25,Mathematics,Annual Exam,100,51.6
6293,263,26,Science,Unit Test 1,25,20.5
6294,263,26,Science,Unit Test 2,25,19.7
6295,263,26,Science,Half Yearly,100,77.4
6296,263,26,Science,Annual Exam,100,65.4
6297,263,27,English,Unit Test 1,25,17.2
6298,263,27,English,Unit Test 2,25,18.5
6299,263,27,English,Half Yearly,100,62.0
6300,263,27,English,Annual Exam,100,65.4
6301,263,28,Social Studies,Unit Test 1,25,17.2
6302,263,28,Social Studies,Unit Test 2,25,20.1
6303,263,28,Social Studies,Half Yearly,100,65.7
6304,263,28,Social Studies,Annual Exam,100,72.9
6305,263,29,Telugu,Unit Test 1,25,15.8
6306,263,29,Telugu,Unit Test 2,25,16.9
6307,263,29,Telugu,Half Yearly,100,68.8
6308,263,29,Telugu,Annual Exam,100,77.7
6309,263,30,Computer Science,Unit Test 1,25,14.6
6310,263,30,Computer Science,Unit Test 2,25,17.8
6311,263,30,Computer Science,Half Yearly,100,64.2
6312,263,30,Computer Science,Annual Exam,100,59.0
6313,264,25,Mathematics,Unit Test 1,25,17.9
6314,264,25,Mathematics,Unit Test 2,25,16.5
6315,264,25,Mathematics,Half Yearly,100,75.7
6316,264,25,Mathematics,Annual Exam,100,88.7
6317,264,26,Science,Unit Test 1,25,17.1
6318,264,26,Science,Unit Test 2,25,14.1
6319,264,26,Science,Half Yearly,100,62.1
6320,264,26,Science,Annual Exam,100,65.3
6321,264,27,English,Unit Test 1,25,22.0
6322,264,27,English,Unit Test 2,25,18.2
6323,264,27,English,Half Yearly,100,66.9
6324,264,27,English,Annual Exam,100,75.1
6325,264,28,Social Studies,Unit Test 1,25,20.5
6326,264,28,Social Studies,Unit Test 2,25,17.9
6327,264,28,Social Studies,Half Yearly,100,68.1
6328,264,28,Social Studies,Annual Exam,100,82.5
6329,264,29,Telugu,Unit Test 1,25,14.7
6330,264,29,Telugu,Unit Test 2,25,17.9
6331,264,29,Telugu,Half Yearly,100,54.5
6332,264,29,Telugu,Annual Exam,100,70.7
6333,264,30,Computer Science,Unit Test 1,25,17.7
6334,264,30,Computer Science,Unit Test 2,25,15.6
6335,264,30,Computer Science,Half Yearly,100,63.6
6336,264,30,Computer Science,Annual Exam,100,52.4
6337,265,25,Mathematics,Unit Test 1,25,15.1
6338,265,25,Mathematics,Unit Test 2,25,10.9
6339,265,25,Mathematics,Half Yearly,100,56.5
6340,265,25,Mathematics,Annual Exam,100,54.7
6341,265,26,Science,Unit Test 1,25,13.7
6342,265,26,Science,Unit Test 2,25,17.2
6343,265,26,Science,Half Yearly,100,53.3
6344,265,26,Science,Annual Exam,100,65.9
6345,265,27,English,Unit Test 1,25,15.4
6346,265,27,English,Unit Test 2,25,16.7
6347,265,27,English,Half Yearly,100,64.3
6348,265,27,English,Annual Exam,100,62.2
6349,265,28,Social Studies,Unit Test 1,25,17.1
6350,265,28,Social Studies,Unit Test 2,25,12.4
6351,265,28,Social Studies,Half Yearly,100,63.5
6352,265,28,Social Studies,Annual Exam,100,52.2
6353,265,29,Telugu,Unit Test 1,25,13.6
6354,265,29,Telugu,Unit Test 2,25,11.8
6355,265,29,Telugu,Half Yearly,100,60.8
6356,265,29,Telugu,Annual Exam,100,54.7
6357,265,30,Computer Science,Unit Test 1,25,16.2
6358,265,30,Computer Science,Unit Test 2,25,12.4
6359,265,30,Computer Science,Half Yearly,100,60.3
6360,265,30,Computer Science,Annual Exam,100,54.0
6361,266,25,Mathematics,Unit Test 1,25,20.0
6362,266,25,Mathematics,Unit Test 2,25,18.9
6363,266,25,Mathematics,Half Yearly,100,90.2
6364,266,25,Mathematics,Annual Exam,100,79.6
6365,266,26,Science,Unit Test 1,25,18.6
6366,266,26,Science,Unit Test 2,25,18.0
6367,266,26,Science,Half Yearly,100,75.3
6368,266,26,Science,Annual Exam,100,77.7
6369,266,27,English,Unit Test 1,25,16.4
6370,266,27,English,Unit Test 2,25,16.0
6371,266,27,English,Half Yearly,100,72.3
6372,266,27,English,Annual Exam,100,81.5
6373,266,28,Social Studies,Unit Test 1,25,15.3
6374,266,28,Social Studies,Unit Test 2,25,18.4
6375,266,28,Social Studies,Half Yearly,100,79.2
6376,266,28,Social Studies,Annual Exam,100,61.6
6377,266,29,Telugu,Unit Test 1,25,20.5
6378,266,29,Telugu,Unit Test 2,25,16.0
6379,266,29,Telugu,Half Yearly,100,83.3
6380,266,29,Telugu,Annual Exam,100,63.2
6381,266,30,Computer Science,Unit Test 1,25,14.6
6382,266,30,Computer Science,Unit Test 2,25,14.1
6383,266,30,Computer Science,Half Yearly,100,63.5
6384,266,30,Computer Science,Annual Exam,100,65.2
6385,267,25,Mathematics,Unit Test 1,25,5.2
6386,267,25,Mathematics,Unit Test 2,25,5.4
6387,267,25,Mathematics,Half Yearly,100,15.0
6388,267,25,Mathematics,Annual Exam,100,16.3
6389,267,26,Science,Unit Test 1,25,3.8
6390,267,26,Science,Unit Test 2,25,6.3
6391,267,26,Science,Half Yearly,100,31.0
6392,267,26,Science,Annual Exam,100,16.4
6393,267,27,English,Unit Test 1,25,4.1
6394,267,27,English,Unit Test 2,25,8.0
6395,267,27,English,Half Yearly,100,18.7
6396,267,27,English,Annual Exam,100,18.8
6397,267,28,Social Studies,Unit Test 1,25,7.6
6398,267,28,Social Studies,Unit Test 2,25,6.4
6399,267,28,Social Studies,Half Yearly,100,15.0
6400,267,28,Social Studies,Annual Exam,100,15.0
6401,267,29,Telugu,Unit Test 1,25,8.4
6402,267,29,Telugu,Unit Test 2,25,5.1
6403,267,29,Telugu,Half Yearly,100,22.7
6404,267,29,Telugu,Annual Exam,100,27.9
6405,267,30,Computer Science,Unit Test 1,25,5.0
6406,267,30,Computer Science,Unit Test 2,25,10.2
6407,267,30,Computer Science,Half Yearly,100,23.4
6408,267,30,Computer Science,Annual Exam,100,15.5
6409,268,25,Mathematics,Unit Test 1,25,15.0
6410,268,25,Mathematics,Unit Test 2,25,17.9
6411,268,25,Mathematics,Half Yearly,100,65.5
6412,268,25,Mathematics,Annual Exam,100,58.7
6413,268,26,Science,Unit Test 1,25,19.2
6414,268,26,Science,Unit Test 2,25,15.9
6415,268,26,Science,Half Yearly,100,59.2
6416,268,26,Science,Annual Exam,100,70.8
6417,268,27,English,Unit Test 1,25,20.6
6418,268,27,English,Unit Test 2,25,16.7
6419,268,27,English,Half Yearly,100,72.3
6420,268,27,English,Annual Exam,100,70.3
6421,268,28,Social Studies,Unit Test 1,25,10.8
6422,268,28,Social Studies,Unit Test 2,25,14.8
6423,268,28,Social Studies,Half Yearly,100,56.7
6424,268,28,Social Studies,Annual Exam,100,65.7
6425,268,29,Telugu,Unit Test 1,25,17.3
6426,268,29,Telugu,Unit Test 2,25,15.7
6427,268,29,Telugu,Half Yearly,100,60.1
6428,268,29,Telugu,Annual Exam,100,49.6
6429,268,30,Computer Science,Unit Test 1,25,17.9
6430,268,30,Computer Science,Unit Test 2,25,18.4
6431,268,30,Computer Science,Half Yearly,100,63.4
6432,268,30,Computer Science,Annual Exam,100,69.8
6433,269,25,Mathematics,Unit Test 1,25,7.6
6434,269,25,Mathematics,Unit Test 2,25,9.5
6435,269,25,Mathematics,Half Yearly,100,44.8
6436,269,25,Mathematics,Annual Exam,100,38.8
6437,269,26,Science,Unit Test 1,25,13.1
6438,269,26,Science,Unit Test 2,25,7.9
6439,269,26,Science,Half Yearly,100,44.8
6440,269,26,Science,Annual Exam,100,39.5
6441,269,27,English,Unit Test 1,25,4.4
6442,269,27,English,Unit Test 2,25,4.3
6443,269,27,English,Half Yearly,100,22.3
6444,269,27,English,Annual Exam,100,27.0
6445,269,28,Social Studies,Unit Test 1,25,9.1
6446,269,28,Social Studies,Unit Test 2,25,10.1
6447,269,28,Social Studies,Half Yearly,100,17.2
6448,269,28,Social Studies,Annual Exam,100,52.0
6449,269,29,Telugu,Unit Test 1,25,9.4
6450,269,29,Telugu,Unit Test 2,25,11.0
6451,269,29,Telugu,Half Yearly,100,43.5
6452,269,29,Telugu,Annual Exam,100,33.5
6453,269,30,Computer Science,Unit Test 1,25,7.3
6454,269,30,Computer Science,Unit Test 2,25,5.4
6455,269,30,Computer Science,Half Yearly,100,30.1
6456,269,30,Computer Science,Annual Exam,100,15.0
6457,270,25,Mathematics,Unit Test 1,25,12.9
6458,270,25,Mathematics,Unit Test 2,25,9.7
6459,270,25,Mathematics,Half Yearly,100,52.7
6460,270,25,Mathematics,Annual Exam,100,48.4
6461,270,26,Science,Unit Test 1,25,16.2
6462,270,26,Science,Unit Test 2,25,13.3
6463,270,26,Science,Half Yearly,100,74.0
6464,270,26,Science,Annual Exam,100,61.7
6465,270,27,English,Unit Test 1,25,15.8
6466,270,27,English,Unit Test 2,25,15.5
6467,270,27,English,Half Yearly,100,72.5
6468,270,27,English,Annual Exam,100,72.1
6469,270,28,Social Studies,Unit Test 1,25,12.1
6470,270,28,Social Studies,Unit Test 2,25,14.3
6471,270,28,Social Studies,Half Yearly,100,44.3
6472,270,28,Social Studies,Annual Exam,100,64.6
6473,270,29,Telugu,Unit Test 1,25,16.3
6474,270,29,Telugu,Unit Test 2,25,18.1
6475,270,29,Telugu,Half Yearly,100,56.4
6476,270,29,Telugu,Annual Exam,100,69.1
6477,270,30,Computer Science,Unit Test 1,25,12.2
6478,270,30,Computer Science,Unit Test 2,25,13.1
6479,270,30,Computer Science,Half Yearly,100,54.9
6480,270,30,Computer Science,Annual Exam,100,41.5
6481,271,25,Mathematics,Unit Test 1,25,21.9
6482,271,25,Mathematics,Unit Test 2,25,17.7
6483,271,25,Mathematics,Half Yearly,100,80.3
6484,271,25,Mathematics,Annual Exam,100,80.0
6485,271,26,Science,Unit Test 1,25,17.8
6486,271,26,Science,Unit Test 2,25,20.9
6487,271,26,Science,Half Yearly,100,85.8
6488,271,26,Science,Annual Exam,100,74.2
6489,271,27,English,Unit Test 1,25,15.7
6490,271,27,English,Unit Test 2,25,16.7
6491,271,27,English,Half Yearly,100,57.7
6492,271,27,English,Annual Exam,100,70.0
6493,271,28,Social Studies,Unit Test 1,25,19.3
6494,271,28,Social Studies,Unit Test 2,25,22.3
6495,271,28,Social Studies,Half Yearly,100,69.2
6496,271,28,Social Studies,Annual Exam,100,75.0
6497,271,29,Telugu,Unit Test 1,25,21.9
6498,271,29,Telugu,Unit Test 2,25,20.6
6499,271,29,Telugu,Half Yearly,100,85.4
6500,271,29,Telugu,Annual Exam,100,93.8
6501,271,30,Computer Science,Unit Test 1,25,19.7
6502,271,30,Computer Science,Unit Test 2,25,20.7
6503,271,30,Computer Science,Half Yearly,100,89.4
6504,271,30,Computer Science,Annual Exam,100,76.9
6505,272,25,Mathematics,Unit Test 1,25,14.9
6506,272,25,Mathematics,Unit Test 2,25,17.4
6507,272,25,Mathematics,Half Yearly,100,61.9
6508,272,25,Mathematics,Annual Exam,100,71.9
6509,272,26,Science,Unit Test 1,25,17.6
6510,272,26,Science,Unit Test 2,25,18.5
6511,272,26,Science,Half Yearly,100,87.8
6512,272,26,Science,Annual Exam,100,71.3
6513,272,27,English,Unit Test 1,25,17.2
6514,272,27,English,Unit Test 2,25,17.3
6515,272,27,English,Half Yearly,100,63.9
6516,272,27,English,Annual Exam,100,76.2
6517,272,28,Social Studies,Unit Test 1,25,14.5
6518,272,28,Social Studies,Unit Test 2,25,13.1
6519,272,28,Social Studies,Half Yearly,100,64.6
6520,272,28,Social Studies,Annual Exam,100,56.9
6521,272,29,Telugu,Unit Test 1,25,17.3
6522,272,29,Telugu,Unit Test 2,25,13.5
6523,272,29,Telugu,Half Yearly,100,67.0
6524,272,29,Telugu,Annual Exam,100,74.8
6525,272,30,Computer Science,Unit Test 1,25,16.7
6526,272,30,Computer Science,Unit Test 2,25,14.7
6527,272,30,Computer Science,Half Yearly,100,71.9
6528,272,30,Computer Science,Annual Exam,100,66.5
6529,273,25,Mathematics,Unit Test 1,25,11.0
6530,273,25,Mathematics,Unit Test 2,25,13.1
6531,273,25,Mathematics,Half Yearly,100,61.8
6532,273,25,Mathematics,Annual Exam,100,63.0
6533,273,26,Science,Unit Test 1,25,15.6
6534,273,26,Science,Unit Test 2,25,13.1
6535,273,26,Science,Half Yearly,100,46.6
6536,273,26,Science,Annual Exam,100,53.0
6537,273,27,English,Unit Test 1,25,10.5
6538,273,27,English,Unit Test 2,25,7.9
6539,273,27,English,Half Yearly,100,38.1
6540,273,27,English,Annual Exam,100,40.9
6541,273,28,Social Studies,Unit Test 1,25,11.8
6542,273,28,Social Studies,Unit Test 2,25,8.4
6543,273,28,Social Studies,Half Yearly,100,40.3
6544,273,28,Social Studies,Annual Exam,100,34.0
6545,273,29,Telugu,Unit Test 1,25,12.2
6546,273,29,Telugu,Unit Test 2,25,10.1
6547,273,29,Telugu,Half Yearly,100,50.6
6548,273,29,Telugu,Annual Exam,100,47.7
6549,273,30,Computer Science,Unit Test 1,25,14.0
6550,273,30,Computer Science,Unit Test 2,25,10.6
6551,273,30,Computer Science,Half Yearly,100,63.8
6552,273,30,Computer Science,Annual Exam,100,52.1
6553,274,25,Mathematics,Unit Test 1,25,14.4
6554,274,25,Mathematics,Unit Test 2,25,16.6
6555,274,25,Mathematics,Half Yearly,100,51.0
6556,274,25,Mathematics,Annual Exam,100,58.2
6557,274,26,Science,Unit Test 1,25,14.9
6558,274,26,Science,Unit Test 2,25,11.7
6559,274,26,Science,Half Yearly,100,55.0
6560,274,26,Science,Annual Exam,100,53.9
6561,274,27,English,Unit Test 1,25,14.3
6562,274,27,English,Unit Test 2,25,14.2
6563,274,27,English,Half Yearly,100,45.5
6564,274,27,English,Annual Exam,100,67.1
6565,274,28,Social Studies,Unit Test 1,25,10.7
6566,274,28,Social Studies,Unit Test 2,25,15.6
6567,274,28,Social Studies,Half Yearly,100,54.8
6568,274,28,Social Studies,Annual Exam,100,66.3
6569,274,29,Telugu,Unit Test 1,25,13.7
6570,274,29,Telugu,Unit Test 2,25,17.0
6571,274,29,Telugu,Half Yearly,100,59.9
6572,274,29,Telugu,Annual Exam,100,43.9
6573,274,30,Computer Science,Unit Test 1,25,12.0
6574,274,30,Computer Science,Unit Test 2,25,11.1
6575,274,30,Computer Science,Half Yearly,100,73.6
6576,274,30,Computer Science,Annual Exam,100,61.1
6577,275,25,Mathematics,Unit Test 1,25,9.5
6578,275,25,Mathematics,Unit Test 2,25,9.4
6579,275,25,Mathematics,Half Yearly,100,38.1
6580,275,25,Mathematics,Annual Exam,100,50.7
6581,275,26,Science,Unit Test 1,25,15.4
6582,275,26,Science,Unit Test 2,25,10.9
6583,275,26,Science,Half Yearly,100,50.8
6584,275,26,Science,Annual Exam,100,54.5
6585,275,27,English,Unit Test 1,25,10.5
6586,275,27,English,Unit Test 2,25,10.8
6587,275,27,English,Half Yearly,100,62.3
6588,275,27,English,Annual Exam,100,55.5
6589,275,28,Social Studies,Unit Test 1,25,11.6
6590,275,28,Social Studies,Unit Test 2,25,16.5
6591,275,28,Social Studies,Half Yearly,100,65.2
6592,275,28,Social Studies,Annual Exam,100,61.1
6593,275,29,Telugu,Unit Test 1,25,14.2
6594,275,29,Telugu,Unit Test 2,25,7.5
6595,275,29,Telugu,Half Yearly,100,34.5
6596,275,29,Telugu,Annual Exam,100,51.4
6597,275,30,Computer Science,Unit Test 1,25,13.9
6598,275,30,Computer Science,Unit Test 2,25,14.5
6599,275,30,Computer Science,Half Yearly,100,45.7
6600,275,30,Computer Science,Annual Exam,100,61.2
6601,276,25,Mathematics,Unit Test 1,25,18.7
6602,276,25,Mathematics,Unit Test 2,25,18.5
6603,276,25,Mathematics,Half Yearly,100,60.2
6604,276,25,Mathematics,Annual Exam,100,87.6
6605,276,26,Science,Unit Test 1,25,17.1
6606,276,26,Science,Unit Test 2,25,18.6
6607,276,26,Science,Half Yearly,100,80.6
6608,276,26,Science,Annual Exam,100,78.2
6609,276,27,English,Unit Test 1,25,10.8
6610,276,27,English,Unit Test 2,25,12.9
6611,276,27,English,Half Yearly,100,49.5
6612,276,27,English,Annual Exam,100,52.6
6613,276,28,Social Studies,Unit Test 1,25,22.4
6614,276,28,Social Studies,Unit Test 2,25,21.1
6615,276,28,Social Studies,Half Yearly,100,98.3
6616,276,28,Social Studies,Annual Exam,100,87.7
6617,276,29,Telugu,Unit Test 1,25,19.0
6618,276,29,Telugu,Unit Test 2,25,18.6
6619,276,29,Telugu,Half Yearly,100,86.7
6620,276,29,Telugu,Annual Exam,100,78.1
6621,276,30,Computer Science,Unit Test 1,25,18.1
6622,276,30,Computer Science,Unit Test 2,25,16.9
6623,276,30,Computer Science,Half Yearly,100,76.5
6624,276,30,Computer Science,Annual Exam,100,70.8
6625,277,25,Mathematics,Unit Test 1,25,10.1
6626,277,25,Mathematics,Unit Test 2,25,11.7
6627,277,25,Mathematics,Half Yearly,100,35.8
6628,277,25,Mathematics,Annual Exam,100,56.2
6629,277,26,Science,Unit Test 1,25,12.5
6630,277,26,Science,Unit Test 2,25,13.1
6631,277,26,Science,Half Yearly,100,37.2
6632,277,26,Science,Annual Exam,100,34.9
6633,277,27,English,Unit Test 1,25,10.6
6634,277,27,English,Unit Test 2,25,14.1
6635,277,27,English,Half Yearly,100,65.5
6636,277,27,English,Annual Exam,100,57.5
6637,277,28,Social Studies,Unit Test 1,25,9.9
6638,277,28,Social Studies,Unit Test 2,25,10.8
6639,277,28,Social Studies,Half Yearly,100,34.7
6640,277,28,Social Studies,Annual Exam,100,38.1
6641,277,29,Telugu,Unit Test 1,25,10.9
6642,277,29,Telugu,Unit Test 2,25,7.7
6643,277,29,Telugu,Half Yearly,100,37.4
6644,277,29,Telugu,Annual Exam,100,37.2
6645,277,30,Computer Science,Unit Test 1,25,13.3
6646,277,30,Computer Science,Unit Test 2,25,14.7
6647,277,30,Computer Science,Half Yearly,100,54.8
6648,277,30,Computer Science,Annual Exam,100,40.6
6649,278,25,Mathematics,Unit Test 1,25,21.4
6650,278,25,Mathematics,Unit Test 2,25,20.4
6651,278,25,Mathematics,Half Yearly,100,84.0
6652,278,25,Mathematics,Annual Exam,100,95.4
6653,278,26,Science,Unit Test 1,25,25.0
6654,278,26,Science,Unit Test 2,25,19.1
6655,278,26,Science,Half Yearly,100,100.0
6656,278,26,Science,Annual Exam,100,86.5
6657,278,27,English,Unit Test 1,25,22.5
6658,278,27,English,Unit Test 2,25,22.0
6659,278,27,English,Half Yearly,100,93.4
6660,278,27,English,Annual Exam,100,100.0
6661,278,28,Social Studies,Unit Test 1,25,22.5
6662,278,28,Social Studies,Unit Test 2,25,23.1
6663,278,28,Social Studies,Half Yearly,100,100.0
6664,278,28,Social Studies,Annual Exam,100,95.8
6665,278,29,Telugu,Unit Test 1,25,22.9
6666,278,29,Telugu,Unit Test 2,25,24.9
6667,278,29,Telugu,Half Yearly,100,93.3
6668,278,29,Telugu,Annual Exam,100,91.8
6669,278,30,Computer Science,Unit Test 1,25,25.0
6670,278,30,Computer Science,Unit Test 2,25,25.0
6671,278,30,Computer Science,Half Yearly,100,86.2
6672,278,30,Computer Science,Annual Exam,100,87.8
6673,279,25,Mathematics,Unit Test 1,25,25.0
6674,279,25,Mathematics,Unit Test 2,25,25.0
6675,279,25,Mathematics,Half Yearly,100,100.0
6676,279,25,Mathematics,Annual Exam,100,100.0
6677,279,26,Science,Unit Test 1,25,25.0
6678,279,26,Science,Unit Test 2,25,25.0
6679,279,26,Science,Half Yearly,100,100.0
6680,279,26,Science,Annual Exam,100,100.0
6681,279,27,English,Unit Test 1,25,22.7
6682,279,27,English,Unit Test 2,25,18.7
6683,279,27,English,Half Yearly,100,84.1
6684,279,27,English,Annual Exam,100,83.1
6685,279,28,Social Studies,Unit Test 1,25,22.9
6686,279,28,Social Studies,Unit Test 2,25,25.0
6687,279,28,Social Studies,Half Yearly,100,100.0
6688,279,28,Social Studies,Annual Exam,100,100.0
6689,279,29,Telugu,Unit Test 1,25,25.0
6690,279,29,Telugu,Unit Test 2,25,24.7
6691,279,29,Telugu,Half Yearly,100,100.0
6692,279,29,Telugu,Annual Exam,100,100.0
6693,279,30,Computer Science,Unit Test 1,25,24.9
6694,279,30,Computer Science,Unit Test 2,25,25.0
6695,279,30,Computer Science,Half Yearly,100,100.0
6696,279,30,Computer Science,Annual Exam,100,100.0
6697,280,25,Mathematics,Unit Test 1,25,16.3
6698,280,25,Mathematics,Unit Test 2,25,14.3
6699,280,25,Mathematics,Half Yearly,100,68.8
6700,280,25,Mathematics,Annual Exam,100,77.9
6701,280,26,Science,Unit Test 1,25,24.0
6702,280,26,Science,Unit Test 2,25,22.8
6703,280,26,Science,Half Yearly,100,90.2
6704,280,26,Science,Annual Exam,100,97.4
6705,280,27,English,Unit Test 1,25,19.3
6706,280,27,English,Unit Test 2,25,17.9
6707,280,27,English,Half Yearly,100,85.5
6708,280,27,English,Annual Exam,100,67.0
6709,280,28,Social Studies,Unit Test 1,25,13.8
6710,280,28,Social Studies,Unit Test 2,25,18.5
6711,280,28,Social Studies,Half Yearly,100,72.9
6712,280,28,Social Studies,Annual Exam,100,78.4
6713,280,29,Telugu,Unit Test 1,25,22.8
6714,280,29,Telugu,Unit Test 2,25,21.5
6715,280,29,Telugu,Half Yearly,100,72.5
6716,280,29,Telugu,Annual Exam,100,78.8
6717,280,30,Computer Science,Unit Test 1,25,14.7
6718,280,30,Computer Science,Unit Test 2,25,14.1
6719,280,30,Computer Science,Half Yearly,100,59.0
6720,280,30,Computer Science,Annual Exam,100,73.1
6721,281,25,Mathematics,Unit Test 1,25,14.6
6722,281,25,Mathematics,Unit Test 2,25,12.5
6723,281,25,Mathematics,Half Yearly,100,36.5
6724,281,25,Mathematics,Annual Exam,100,35.1
6725,281,26,Science,Unit Test 1,25,15.5
6726,281,26,Science,Unit Test 2,25,14.5
6727,281,26,Science,Half Yearly,100,47.9
6728,281,26,Science,Annual Exam,100,56.5
6729,281,27,English,Unit Test 1,25,11.1
6730,281,27,English,Unit Test 2,25,13.1
6731,281,27,English,Half Yearly,100,61.4
6732,281,27,English,Annual Exam,100,64.1
6733,281,28,Social Studies,Unit Test 1,25,15.5
6734,281,28,Social Studies,Unit Test 2,25,15.2
6735,281,28,Social Studies,Half Yearly,100,61.0
6736,281,28,Social Studies,Annual Exam,100,68.2
6737,281,29,Telugu,Unit Test 1,25,11.0
6738,281,29,Telugu,Unit Test 2,25,10.1
6739,281,29,Telugu,Half Yearly,100,48.7
6740,281,29,Telugu,Annual Exam,100,60.5
6741,281,30,Computer Science,Unit Test 1,25,14.7
6742,281,30,Computer Science,Unit Test 2,25,11.0
6743,281,30,Computer Science,Half Yearly,100,62.8
6744,281,30,Computer Science,Annual Exam,100,56.6
6745,282,25,Mathematics,Unit Test 1,25,12.7
6746,282,25,Mathematics,Unit Test 2,25,14.0
6747,282,25,Mathematics,Half Yearly,100,55.1
6748,282,25,Mathematics,Annual Exam,100,49.0
6749,282,26,Science,Unit Test 1,25,17.6
6750,282,26,Science,Unit Test 2,25,17.6
6751,282,26,Science,Half Yearly,100,68.8
6752,282,26,Science,Annual Exam,100,55.6
6753,282,27,English,Unit Test 1,25,18.2
6754,282,27,English,Unit Test 2,25,21.0
6755,282,27,English,Half Yearly,100,75.1
6756,282,27,English,Annual Exam,100,61.9
6757,282,28,Social Studies,Unit Test 1,25,15.2
6758,282,28,Social Studies,Unit Test 2,25,14.9
6759,282,28,Social Studies,Half Yearly,100,50.3
6760,282,28,Social Studies,Annual Exam,100,65.7
6761,282,29,Telugu,Unit Test 1,25,14.1
6762,282,29,Telugu,Unit Test 2,25,19.2
6763,282,29,Telugu,Half Yearly,100,62.4
6764,282,29,Telugu,Annual Exam,100,66.6
6765,282,30,Computer Science,Unit Test 1,25,12.8
6766,282,30,Computer Science,Unit Test 2,25,12.3
6767,282,30,Computer Science,Half Yearly,100,58.5
6768,282,30,Computer Science,Annual Exam,100,44.4
6769,283,25,Mathematics,Unit Test 1,25,12.9
6770,283,25,Mathematics,Unit Test 2,25,9.4
6771,283,25,Mathematics,Half Yearly,100,54.0
6772,283,25,Mathematics,Annual Exam,100,35.7
6773,283,26,Science,Unit Test 1,25,12.6
6774,283,26,Science,Unit Test 2,25,10.1
6775,283,26,Science,Half Yearly,100,50.8
6776,283,26,Science,Annual Exam,100,55.9
6777,283,27,English,Unit Test 1,25,15.1
6778,283,27,English,Unit Test 2,25,17.0
6779,283,27,English,Half Yearly,100,59.5
6780,283,27,English,Annual Exam,100,69.5
6781,283,28,Social Studies,Unit Test 1,25,20.4
6782,283,28,Social Studies,Unit Test 2,25,12.9
6783,283,28,Social Studies,Half Yearly,100,53.2
6784,283,28,Social Studies,Annual Exam,100,65.3
6785,283,29,Telugu,Unit Test 1,25,18.7
6786,283,29,Telugu,Unit Test 2,25,20.9
6787,283,29,Telugu,Half Yearly,100,66.2
6788,283,29,Telugu,Annual Exam,100,70.0
6789,283,30,Computer Science,Unit Test 1,25,14.8
6790,283,30,Computer Science,Unit Test 2,25,15.8
6791,283,30,Computer Science,Half Yearly,100,51.0
6792,283,30,Computer Science,Annual Exam,100,72.0
6793,284,25,Mathematics,Unit Test 1,25,18.7
6794,284,25,Mathematics,Unit Test 2,25,20.9
6795,284,25,Mathematics,Half Yearly,100,71.9
6796,284,25,Mathematics,Annual Exam,100,67.6
6797,284,26,Science,Unit Test 1,25,13.1
6798,284,26,Science,Unit Test 2,25,18.4
6799,284,26,Science,Half Yearly,100,60.2
6800,284,26,Science,Annual Exam,100,66.5
6801,284,27,English,Unit Test 1,25,22.5
6802,284,27,English,Unit Test 2,25,19.7
6803,284,27,English,Half Yearly,100,65.2
6804,284,27,English,Annual Exam,100,73.5
6805,284,28,Social Studies,Unit Test 1,25,13.5
6806,284,28,Social Studies,Unit Test 2,25,17.3
6807,284,28,Social Studies,Half Yearly,100,54.2
6808,284,28,Social Studies,Annual Exam,100,59.1
6809,284,29,Telugu,Unit Test 1,25,16.3
6810,284,29,Telugu,Unit Test 2,25,12.4
6811,284,29,Telugu,Half Yearly,100,62.6
6812,284,29,Telugu,Annual Exam,100,53.0
6813,284,30,Computer Science,Unit Test 1,25,18.4
6814,284,30,Computer Science,Unit Test 2,25,16.3
6815,284,30,Computer Science,Half Yearly,100,77.7
6816,284,30,Computer Science,Annual Exam,100,80.3
6817,285,25,Mathematics,Unit Test 1,25,18.6
6818,285,25,Mathematics,Unit Test 2,25,22.1
6819,285,25,Mathematics,Half Yearly,100,92.7
6820,285,25,Mathematics,Annual Exam,100,83.1
6821,285,26,Science,Unit Test 1,25,19.5
6822,285,26,Science,Unit Test 2,25,19.0
6823,285,26,Science,Half Yearly,100,72.6
6824,285,26,Science,Annual Exam,100,79.5
6825,285,27,English,Unit Test 1,25,19.9
6826,285,27,English,Unit Test 2,25,20.1
6827,285,27,English,Half Yearly,100,65.3
6828,285,27,English,Annual Exam,100,68.9
6829,285,28,Social Studies,Unit Test 1,25,23.0
6830,285,28,Social Studies,Unit Test 2,25,18.0
6831,285,28,Social Studies,Half Yearly,100,94.9
6832,285,28,Social Studies,Annual Exam,100,74.4
6833,285,29,Telugu,Unit Test 1,25,18.9
6834,285,29,Telugu,Unit Test 2,25,21.3
6835,285,29,Telugu,Half Yearly,100,80.6
6836,285,29,Telugu,Annual Exam,100,80.0
6837,285,30,Computer Science,Unit Test 1,25,17.8
6838,285,30,Computer Science,Unit Test 2,25,22.1
6839,285,30,Computer Science,Half Yearly,100,91.2
6840,285,30,Computer Science,Annual Exam,100,70.1
6841,286,25,Mathematics,Unit Test 1,25,12.9
6842,286,25,Mathematics,Unit Test 2,25,11.1
6843,286,25,Mathematics,Half Yearly,100,49.5
6844,286,25,Mathematics,Annual Exam,100,53.1
6845,286,26,Science,Unit Test 1,25,15.2
6846,286,26,Science,Unit Test 2,25,12.4
6847,286,26,Science,Half Yearly,100,50.2
6848,286,26,Science,Annual Exam,100,57.1
6849,286,27,English,Unit Test 1,25,16.6
6850,286,27,English,Unit Test 2,25,11.6
6851,286,27,English,Half Yearly,100,47.6
6852,286,27,English,Annual Exam,100,68.9
6853,286,28,Social Studies,Unit Test 1,25,12.6
6854,286,28,Social Studies,Unit Test 2,25,17.5
6855,286,28,Social Studies,Half Yearly,100,63.9
6856,286,28,Social Studies,Annual Exam,100,57.5
6857,286,29,Telugu,Unit Test 1,25,12.9
6858,286,29,Telugu,Unit Test 2,25,13.5
6859,286,29,Telugu,Half Yearly,100,34.4
6860,286,29,Telugu,Annual Exam,100,58.6
6861,286,30,Computer Science,Unit Test 1,25,13.7
6862,286,30,Computer Science,Unit Test 2,25,11.3
6863,286,30,Computer Science,Half Yearly,100,44.2
6864,286,30,Computer Science,Annual Exam,100,58.0
6865,287,25,Mathematics,Unit Test 1,25,25.0
6866,287,25,Mathematics,Unit Test 2,25,24.9
6867,287,25,Mathematics,Half Yearly,100,98.9
6868,287,25,Mathematics,Annual Exam,100,97.8
6869,287,26,Science,Unit Test 1,25,20.0
6870,287,26,Science,Unit Test 2,25,20.5
6871,287,26,Science,Half Yearly,100,86.7
6872,287,26,Science,Annual Exam,100,78.2
6873,287,27,English,Unit Test 1,25,22.4
6874,287,27,English,Unit Test 2,25,21.4
6875,287,27,English,Half Yearly,100,92.8
6876,287,27,English,Annual Exam,100,100.0
6877,287,28,Social Studies,Unit Test 1,25,25.0
6878,287,28,Social Studies,Unit Test 2,25,23.4
6879,287,28,Social Studies,Half Yearly,100,100.0
6880,287,28,Social Studies,Annual Exam,100,95.4
6881,287,29,Telugu,Unit Test 1,25,23.8
6882,287,29,Telugu,Unit Test 2,25,23.2
6883,287,29,Telugu,Half Yearly,100,84.4
6884,287,29,Telugu,Annual Exam,100,93.2
6885,287,30,Computer Science,Unit Test 1,25,22.8
6886,287,30,Computer Science,Unit Test 2,25,21.9
6887,287,30,Computer Science,Half Yearly,100,100.0
6888,287,30,Computer Science,Annual Exam,100,97.5
6889,288,25,Mathematics,Unit Test 1,25,22.5
6890,288,25,Mathematics,Unit Test 2,25,21.6
6891,288,25,Mathematics,Half Yearly,100,80.3
6892,288,25,Mathematics,Annual Exam,100,87.9
6893,288,26,Science,Unit Test 1,25,18.0
6894,288,26,Science,Unit Test 2,25,20.1
6895,288,26,Science,Half Yearly,100,68.0
6896,288,26,Science,Annual Exam,100,82.7
6897,288,27,English,Unit Test 1,25,20.9
6898,288,27,English,Unit Test 2,25,25.0
6899,288,27,English,Half Yearly,100,82.4
6900,288,27,English,Annual Exam,100,96.4
6901,288,28,Social Studies,Unit Test 1,25,20.5
6902,288,28,Social Studies,Unit Test 2,25,18.9
6903,288,28,Social Studies,Half Yearly,100,87.8
6904,288,28,Social Studies,Annual Exam,100,77.9
6905,288,29,Telugu,Unit Test 1,25,20.9
6906,288,29,Telugu,Unit Test 2,25,18.7
6907,288,29,Telugu,Half Yearly,100,78.4
6908,288,29,Telugu,Annual Exam,100,79.8
6909,288,30,Computer Science,Unit Test 1,25,23.2
6910,288,30,Computer Science,Unit Test 2,25,22.6
6911,288,30,Computer Science,Half Yearly,100,98.6
6912,288,30,Computer Science,Annual Exam,100,91.4
6913,289,25,Mathematics,Unit Test 1,25,23.5
6914,289,25,Mathematics,Unit Test 2,25,21.5
6915,289,25,Mathematics,Half Yearly,100,86.7
6916,289,25,Mathematics,Annual Exam,100,82.7
6917,289,26,Science,Unit Test 1,25,23.2
6918,289,26,Science,Unit Test 2,25,21.3
6919,289,26,Science,Half Yearly,100,89.9
6920,289,26,Science,Annual Exam,100,89.5
6921,289,27,English,Unit Test 1,25,23.4
6922,289,27,English,Unit Test 2,25,19.3
6923,289,27,English,Half Yearly,100,94.2
6924,289,27,English,Annual Exam,100,89.0
6925,289,28,Social Studies,Unit Test 1,25,23.5
6926,289,28,Social Studies,Unit Test 2,25,24.3
6927,289,28,Social Studies,Half Yearly,100,98.8
6928,289,28,Social Studies,Annual Exam,100,100.0
6929,289,29,Telugu,Unit Test 1,25,25.0
6930,289,29,Telugu,Unit Test 2,25,22.3
6931,289,29,Telugu,Half Yearly,100,92.5
6932,289,29,Telugu,Annual Exam,100,93.0
6933,289,30,Computer Science,Unit Test 1,25,24.8
6934,289,30,Computer Science,Unit Test 2,25,24.9
6935,289,30,Computer Science,Half Yearly,100,99.5
6936,289,30,Computer Science,Annual Exam,100,97.9
6937,290,25,Mathematics,Unit Test 1,25,14.1
6938,290,25,Mathematics,Unit Test 2,25,15.4
6939,290,25,Mathematics,Half Yearly,100,52.9
6940,290,25,Mathematics,Annual Exam,100,60.3
6941,290,26,Science,Unit Test 1,25,11.2
6942,290,26,Science,Unit Test 2,25,15.0
6943,290,26,Science,Half Yearly,100,42.8
6944,290,26,Science,Annual Exam,100,41.8
6945,290,27,English,Unit Test 1,25,13.4
6946,290,27,English,Unit Test 2,25,14.7
6947,290,27,English,Half Yearly,100,50.1
6948,290,27,English,Annual Exam,100,46.5
6949,290,28,Social Studies,Unit Test 1,25,14.3
6950,290,28,Social Studies,Unit Test 2,25,16.1
6951,290,28,Social Studies,Half Yearly,100,50.7
6952,290,28,Social Studies,Annual Exam,100,63.1
6953,290,29,Telugu,Unit Test 1,25,18.3
6954,290,29,Telugu,Unit Test 2,25,13.9
6955,290,29,Telugu,Half Yearly,100,55.0
6956,290,29,Telugu,Annual Exam,100,66.5
6957,290,30,Computer Science,Unit Test 1,25,17.8
6958,290,30,Computer Science,Unit Test 2,25,15.4
6959,290,30,Computer Science,Half Yearly,100,59.3
6960,290,30,Computer Science,Annual Exam,100,70.8
6961,291,25,Mathematics,Unit Test 1,25,22.9
6962,291,25,Mathematics,Unit Test 2,25,20.5
6963,291,25,Mathematics,Half Yearly,100,73.5
6964,291,25,Mathematics,Annual Exam,100,88.2
6965,291,26,Science,Unit Test 1,25,15.6
6966,291,26,Science,Unit Test 2,25,22.9
6967,291,26,Science,Half Yearly,100,88.0
6968,291,26,Science,Annual Exam,100,83.6
6969,291,27,English,Unit Test 1,25,16.3
6970,291,27,English,Unit Test 2,25,16.6
6971,291,27,English,Half Yearly,100,66.4
6972,291,27,English,Annual Exam,100,77.3
6973,291,28,Social Studies,Unit Test 1,25,22.9
6974,291,28,Social Studies,Unit Test 2,25,22.1
6975,291,28,Social Studies,Half Yearly,100,89.1
6976,291,28,Social Studies,Annual Exam,100,100.0
6977,291,29,Telugu,Unit Test 1,25,19.3
6978,291,29,Telugu,Unit Test 2,25,18.4
6979,291,29,Telugu,Half Yearly,100,85.1
6980,291,29,Telugu,Annual Exam,100,78.8
6981,291,30,Computer Science,Unit Test 1,25,19.1
6982,291,30,Computer Science,Unit Test 2,25,24.0
6983,291,30,Computer Science,Half Yearly,100,71.3
6984,291,30,Computer Science,Annual Exam,100,64.1
6985,292,25,Mathematics,Unit Test 1,25,18.8
6986,292,25,Mathematics,Unit Test 2,25,20.2
6987,292,25,Mathematics,Half Yearly,100,68.5
6988,292,25,Mathematics,Annual Exam,100,66.0
6989,292,26,Science,Unit Test 1,25,18.0
6990,292,26,Science,Unit Test 2,25,14.9
6991,292,26,Science,Half Yearly,100,69.9
6992,292,26,Science,Annual Exam,100,62.2
6993,292,27,English,Unit Test 1,25,14.3
6994,292,27,English,Unit Test 2,25,18.7
6995,292,27,English,Half Yearly,100,63.4
6996,292,27,English,Annual Exam,100,50.8
6997,292,28,Social Studies,Unit Test 1,25,10.9
6998,292,28,Social Studies,Unit Test 2,25,15.6
6999,292,28,Social Studies,Half Yearly,100,65.3
7000,292,28,Social Studies,Annual Exam,100,78.5
7001,292,29,Telugu,Unit Test 1,25,14.9
7002,292,29,Telugu,Unit Test 2,25,18.3
7003,292,29,Telugu,Half Yearly,100,66.0
7004,292,29,Telugu,Annual Exam,100,65.7
7005,292,30,Computer Science,Unit Test 1,25,12.3
7006,292,30,Computer Science,Unit Test 2,25,18.0
7007,292,30,Computer Science,Half Yearly,100,77.7
7008,292,30,Computer Science,Annual Exam,100,76.2
7009,293,25,Mathematics,Unit Test 1,25,18.0
7010,293,25,Mathematics,Unit Test 2,25,18.4
7011,293,25,Mathematics,Half Yearly,100,75.5
7012,293,25,Mathematics,Annual Exam,100,74.3
7013,293,26,Science,Unit Test 1,25,12.7
7014,293,26,Science,Unit Test 2,25,12.2
7015,293,26,Science,Half Yearly,100,70.3
7016,293,26,Science,Annual Exam,100,72.3
7017,293,27,English,Unit Test 1,25,13.8
7018,293,27,English,Unit Test 2,25,14.1
7019,293,27,English,Half Yearly,100,70.8
7020,293,27,English,Annual Exam,100,54.1
7021,293,28,Social Studies,Unit Test 1,25,16.0
7022,293,28,Social Studies,Unit Test 2,25,13.5
7023,293,28,Social Studies,Half Yearly,100,63.7
7024,293,28,Social Studies,Annual Exam,100,62.4
7025,293,29,Telugu,Unit Test 1,25,14.7
7026,293,29,Telugu,Unit Test 2,25,17.1
7027,293,29,Telugu,Half Yearly,100,67.7
7028,293,29,Telugu,Annual Exam,100,75.7
7029,293,30,Computer Science,Unit Test 1,25,21.4
7030,293,30,Computer Science,Unit Test 2,25,17.5
7031,293,30,Computer Science,Half Yearly,100,70.7
7032,293,30,Computer Science,Annual Exam,100,63.1
7033,294,25,Mathematics,Unit Test 1,25,18.5
7034,294,25,Mathematics,Unit Test 2,25,15.8
7035,294,25,Mathematics,Half Yearly,100,82.9
7036,294,25,Mathematics,Annual Exam,100,92.4
7037,294,26,Science,Unit Test 1,25,19.3
7038,294,26,Science,Unit Test 2,25,19.7
7039,294,26,Science,Half Yearly,100,94.5
7040,294,26,Science,Annual Exam,100,96.1
7041,294,27,English,Unit Test 1,25,15.6
7042,294,27,English,Unit Test 2,25,19.2
7043,294,27,English,Half Yearly,100,86.1
7044,294,27,English,Annual Exam,100,67.1
7045,294,28,Social Studies,Unit Test 1,25,23.2
7046,294,28,Social Studies,Unit Test 2,25,22.7
7047,294,28,Social Studies,Half Yearly,100,91.7
7048,294,28,Social Studies,Annual Exam,100,79.6
7049,294,29,Telugu,Unit Test 1,25,21.4
7050,294,29,Telugu,Unit Test 2,25,19.8
7051,294,29,Telugu,Half Yearly,100,98.9
7052,294,29,Telugu,Annual Exam,100,93.6
7053,294,30,Computer Science,Unit Test 1,25,21.9
7054,294,30,Computer Science,Unit Test 2,25,24.4
7055,294,30,Computer Science,Half Yearly,100,100.0
7056,294,30,Computer Science,Annual Exam,100,86.9
7057,295,25,Mathematics,Unit Test 1,25,11.6
7058,295,25,Mathematics,Unit Test 2,25,13.8
7059,295,25,Mathematics,Half Yearly,100,48.3
7060,295,25,Mathematics,Annual Exam,100,57.1
7061,295,26,Science,Unit Test 1,25,8.4
7062,295,26,Science,Unit Test 2,25,8.7
7063,295,26,Science,Half Yearly,100,43.9
7064,295,26,Science,Annual Exam,100,48.4
7065,295,27,English,Unit Test 1,25,14.6
7066,295,27,English,Unit Test 2,25,15.0
7067,295,27,English,Half Yearly,100,47.4
7068,295,27,English,Annual Exam,100,50.8
7069,295,28,Social Studies,Unit Test 1,25,5.9
7070,295,28,Social Studies,Unit Test 2,25,11.7
7071,295,28,Social Studies,Half Yearly,100,49.2
7072,295,28,Social Studies,Annual Exam,100,59.2
7073,295,29,Telugu,Unit Test 1,25,10.4
7074,295,29,Telugu,Unit Test 2,25,14.6
7075,295,29,Telugu,Half Yearly,100,52.6
7076,295,29,Telugu,Annual Exam,100,52.2
7077,295,30,Computer Science,Unit Test 1,25,14.4
7078,295,30,Computer Science,Unit Test 2,25,13.6
7079,295,30,Computer Science,Half Yearly,100,59.7
7080,295,30,Computer Science,Annual Exam,100,50.4
7081,296,25,Mathematics,Unit Test 1,25,12.0
7082,296,25,Mathematics,Unit Test 2,25,16.8
7083,296,25,Mathematics,Half Yearly,100,85.4
7084,296,25,Mathematics,Annual Exam,100,72.9
7085,296,26,Science,Unit Test 1,25,16.4
7086,296,26,Science,Unit Test 2,25,15.1
7087,296,26,Science,Half Yearly,100,81.0
7088,296,26,Science,Annual Exam,100,75.7
7089,296,27,English,Unit Test 1,25,12.5
7090,296,27,English,Unit Test 2,25,11.7
7091,296,27,English,Half Yearly,100,63.4
7092,296,27,English,Annual Exam,100,60.3
7093,296,28,Social Studies,Unit Test 1,25,17.6
7094,296,28,Social Studies,Unit Test 2,25,17.5
7095,296,28,Social Studies,Half Yearly,100,51.6
7096,296,28,Social Studies,Annual Exam,100,66.3
7097,296,29,Telugu,Unit Test 1,25,14.7
7098,296,29,Telugu,Unit Test 2,25,16.2
7099,296,29,Telugu,Half Yearly,100,61.3
7100,296,29,Telugu,Annual Exam,100,53.4
7101,296,30,Computer Science,Unit Test 1,25,15.6
7102,296,30,Computer Science,Unit Test 2,25,17.5
7103,296,30,Computer Science,Half Yearly,100,70.2
7104,296,30,Computer Science,Annual Exam,100,49.5
7105,297,25,Mathematics,Unit Test 1,25,19.6
7106,297,25,Mathematics,Unit Test 2,25,15.6
7107,297,25,Mathematics,Half Yearly,100,73.4
7108,297,25,Mathematics,Annual Exam,100,80.3
7109,297,26,Science,Unit Test 1,25,19.3
7110,297,26,Science,Unit Test 2,25,16.9
7111,297,26,Science,Half Yearly,100,62.0
7112,297,26,Science,Annual Exam,100,75.5
7113,297,27,English,Unit Test 1,25,20.0
7114,297,27,English,Unit Test 2,25,16.4
7115,297,27,English,Half Yearly,100,67.9
7116,297,27,English,Annual Exam,100,68.0
7117,297,28,Social Studies,Unit Test 1,25,18.4
7118,297,28,Social Studies,Unit Test 2,25,14.4
7119,297,28,Social Studies,Half Yearly,100,45.7
7120,297,28,Social Studies,Annual Exam,100,66.9
7121,297,29,Telugu,Unit Test 1,25,18.1
7122,297,29,Telugu,Unit Test 2,25,16.9
7123,297,29,Telugu,Half Yearly,100,79.4
7124,297,29,Telugu,Annual Exam,100,81.0
7125,297,30,Computer Science,Unit Test 1,25,13.2
7126,297,30,Computer Science,Unit Test 2,25,12.7
7127,297,30,Computer Science,Half Yearly,100,60.7
7128,297,30,Computer Science,Annual Exam,100,67.7
7129,298,25,Mathematics,Unit Test 1,25,23.9
7130,298,25,Mathematics,Unit Test 2,25,24.4
7131,298,25,Mathematics,Half Yearly,100,97.8
7132,298,25,Mathematics,Annual Exam,100,99.4
7133,298,26,Science,Unit Test 1,25,24.4
7134,298,26,Science,Unit Test 2,25,22.3
7135,298,26,Science,Half Yearly,100,93.6
7136,298,26,Science,Annual Exam,100,90.8
7137,298,27,English,Unit Test 1,25,21.6
7138,298,27,English,Unit Test 2,25,25.0
7139,298,27,English,Half Yearly,100,77.5
7140,298,27,English,Annual Exam,100,76.7
7141,298,28,Social Studies,Unit Test 1,25,24.0
7142,298,28,Social Studies,Unit Test 2,25,22.1
7143,298,28,Social Studies,Half Yearly,100,90.4
7144,298,28,Social Studies,Annual Exam,100,94.1
7145,298,29,Telugu,Unit Test 1,25,23.7
7146,298,29,Telugu,Unit Test 2,25,19.7
7147,298,29,Telugu,Half Yearly,100,98.7
7148,298,29,Telugu,Annual Exam,100,100.0
7149,298,30,Computer Science,Unit Test 1,25,25.0
7150,298,30,Computer Science,Unit Test 2,25,24.8
7151,298,30,Computer Science,Half Yearly,100,92.6
7152,298,30,Computer Science,Annual Exam,100,94.5
7153,299,25,Mathematics,Unit Test 1,25,18.2
7154,299,25,Mathematics,Unit Test 2,25,23.7
7155,299,25,Mathematics,Half Yearly,100,84.0
7156,299,25,Mathematics,Annual Exam,100,82.5
7157,299,26,Science,Unit Test 1,25,17.1
7158,299,26,Science,Unit Test 2,25,16.9
7159,299,26,Science,Half Yearly,100,65.2
7160,299,26,Science,Annual Exam,100,61.6
7161,299,27,English,Unit Test 1,25,20.8
7162,299,27,English,Unit Test 2,25,25.0
7163,299,27,English,Half Yearly,100,85.0
7164,299,27,English,Annual Exam,100,86.5
7165,299,28,Social Studies,Unit Test 1,25,19.1
7166,299,28,Social Studies,Unit Test 2,25,16.6
7167,299,28,Social Studies,Half Yearly,100,83.7
7168,299,28,Social Studies,Annual Exam,100,84.9
7169,299,29,Telugu,Unit Test 1,25,21.2
7170,299,29,Telugu,Unit Test 2,25,23.1
7171,299,29,Telugu,Half Yearly,100,91.1
7172,299,29,Telugu,Annual Exam,100,73.2
7173,299,30,Computer Science,Unit Test 1,25,22.6
7174,299,30,Computer Science,Unit Test 2,25,21.8
7175,299,30,Computer Science,Half Yearly,100,71.3
7176,299,30,Computer Science,Annual Exam,100,88.4
7177,300,25,Mathematics,Unit Test 1,25,17.1
7178,300,25,Mathematics,Unit Test 2,25,17.9
7179,300,25,Mathematics,Half Yearly,100,71.5
7180,300,25,Mathematics,Annual Exam,100,75.0
7181,300,26,Science,Unit Test 1,25,15.8
7182,300,26,Science,Unit Test 2,25,13.1
7183,300,26,Science,Half Yearly,100,78.5
7184,300,26,Science,Annual Exam,100,65.8
7185,300,27,English,Unit Test 1,25,17.8
7186,300,27,English,Unit Test 2,25,18.6
7187,300,27,English,Half Yearly,100,71.8
7188,300,27,English,Annual Exam,100,67.4
7189,300,28,Social Studies,Unit Test 1,25,14.5
7190,300,28,Social Studies,Unit Test 2,25,18.2
7191,300,28,Social Studies,Half Yearly,100,69.5
7192,300,28,Social Studies,Annual Exam,100,75.3
7193,300,29,Telugu,Unit Test 1,25,17.0
7194,300,29,Telugu,Unit Test 2,25,15.4
7195,300,29,Telugu,Half Yearly,100,71.9
7196,300,29,Telugu,Annual Exam,100,72.1
7197,300,30,Computer Science,Unit Test 1,25,18.2
7198,300,30,Computer Science,Unit Test 2,25,21.2
7199,300,30,Computer Science,Half Yearly,100,76.7
7200,300,30,Computer Science,Annual Exam,100,75.6
7201,301,31,Mathematics,Unit Test 1,25,14.0
7202,301,31,Mathematics,Unit Test 2,25,16.3
7203,301,31,Mathematics,Half Yearly,100,57.3
7204,301,31,Mathematics,Annual Exam,100,67.8
7205,301,32,Science,Unit Test 1,25,12.1
7206,301,32,Science,Unit Test 2,25,15.7
7207,301,32,Science,Half Yearly,100,52.9
7208,301,32,Science,Annual Exam,100,38.6
7209,301,33,English,Unit Test 1,25,10.2
7210,301,33,English,Unit Test 2,25,12.9
7211,301,33,English,Half Yearly,100,43.9
7212,301,33,English,Annual Exam,100,47.7
7213,301,34,Social Studies,Unit Test 1,25,14.7
7214,301,34,Social Studies,Unit Test 2,25,16.4
7215,301,34,Social Studies,Half Yearly,100,40.9
7216,301,34,Social Studies,Annual Exam,100,45.8
7217,301,35,Telugu,Unit Test 1,25,14.0
7218,301,35,Telugu,Unit Test 2,25,11.1
7219,301,35,Telugu,Half Yearly,100,40.1
7220,301,35,Telugu,Annual Exam,100,57.4
7221,301,36,Computer Science,Unit Test 1,25,12.3
7222,301,36,Computer Science,Unit Test 2,25,10.3
7223,301,36,Computer Science,Half Yearly,100,40.5
7224,301,36,Computer Science,Annual Exam,100,54.2
7225,302,31,Mathematics,Unit Test 1,25,13.9
7226,302,31,Mathematics,Unit Test 2,25,15.4
7227,302,31,Mathematics,Half Yearly,100,57.4
7228,302,31,Mathematics,Annual Exam,100,43.3
7229,302,32,Science,Unit Test 1,25,15.3
7230,302,32,Science,Unit Test 2,25,14.4
7231,302,32,Science,Half Yearly,100,41.9
7232,302,32,Science,Annual Exam,100,52.5
7233,302,33,English,Unit Test 1,25,15.4
7234,302,33,English,Unit Test 2,25,13.9
7235,302,33,English,Half Yearly,100,66.5
7236,302,33,English,Annual Exam,100,39.1
7237,302,34,Social Studies,Unit Test 1,25,14.5
7238,302,34,Social Studies,Unit Test 2,25,14.0
7239,302,34,Social Studies,Half Yearly,100,46.3
7240,302,34,Social Studies,Annual Exam,100,50.2
7241,302,35,Telugu,Unit Test 1,25,14.2
7242,302,35,Telugu,Unit Test 2,25,16.1
7243,302,35,Telugu,Half Yearly,100,63.0
7244,302,35,Telugu,Annual Exam,100,58.9
7245,302,36,Computer Science,Unit Test 1,25,14.0
7246,302,36,Computer Science,Unit Test 2,25,13.0
7247,302,36,Computer Science,Half Yearly,100,56.0
7248,302,36,Computer Science,Annual Exam,100,44.9
7249,303,31,Mathematics,Unit Test 1,25,18.2
7250,303,31,Mathematics,Unit Test 2,25,16.0
7251,303,31,Mathematics,Half Yearly,100,89.7
7252,303,31,Mathematics,Annual Exam,100,77.3
7253,303,32,Science,Unit Test 1,25,15.1
7254,303,32,Science,Unit Test 2,25,18.5
7255,303,32,Science,Half Yearly,100,69.7
7256,303,32,Science,Annual Exam,100,72.5
7257,303,33,English,Unit Test 1,25,20.8
7258,303,33,English,Unit Test 2,25,18.2
7259,303,33,English,Half Yearly,100,71.7
7260,303,33,English,Annual Exam,100,78.1
7261,303,34,Social Studies,Unit Test 1,25,12.9
7262,303,34,Social Studies,Unit Test 2,25,13.5
7263,303,34,Social Studies,Half Yearly,100,39.0
7264,303,34,Social Studies,Annual Exam,100,66.7
7265,303,35,Telugu,Unit Test 1,25,15.9
7266,303,35,Telugu,Unit Test 2,25,20.6
7267,303,35,Telugu,Half Yearly,100,72.8
7268,303,35,Telugu,Annual Exam,100,68.6
7269,303,36,Computer Science,Unit Test 1,25,20.6
7270,303,36,Computer Science,Unit Test 2,25,16.6
7271,303,36,Computer Science,Half Yearly,100,62.9
7272,303,36,Computer Science,Annual Exam,100,81.5
7273,304,31,Mathematics,Unit Test 1,25,13.9
7274,304,31,Mathematics,Unit Test 2,25,12.3
7275,304,31,Mathematics,Half Yearly,100,63.1
7276,304,31,Mathematics,Annual Exam,100,47.8
7277,304,32,Science,Unit Test 1,25,15.1
7278,304,32,Science,Unit Test 2,25,16.7
7279,304,32,Science,Half Yearly,100,61.1
7280,304,32,Science,Annual Exam,100,72.4
7281,304,33,English,Unit Test 1,25,15.4
7282,304,33,English,Unit Test 2,25,15.8
7283,304,33,English,Half Yearly,100,64.0
7284,304,33,English,Annual Exam,100,62.1
7285,304,34,Social Studies,Unit Test 1,25,16.1
7286,304,34,Social Studies,Unit Test 2,25,19.0
7287,304,34,Social Studies,Half Yearly,100,68.9
7288,304,34,Social Studies,Annual Exam,100,84.1
7289,304,35,Telugu,Unit Test 1,25,13.2
7290,304,35,Telugu,Unit Test 2,25,14.2
7291,304,35,Telugu,Half Yearly,100,69.0
7292,304,35,Telugu,Annual Exam,100,60.9
7293,304,36,Computer Science,Unit Test 1,25,14.0
7294,304,36,Computer Science,Unit Test 2,25,13.6
7295,304,36,Computer Science,Half Yearly,100,56.2
7296,304,36,Computer Science,Annual Exam,100,39.7
7297,305,31,Mathematics,Unit Test 1,25,18.1
7298,305,31,Mathematics,Unit Test 2,25,18.4
7299,305,31,Mathematics,Half Yearly,100,74.8
7300,305,31,Mathematics,Annual Exam,100,81.1
7301,305,32,Science,Unit Test 1,25,22.3
7302,305,32,Science,Unit Test 2,25,19.4
7303,305,32,Science,Half Yearly,100,54.3
7304,305,32,Science,Annual Exam,100,100.0
7305,305,33,English,Unit Test 1,25,20.8
7306,305,33,English,Unit Test 2,25,18.2
7307,305,33,English,Half Yearly,100,72.8
7308,305,33,English,Annual Exam,100,71.5
7309,305,34,Social Studies,Unit Test 1,25,17.0
7310,305,34,Social Studies,Unit Test 2,25,16.7
7311,305,34,Social Studies,Half Yearly,100,92.4
7312,305,34,Social Studies,Annual Exam,100,81.4
7313,305,35,Telugu,Unit Test 1,25,23.8
7314,305,35,Telugu,Unit Test 2,25,21.5
7315,305,35,Telugu,Half Yearly,100,86.2
7316,305,35,Telugu,Annual Exam,100,85.5
7317,305,36,Computer Science,Unit Test 1,25,20.2
7318,305,36,Computer Science,Unit Test 2,25,17.0
7319,305,36,Computer Science,Half Yearly,100,71.3
7320,305,36,Computer Science,Annual Exam,100,87.6
7321,306,31,Mathematics,Unit Test 1,25,13.5
7322,306,31,Mathematics,Unit Test 2,25,13.0
7323,306,31,Mathematics,Half Yearly,100,63.8
7324,306,31,Mathematics,Annual Exam,100,55.4
7325,306,32,Science,Unit Test 1,25,13.7
7326,306,32,Science,Unit Test 2,25,16.0
7327,306,32,Science,Half Yearly,100,70.2
7328,306,32,Science,Annual Exam,100,57.6
7329,306,33,English,Unit Test 1,25,13.4
7330,306,33,English,Unit Test 2,25,14.0
7331,306,33,English,Half Yearly,100,40.7
7332,306,33,English,Annual Exam,100,49.6
7333,306,34,Social Studies,Unit Test 1,25,17.1
7334,306,34,Social Studies,Unit Test 2,25,17.4
7335,306,34,Social Studies,Half Yearly,100,53.2
7336,306,34,Social Studies,Annual Exam,100,64.4
7337,306,35,Telugu,Unit Test 1,25,14.5
7338,306,35,Telugu,Unit Test 2,25,16.4
7339,306,35,Telugu,Half Yearly,100,61.3
7340,306,35,Telugu,Annual Exam,100,52.0
7341,306,36,Computer Science,Unit Test 1,25,15.4
7342,306,36,Computer Science,Unit Test 2,25,16.8
7343,306,36,Computer Science,Half Yearly,100,73.0
7344,306,36,Computer Science,Annual Exam,100,74.6
7345,307,31,Mathematics,Unit Test 1,25,20.9
7346,307,31,Mathematics,Unit Test 2,25,21.2
7347,307,31,Mathematics,Half Yearly,100,71.6
7348,307,31,Mathematics,Annual Exam,100,77.4
7349,307,32,Science,Unit Test 1,25,16.9
7350,307,32,Science,Unit Test 2,25,19.4
7351,307,32,Science,Half Yearly,100,59.1
7352,307,32,Science,Annual Exam,100,83.4
7353,307,33,English,Unit Test 1,25,16.5
7354,307,33,English,Unit Test 2,25,19.0
7355,307,33,English,Half Yearly,100,62.5
7356,307,33,English,Annual Exam,100,68.0
7357,307,34,Social Studies,Unit Test 1,25,19.5
7358,307,34,Social Studies,Unit Test 2,25,20.3
7359,307,34,Social Studies,Half Yearly,100,95.6
7360,307,34,Social Studies,Annual Exam,100,90.5
7361,307,35,Telugu,Unit Test 1,25,13.9
7362,307,35,Telugu,Unit Test 2,25,15.3
7363,307,35,Telugu,Half Yearly,100,69.9
7364,307,35,Telugu,Annual Exam,100,80.0
7365,307,36,Computer Science,Unit Test 1,25,14.7
7366,307,36,Computer Science,Unit Test 2,25,17.3
7367,307,36,Computer Science,Half Yearly,100,62.8
7368,307,36,Computer Science,Annual Exam,100,59.6
7369,308,31,Mathematics,Unit Test 1,25,12.4
7370,308,31,Mathematics,Unit Test 2,25,14.7
7371,308,31,Mathematics,Half Yearly,100,54.1
7372,308,31,Mathematics,Annual Exam,100,64.3
7373,308,32,Science,Unit Test 1,25,13.2
7374,308,32,Science,Unit Test 2,25,15.3
7375,308,32,Science,Half Yearly,100,62.8
7376,308,32,Science,Annual Exam,100,66.6
7377,308,33,English,Unit Test 1,25,18.9
7378,308,33,English,Unit Test 2,25,19.1
7379,308,33,English,Half Yearly,100,59.4
7380,308,33,English,Annual Exam,100,68.1
7381,308,34,Social Studies,Unit Test 1,25,20.2
7382,308,34,Social Studies,Unit Test 2,25,18.1
7383,308,34,Social Studies,Half Yearly,100,66.2
7384,308,34,Social Studies,Annual Exam,100,83.6
7385,308,35,Telugu,Unit Test 1,25,17.7
7386,308,35,Telugu,Unit Test 2,25,22.4
7387,308,35,Telugu,Half Yearly,100,72.1
7388,308,35,Telugu,Annual Exam,100,71.7
7389,308,36,Computer Science,Unit Test 1,25,19.6
7390,308,36,Computer Science,Unit Test 2,25,15.2
7391,308,36,Computer Science,Half Yearly,100,74.5
7392,308,36,Computer Science,Annual Exam,100,78.8
7393,309,31,Mathematics,Unit Test 1,25,18.4
7394,309,31,Mathematics,Unit Test 2,25,16.0
7395,309,31,Mathematics,Half Yearly,100,68.2
7396,309,31,Mathematics,Annual Exam,100,62.3
7397,309,32,Science,Unit Test 1,25,16.7
7398,309,32,Science,Unit Test 2,25,16.9
7399,309,32,Science,Half Yearly,100,65.4
7400,309,32,Science,Annual Exam,100,70.4
7401,309,33,English,Unit Test 1,25,21.3
7402,309,33,English,Unit Test 2,25,16.6
7403,309,33,English,Half Yearly,100,83.4
7404,309,33,English,Annual Exam,100,88.1
7405,309,34,Social Studies,Unit Test 1,25,25.0
7406,309,34,Social Studies,Unit Test 2,25,24.6
7407,309,34,Social Studies,Half Yearly,100,79.8
7408,309,34,Social Studies,Annual Exam,100,98.4
7409,309,35,Telugu,Unit Test 1,25,25.0
7410,309,35,Telugu,Unit Test 2,25,21.3
7411,309,35,Telugu,Half Yearly,100,94.1
7412,309,35,Telugu,Annual Exam,100,69.7
7413,309,36,Computer Science,Unit Test 1,25,18.7
7414,309,36,Computer Science,Unit Test 2,25,17.4
7415,309,36,Computer Science,Half Yearly,100,65.0
7416,309,36,Computer Science,Annual Exam,100,67.5
7417,310,31,Mathematics,Unit Test 1,25,21.7
7418,310,31,Mathematics,Unit Test 2,25,21.7
7419,310,31,Mathematics,Half Yearly,100,93.6
7420,310,31,Mathematics,Annual Exam,100,74.7
7421,310,32,Science,Unit Test 1,25,21.5
7422,310,32,Science,Unit Test 2,25,21.0
7423,310,32,Science,Half Yearly,100,89.2
7424,310,32,Science,Annual Exam,100,87.2
7425,310,33,English,Unit Test 1,25,20.1
7426,310,33,English,Unit Test 2,25,22.1
7427,310,33,English,Half Yearly,100,100.0
7428,310,33,English,Annual Exam,100,86.6
7429,310,34,Social Studies,Unit Test 1,25,20.2
7430,310,34,Social Studies,Unit Test 2,25,23.0
7431,310,34,Social Studies,Half Yearly,100,90.8
7432,310,34,Social Studies,Annual Exam,100,84.3
7433,310,35,Telugu,Unit Test 1,25,24.8
7434,310,35,Telugu,Unit Test 2,25,24.9
7435,310,35,Telugu,Half Yearly,100,93.8
7436,310,35,Telugu,Annual Exam,100,91.5
7437,310,36,Computer Science,Unit Test 1,25,20.0
7438,310,36,Computer Science,Unit Test 2,25,25.0
7439,310,36,Computer Science,Half Yearly,100,79.1
7440,310,36,Computer Science,Annual Exam,100,62.5
7441,311,31,Mathematics,Unit Test 1,25,14.8
7442,311,31,Mathematics,Unit Test 2,25,12.6
7443,311,31,Mathematics,Half Yearly,100,55.5
7444,311,31,Mathematics,Annual Exam,100,55.8
7445,311,32,Science,Unit Test 1,25,14.9
7446,311,32,Science,Unit Test 2,25,12.6
7447,311,32,Science,Half Yearly,100,49.4
7448,311,32,Science,Annual Exam,100,56.9
7449,311,33,English,Unit Test 1,25,17.5
7450,311,33,English,Unit Test 2,25,15.8
7451,311,33,English,Half Yearly,100,50.3
7452,311,33,English,Annual Exam,100,55.6
7453,311,34,Social Studies,Unit Test 1,25,8.0
7454,311,34,Social Studies,Unit Test 2,25,13.8
7455,311,34,Social Studies,Half Yearly,100,51.6
7456,311,34,Social Studies,Annual Exam,100,50.5
7457,311,35,Telugu,Unit Test 1,25,15.0
7458,311,35,Telugu,Unit Test 2,25,11.1
7459,311,35,Telugu,Half Yearly,100,62.3
7460,311,35,Telugu,Annual Exam,100,59.7
7461,311,36,Computer Science,Unit Test 1,25,15.8
7462,311,36,Computer Science,Unit Test 2,25,13.2
7463,311,36,Computer Science,Half Yearly,100,60.6
7464,311,36,Computer Science,Annual Exam,100,53.8
7465,312,31,Mathematics,Unit Test 1,25,19.6
7466,312,31,Mathematics,Unit Test 2,25,18.2
7467,312,31,Mathematics,Half Yearly,100,74.4
7468,312,31,Mathematics,Annual Exam,100,66.0
7469,312,32,Science,Unit Test 1,25,20.2
7470,312,32,Science,Unit Test 2,25,21.9
7471,312,32,Science,Half Yearly,100,93.2
7472,312,32,Science,Annual Exam,100,75.6
7473,312,33,English,Unit Test 1,25,15.8
7474,312,33,English,Unit Test 2,25,16.1
7475,312,33,English,Half Yearly,100,74.2
7476,312,33,English,Annual Exam,100,68.5
7477,312,34,Social Studies,Unit Test 1,25,20.7
7478,312,34,Social Studies,Unit Test 2,25,17.7
7479,312,34,Social Studies,Half Yearly,100,84.3
7480,312,34,Social Studies,Annual Exam,100,86.6
7481,312,35,Telugu,Unit Test 1,25,13.9
7482,312,35,Telugu,Unit Test 2,25,12.8
7483,312,35,Telugu,Half Yearly,100,58.8
7484,312,35,Telugu,Annual Exam,100,56.5
7485,312,36,Computer Science,Unit Test 1,25,16.9
7486,312,36,Computer Science,Unit Test 2,25,22.6
7487,312,36,Computer Science,Half Yearly,100,72.8
7488,312,36,Computer Science,Annual Exam,100,73.5
7489,313,31,Mathematics,Unit Test 1,25,17.3
7490,313,31,Mathematics,Unit Test 2,25,19.9
7491,313,31,Mathematics,Half Yearly,100,66.9
7492,313,31,Mathematics,Annual Exam,100,76.6
7493,313,32,Science,Unit Test 1,25,15.5
7494,313,32,Science,Unit Test 2,25,19.9
7495,313,32,Science,Half Yearly,100,76.4
7496,313,32,Science,Annual Exam,100,69.2
7497,313,33,English,Unit Test 1,25,16.2
7498,313,33,English,Unit Test 2,25,19.2
7499,313,33,English,Half Yearly,100,68.6
7500,313,33,English,Annual Exam,100,68.1
7501,313,34,Social Studies,Unit Test 1,25,19.6
7502,313,34,Social Studies,Unit Test 2,25,17.3
7503,313,34,Social Studies,Half Yearly,100,84.4
7504,313,34,Social Studies,Annual Exam,100,58.4
7505,313,35,Telugu,Unit Test 1,25,15.4
7506,313,35,Telugu,Unit Test 2,25,22.4
7507,313,35,Telugu,Half Yearly,100,62.4
7508,313,35,Telugu,Annual Exam,100,75.4
7509,313,36,Computer Science,Unit Test 1,25,20.3
7510,313,36,Computer Science,Unit Test 2,25,15.7
7511,313,36,Computer Science,Half Yearly,100,74.0
7512,313,36,Computer Science,Annual Exam,100,71.0
7513,314,31,Mathematics,Unit Test 1,25,14.8
7514,314,31,Mathematics,Unit Test 2,25,11.6
7515,314,31,Mathematics,Half Yearly,100,52.4
7516,314,31,Mathematics,Annual Exam,100,44.2
7517,314,32,Science,Unit Test 1,25,12.9
7518,314,32,Science,Unit Test 2,25,13.7
7519,314,32,Science,Half Yearly,100,54.1
7520,314,32,Science,Annual Exam,100,46.9
7521,314,33,English,Unit Test 1,25,9.0
7522,314,33,English,Unit Test 2,25,11.1
7523,314,33,English,Half Yearly,100,41.8
7524,314,33,English,Annual Exam,100,42.2
7525,314,34,Social Studies,Unit Test 1,25,12.7
7526,314,34,Social Studies,Unit Test 2,25,12.4
7527,314,34,Social Studies,Half Yearly,100,60.8
7528,314,34,Social Studies,Annual Exam,100,54.4
7529,314,35,Telugu,Unit Test 1,25,12.3
7530,314,35,Telugu,Unit Test 2,25,12.7
7531,314,35,Telugu,Half Yearly,100,59.8
7532,314,35,Telugu,Annual Exam,100,67.5
7533,314,36,Computer Science,Unit Test 1,25,16.7
7534,314,36,Computer Science,Unit Test 2,25,13.9
7535,314,36,Computer Science,Half Yearly,100,63.6
7536,314,36,Computer Science,Annual Exam,100,48.7
7537,315,31,Mathematics,Unit Test 1,25,18.4
7538,315,31,Mathematics,Unit Test 2,25,19.5
7539,315,31,Mathematics,Half Yearly,100,84.2
7540,315,31,Mathematics,Annual Exam,100,85.8
7541,315,32,Science,Unit Test 1,25,19.5
7542,315,32,Science,Unit Test 2,25,22.2
7543,315,32,Science,Half Yearly,100,90.2
7544,315,32,Science,Annual Exam,100,84.0
7545,315,33,English,Unit Test 1,25,18.4
7546,315,33,English,Unit Test 2,25,19.1
7547,315,33,English,Half Yearly,100,71.1
7548,315,33,English,Annual Exam,100,80.3
7549,315,34,Social Studies,Unit Test 1,25,19.5
7550,315,34,Social Studies,Unit Test 2,25,15.7
7551,315,34,Social Studies,Half Yearly,100,76.4
7552,315,34,Social Studies,Annual Exam,100,84.9
7553,315,35,Telugu,Unit Test 1,25,17.5
7554,315,35,Telugu,Unit Test 2,25,15.2
7555,315,35,Telugu,Half Yearly,100,61.7
7556,315,35,Telugu,Annual Exam,100,69.8
7557,315,36,Computer Science,Unit Test 1,25,17.7
7558,315,36,Computer Science,Unit Test 2,25,18.4
7559,315,36,Computer Science,Half Yearly,100,66.7
7560,315,36,Computer Science,Annual Exam,100,77.1
7561,316,31,Mathematics,Unit Test 1,25,12.2
7562,316,31,Mathematics,Unit Test 2,25,15.0
7563,316,31,Mathematics,Half Yearly,100,35.9
7564,316,31,Mathematics,Annual Exam,100,55.3
7565,316,32,Science,Unit Test 1,25,14.3
7566,316,32,Science,Unit Test 2,25,9.4
7567,316,32,Science,Half Yearly,100,57.1
7568,316,32,Science,Annual Exam,100,63.1
7569,316,33,English,Unit Test 1,25,14.0
7570,316,33,English,Unit Test 2,25,11.2
7571,316,33,English,Half Yearly,100,49.5
7572,316,33,English,Annual Exam,100,58.4
7573,316,34,Social Studies,Unit Test 1,25,11.4
7574,316,34,Social Studies,Unit Test 2,25,7.9
7575,316,34,Social Studies,Half Yearly,100,36.4
7576,316,34,Social Studies,Annual Exam,100,31.6
7577,316,35,Telugu,Unit Test 1,25,13.5
7578,316,35,Telugu,Unit Test 2,25,14.3
7579,316,35,Telugu,Half Yearly,100,51.8
7580,316,35,Telugu,Annual Exam,100,54.0
7581,316,36,Computer Science,Unit Test 1,25,11.5
7582,316,36,Computer Science,Unit Test 2,25,10.9
7583,316,36,Computer Science,Half Yearly,100,42.3
7584,316,36,Computer Science,Annual Exam,100,43.2
7585,317,31,Mathematics,Unit Test 1,25,21.6
7586,317,31,Mathematics,Unit Test 2,25,18.9
7587,317,31,Mathematics,Half Yearly,100,88.0
7588,317,31,Mathematics,Annual Exam,100,100.0
7589,317,32,Science,Unit Test 1,25,17.3
7590,317,32,Science,Unit Test 2,25,18.6
7591,317,32,Science,Half Yearly,100,67.9
7592,317,32,Science,Annual Exam,100,88.2
7593,317,33,English,Unit Test 1,25,22.2
7594,317,33,English,Unit Test 2,25,15.4
7595,317,33,English,Half Yearly,100,83.4
7596,317,33,English,Annual Exam,100,59.8
7597,317,34,Social Studies,Unit Test 1,25,15.9
7598,317,34,Social Studies,Unit Test 2,25,22.0
7599,317,34,Social Studies,Half Yearly,100,80.8
7600,317,34,Social Studies,Annual Exam,100,86.2
7601,317,35,Telugu,Unit Test 1,25,18.3
7602,317,35,Telugu,Unit Test 2,25,20.1
7603,317,35,Telugu,Half Yearly,100,70.1
7604,317,35,Telugu,Annual Exam,100,93.7
7605,317,36,Computer Science,Unit Test 1,25,17.0
7606,317,36,Computer Science,Unit Test 2,25,20.3
7607,317,36,Computer Science,Half Yearly,100,68.1
7608,317,36,Computer Science,Annual Exam,100,70.2
7609,318,31,Mathematics,Unit Test 1,25,17.9
7610,318,31,Mathematics,Unit Test 2,25,17.3
7611,318,31,Mathematics,Half Yearly,100,86.5
7612,318,31,Mathematics,Annual Exam,100,76.6
7613,318,32,Science,Unit Test 1,25,16.8
7614,318,32,Science,Unit Test 2,25,12.6
7615,318,32,Science,Half Yearly,100,61.1
7616,318,32,Science,Annual Exam,100,62.8
7617,318,33,English,Unit Test 1,25,20.2
7618,318,33,English,Unit Test 2,25,17.2
7619,318,33,English,Half Yearly,100,70.9
7620,318,33,English,Annual Exam,100,78.0
7621,318,34,Social Studies,Unit Test 1,25,18.6
7622,318,34,Social Studies,Unit Test 2,25,19.4
7623,318,34,Social Studies,Half Yearly,100,82.2
7624,318,34,Social Studies,Annual Exam,100,71.8
7625,318,35,Telugu,Unit Test 1,25,15.6
7626,318,35,Telugu,Unit Test 2,25,16.9
7627,318,35,Telugu,Half Yearly,100,74.4
7628,318,35,Telugu,Annual Exam,100,69.6
7629,318,36,Computer Science,Unit Test 1,25,20.6
7630,318,36,Computer Science,Unit Test 2,25,14.0
7631,318,36,Computer Science,Half Yearly,100,67.5
7632,318,36,Computer Science,Annual Exam,100,80.2
7633,319,31,Mathematics,Unit Test 1,25,19.2
7634,319,31,Mathematics,Unit Test 2,25,19.3
7635,319,31,Mathematics,Half Yearly,100,71.1
7636,319,31,Mathematics,Annual Exam,100,67.4
7637,319,32,Science,Unit Test 1,25,19.1
7638,319,32,Science,Unit Test 2,25,18.6
7639,319,32,Science,Half Yearly,100,60.5
7640,319,32,Science,Annual Exam,100,71.9
7641,319,33,English,Unit Test 1,25,21.7
7642,319,33,English,Unit Test 2,25,16.5
7643,319,33,English,Half Yearly,100,67.4
7644,319,33,English,Annual Exam,100,73.6
7645,319,34,Social Studies,Unit Test 1,25,18.0
7646,319,34,Social Studies,Unit Test 2,25,15.3
7647,319,34,Social Studies,Half Yearly,100,75.6
7648,319,34,Social Studies,Annual Exam,100,85.3
7649,319,35,Telugu,Unit Test 1,25,13.8
7650,319,35,Telugu,Unit Test 2,25,17.4
7651,319,35,Telugu,Half Yearly,100,74.3
7652,319,35,Telugu,Annual Exam,100,58.5
7653,319,36,Computer Science,Unit Test 1,25,15.3
7654,319,36,Computer Science,Unit Test 2,25,16.5
7655,319,36,Computer Science,Half Yearly,100,65.7
7656,319,36,Computer Science,Annual Exam,100,54.1
7657,320,31,Mathematics,Unit Test 1,25,20.9
7658,320,31,Mathematics,Unit Test 2,25,17.3
7659,320,31,Mathematics,Half Yearly,100,57.5
7660,320,31,Mathematics,Annual Exam,100,70.2
7661,320,32,Science,Unit Test 1,25,13.5
7662,320,32,Science,Unit Test 2,25,16.2
7663,320,32,Science,Half Yearly,100,67.4
7664,320,32,Science,Annual Exam,100,55.8
7665,320,33,English,Unit Test 1,25,15.7
7666,320,33,English,Unit Test 2,25,14.4
7667,320,33,English,Half Yearly,100,63.1
7668,320,33,English,Annual Exam,100,51.5
7669,320,34,Social Studies,Unit Test 1,25,13.9
7670,320,34,Social Studies,Unit Test 2,25,13.0
7671,320,34,Social Studies,Half Yearly,100,56.4
7672,320,34,Social Studies,Annual Exam,100,53.3
7673,320,35,Telugu,Unit Test 1,25,13.6
7674,320,35,Telugu,Unit Test 2,25,15.0
7675,320,35,Telugu,Half Yearly,100,62.9
7676,320,35,Telugu,Annual Exam,100,50.1
7677,320,36,Computer Science,Unit Test 1,25,16.8
7678,320,36,Computer Science,Unit Test 2,25,14.3
7679,320,36,Computer Science,Half Yearly,100,44.0
7680,320,36,Computer Science,Annual Exam,100,51.8
7681,321,31,Mathematics,Unit Test 1,25,25.0
7682,321,31,Mathematics,Unit Test 2,25,25.0
7683,321,31,Mathematics,Half Yearly,100,93.1
7684,321,31,Mathematics,Annual Exam,100,97.7
7685,321,32,Science,Unit Test 1,25,20.3
7686,321,32,Science,Unit Test 2,25,20.6
7687,321,32,Science,Half Yearly,100,68.6
7688,321,32,Science,Annual Exam,100,79.3
7689,321,33,English,Unit Test 1,25,19.9
7690,321,33,English,Unit Test 2,25,20.7
7691,321,33,English,Half Yearly,100,81.2
7692,321,33,English,Annual Exam,100,94.3
7693,321,34,Social Studies,Unit Test 1,25,23.2
7694,321,34,Social Studies,Unit Test 2,25,21.4
7695,321,34,Social Studies,Half Yearly,100,88.4
7696,321,34,Social Studies,Annual Exam,100,80.3
7697,321,35,Telugu,Unit Test 1,25,22.1
7698,321,35,Telugu,Unit Test 2,25,21.4
7699,321,35,Telugu,Half Yearly,100,75.3
7700,321,35,Telugu,Annual Exam,100,87.2
7701,321,36,Computer Science,Unit Test 1,25,19.4
7702,321,36,Computer Science,Unit Test 2,25,20.9
7703,321,36,Computer Science,Half Yearly,100,80.4
7704,321,36,Computer Science,Annual Exam,100,86.6
7705,322,31,Mathematics,Unit Test 1,25,17.6
7706,322,31,Mathematics,Unit Test 2,25,18.0
7707,322,31,Mathematics,Half Yearly,100,78.2
7708,322,31,Mathematics,Annual Exam,100,87.2
7709,322,32,Science,Unit Test 1,25,16.6
7710,322,32,Science,Unit Test 2,25,17.0
7711,322,32,Science,Half Yearly,100,73.5
7712,322,32,Science,Annual Exam,100,74.4
7713,322,33,English,Unit Test 1,25,19.5
7714,322,33,English,Unit Test 2,25,20.9
7715,322,33,English,Half Yearly,100,82.4
7716,322,33,English,Annual Exam,100,75.9
7717,322,34,Social Studies,Unit Test 1,25,21.0
7718,322,34,Social Studies,Unit Test 2,25,21.1
7719,322,34,Social Studies,Half Yearly,100,85.3
7720,322,34,Social Studies,Annual Exam,100,74.2
7721,322,35,Telugu,Unit Test 1,25,21.0
7722,322,35,Telugu,Unit Test 2,25,21.7
7723,322,35,Telugu,Half Yearly,100,64.6
7724,322,35,Telugu,Annual Exam,100,69.9
7725,322,36,Computer Science,Unit Test 1,25,21.6
7726,322,36,Computer Science,Unit Test 2,25,16.1
7727,322,36,Computer Science,Half Yearly,100,67.5
7728,322,36,Computer Science,Annual Exam,100,65.6
7729,323,31,Mathematics,Unit Test 1,25,6.5
7730,323,31,Mathematics,Unit Test 2,25,6.5
7731,323,31,Mathematics,Half Yearly,100,29.7
7732,323,31,Mathematics,Annual Exam,100,33.8
7733,323,32,Science,Unit Test 1,25,11.1
7734,323,32,Science,Unit Test 2,25,11.8
7735,323,32,Science,Half Yearly,100,53.0
7736,323,32,Science,Annual Exam,100,55.5
7737,323,33,English,Unit Test 1,25,11.8
7738,323,33,English,Unit Test 2,25,15.4
7739,323,33,English,Half Yearly,100,71.4
7740,323,33,English,Annual Exam,100,47.9
7741,323,34,Social Studies,Unit Test 1,25,6.2
7742,323,34,Social Studies,Unit Test 2,25,9.4
7743,323,34,Social Studies,Half Yearly,100,29.6
7744,323,34,Social Studies,Annual Exam,100,38.4
7745,323,35,Telugu,Unit Test 1,25,10.8
7746,323,35,Telugu,Unit Test 2,25,15.6
7747,323,35,Telugu,Half Yearly,100,39.7
7748,323,35,Telugu,Annual Exam,100,51.2
7749,323,36,Computer Science,Unit Test 1,25,10.8
7750,323,36,Computer Science,Unit Test 2,25,9.0
7751,323,36,Computer Science,Half Yearly,100,50.2
7752,323,36,Computer Science,Annual Exam,100,44.0
7753,324,31,Mathematics,Unit Test 1,25,12.6
7754,324,31,Mathematics,Unit Test 2,25,13.4
7755,324,31,Mathematics,Half Yearly,100,58.3
7756,324,31,Mathematics,Annual Exam,100,55.4
7757,324,32,Science,Unit Test 1,25,11.7
7758,324,32,Science,Unit Test 2,25,8.5
7759,324,32,Science,Half Yearly,100,41.1
7760,324,32,Science,Annual Exam,100,40.0
7761,324,33,English,Unit Test 1,25,14.0
7762,324,33,English,Unit Test 2,25,14.8
7763,324,33,English,Half Yearly,100,58.2
7764,324,33,English,Annual Exam,100,55.0
7765,324,34,Social Studies,Unit Test 1,25,11.4
7766,324,34,Social Studies,Unit Test 2,25,10.5
7767,324,34,Social Studies,Half Yearly,100,37.6
7768,324,34,Social Studies,Annual Exam,100,39.0
7769,324,35,Telugu,Unit Test 1,25,10.6
7770,324,35,Telugu,Unit Test 2,25,10.7
7771,324,35,Telugu,Half Yearly,100,39.5
7772,324,35,Telugu,Annual Exam,100,66.4
7773,324,36,Computer Science,Unit Test 1,25,12.7
7774,324,36,Computer Science,Unit Test 2,25,10.7
7775,324,36,Computer Science,Half Yearly,100,55.7
7776,324,36,Computer Science,Annual Exam,100,36.4
7777,325,31,Mathematics,Unit Test 1,25,13.1
7778,325,31,Mathematics,Unit Test 2,25,14.5
7779,325,31,Mathematics,Half Yearly,100,59.9
7780,325,31,Mathematics,Annual Exam,100,48.4
7781,325,32,Science,Unit Test 1,25,14.3
7782,325,32,Science,Unit Test 2,25,10.4
7783,325,32,Science,Half Yearly,100,62.5
7784,325,32,Science,Annual Exam,100,48.0
7785,325,33,English,Unit Test 1,25,13.7
7786,325,33,English,Unit Test 2,25,12.1
7787,325,33,English,Half Yearly,100,52.6
7788,325,33,English,Annual Exam,100,56.7
7789,325,34,Social Studies,Unit Test 1,25,14.3
7790,325,34,Social Studies,Unit Test 2,25,16.6
7791,325,34,Social Studies,Half Yearly,100,55.4
7792,325,34,Social Studies,Annual Exam,100,65.5
7793,325,35,Telugu,Unit Test 1,25,15.1
7794,325,35,Telugu,Unit Test 2,25,18.6
7795,325,35,Telugu,Half Yearly,100,59.5
7796,325,35,Telugu,Annual Exam,100,48.4
7797,325,36,Computer Science,Unit Test 1,25,14.1
7798,325,36,Computer Science,Unit Test 2,25,18.7
7799,325,36,Computer Science,Half Yearly,100,55.5
7800,325,36,Computer Science,Annual Exam,100,51.0
7801,326,31,Mathematics,Unit Test 1,25,20.7
7802,326,31,Mathematics,Unit Test 2,25,23.1
7803,326,31,Mathematics,Half Yearly,100,92.9
7804,326,31,Mathematics,Annual Exam,100,87.9
7805,326,32,Science,Unit Test 1,25,17.4
7806,326,32,Science,Unit Test 2,25,19.6
7807,326,32,Science,Half Yearly,100,90.9
7808,326,32,Science,Annual Exam,100,81.4
7809,326,33,English,Unit Test 1,25,17.8
7810,326,33,English,Unit Test 2,25,21.2
7811,326,33,English,Half Yearly,100,86.3
7812,326,33,English,Annual Exam,100,83.9
7813,326,34,Social Studies,Unit Test 1,25,18.2
7814,326,34,Social Studies,Unit Test 2,25,18.0
7815,326,34,Social Studies,Half Yearly,100,76.1
7816,326,34,Social Studies,Annual Exam,100,67.2
7817,326,35,Telugu,Unit Test 1,25,24.2
7818,326,35,Telugu,Unit Test 2,25,18.4
7819,326,35,Telugu,Half Yearly,100,78.9
7820,326,35,Telugu,Annual Exam,100,85.3
7821,326,36,Computer Science,Unit Test 1,25,19.8
7822,326,36,Computer Science,Unit Test 2,25,20.6
7823,326,36,Computer Science,Half Yearly,100,78.8
7824,326,36,Computer Science,Annual Exam,100,81.9
7825,327,31,Mathematics,Unit Test 1,25,16.5
7826,327,31,Mathematics,Unit Test 2,25,16.3
7827,327,31,Mathematics,Half Yearly,100,60.7
7828,327,31,Mathematics,Annual Exam,100,73.0
7829,327,32,Science,Unit Test 1,25,14.9
7830,327,32,Science,Unit Test 2,25,14.8
7831,327,32,Science,Half Yearly,100,66.6
7832,327,32,Science,Annual Exam,100,62.1
7833,327,33,English,Unit Test 1,25,12.0
7834,327,33,English,Unit Test 2,25,15.6
7835,327,33,English,Half Yearly,100,65.3
7836,327,33,English,Annual Exam,100,73.9
7837,327,34,Social Studies,Unit Test 1,25,15.8
7838,327,34,Social Studies,Unit Test 2,25,18.3
7839,327,34,Social Studies,Half Yearly,100,62.2
7840,327,34,Social Studies,Annual Exam,100,76.7
7841,327,35,Telugu,Unit Test 1,25,14.4
7842,327,35,Telugu,Unit Test 2,25,14.0
7843,327,35,Telugu,Half Yearly,100,70.1
7844,327,35,Telugu,Annual Exam,100,66.0
7845,327,36,Computer Science,Unit Test 1,25,19.7
7846,327,36,Computer Science,Unit Test 2,25,15.1
7847,327,36,Computer Science,Half Yearly,100,79.8
7848,327,36,Computer Science,Annual Exam,100,88.6
7849,328,31,Mathematics,Unit Test 1,25,15.7
7850,328,31,Mathematics,Unit Test 2,25,15.7
7851,328,31,Mathematics,Half Yearly,100,63.6
7852,328,31,Mathematics,Annual Exam,100,55.6
7853,328,32,Science,Unit Test 1,25,15.1
7854,328,32,Science,Unit Test 2,25,15.8
7855,328,32,Science,Half Yearly,100,57.5
7856,328,32,Science,Annual Exam,100,54.9
7857,328,33,English,Unit Test 1,25,14.2
7858,328,33,English,Unit Test 2,25,16.6
7859,328,33,English,Half Yearly,100,55.4
7860,328,33,English,Annual Exam,100,55.1
7861,328,34,Social Studies,Unit Test 1,25,18.0
7862,328,34,Social Studies,Unit Test 2,25,16.4
7863,328,34,Social Studies,Half Yearly,100,69.4
7864,328,34,Social Studies,Annual Exam,100,64.5
7865,328,35,Telugu,Unit Test 1,25,17.6
7866,328,35,Telugu,Unit Test 2,25,20.1
7867,328,35,Telugu,Half Yearly,100,84.6
7868,328,35,Telugu,Annual Exam,100,71.0
7869,328,36,Computer Science,Unit Test 1,25,12.0
7870,328,36,Computer Science,Unit Test 2,25,14.7
7871,328,36,Computer Science,Half Yearly,100,59.1
7872,328,36,Computer Science,Annual Exam,100,55.9
7873,329,31,Mathematics,Unit Test 1,25,16.6
7874,329,31,Mathematics,Unit Test 2,25,15.2
7875,329,31,Mathematics,Half Yearly,100,57.5
7876,329,31,Mathematics,Annual Exam,100,64.7
7877,329,32,Science,Unit Test 1,25,16.0
7878,329,32,Science,Unit Test 2,25,14.7
7879,329,32,Science,Half Yearly,100,65.6
7880,329,32,Science,Annual Exam,100,64.4
7881,329,33,English,Unit Test 1,25,18.5
7882,329,33,English,Unit Test 2,25,16.9
7883,329,33,English,Half Yearly,100,63.9
7884,329,33,English,Annual Exam,100,42.1
7885,329,34,Social Studies,Unit Test 1,25,10.4
7886,329,34,Social Studies,Unit Test 2,25,10.5
7887,329,34,Social Studies,Half Yearly,100,33.6
7888,329,34,Social Studies,Annual Exam,100,50.2
7889,329,35,Telugu,Unit Test 1,25,15.2
7890,329,35,Telugu,Unit Test 2,25,8.8
7891,329,35,Telugu,Half Yearly,100,51.3
7892,329,35,Telugu,Annual Exam,100,64.9
7893,329,36,Computer Science,Unit Test 1,25,18.2
7894,329,36,Computer Science,Unit Test 2,25,17.7
7895,329,36,Computer Science,Half Yearly,100,58.4
7896,329,36,Computer Science,Annual Exam,100,62.5
7897,330,31,Mathematics,Unit Test 1,25,19.6
7898,330,31,Mathematics,Unit Test 2,25,22.3
7899,330,31,Mathematics,Half Yearly,100,88.9
7900,330,31,Mathematics,Annual Exam,100,81.6
7901,330,32,Science,Unit Test 1,25,25.0
7902,330,32,Science,Unit Test 2,25,25.0
7903,330,32,Science,Half Yearly,100,89.7
7904,330,32,Science,Annual Exam,100,94.2
7905,330,33,English,Unit Test 1,25,18.9
7906,330,33,English,Unit Test 2,25,21.4
7907,330,33,English,Half Yearly,100,82.0
7908,330,33,English,Annual Exam,100,97.9
7909,330,34,Social Studies,Unit Test 1,25,18.5
7910,330,34,Social Studies,Unit Test 2,25,18.9
7911,330,34,Social Studies,Half Yearly,100,95.5
7912,330,34,Social Studies,Annual Exam,100,96.0
7913,330,35,Telugu,Unit Test 1,25,21.0
7914,330,35,Telugu,Unit Test 2,25,25.0
7915,330,35,Telugu,Half Yearly,100,90.1
7916,330,35,Telugu,Annual Exam,100,94.1
7917,330,36,Computer Science,Unit Test 1,25,23.4
7918,330,36,Computer Science,Unit Test 2,25,21.0
7919,330,36,Computer Science,Half Yearly,100,96.0
7920,330,36,Computer Science,Annual Exam,100,84.6
7921,331,31,Mathematics,Unit Test 1,25,10.4
7922,331,31,Mathematics,Unit Test 2,25,17.1
7923,331,31,Mathematics,Half Yearly,100,64.0
7924,331,31,Mathematics,Annual Exam,100,76.4
7925,331,32,Science,Unit Test 1,25,10.3
7926,331,32,Science,Unit Test 2,25,12.9
7927,331,32,Science,Half Yearly,100,53.0
7928,331,32,Science,Annual Exam,100,47.9
7929,331,33,English,Unit Test 1,25,13.6
7930,331,33,English,Unit Test 2,25,14.4
7931,331,33,English,Half Yearly,100,59.5
7932,331,33,English,Annual Exam,100,47.1
7933,331,34,Social Studies,Unit Test 1,25,10.5
7934,331,34,Social Studies,Unit Test 2,25,16.3
7935,331,34,Social Studies,Half Yearly,100,44.9
7936,331,34,Social Studies,Annual Exam,100,39.7
7937,331,35,Telugu,Unit Test 1,25,13.1
7938,331,35,Telugu,Unit Test 2,25,12.2
7939,331,35,Telugu,Half Yearly,100,67.5
7940,331,35,Telugu,Annual Exam,100,52.6
7941,331,36,Computer Science,Unit Test 1,25,19.2
7942,331,36,Computer Science,Unit Test 2,25,12.0
7943,331,36,Computer Science,Half Yearly,100,64.1
7944,331,36,Computer Science,Annual Exam,100,56.0
7945,332,31,Mathematics,Unit Test 1,25,22.2
7946,332,31,Mathematics,Unit Test 2,25,18.4
7947,332,31,Mathematics,Half Yearly,100,78.5
7948,332,31,Mathematics,Annual Exam,100,73.8
7949,332,32,Science,Unit Test 1,25,16.8
7950,332,32,Science,Unit Test 2,25,17.7
7951,332,32,Science,Half Yearly,100,65.1
7952,332,32,Science,Annual Exam,100,79.8
7953,332,33,English,Unit Test 1,25,17.4
7954,332,33,English,Unit Test 2,25,19.4
7955,332,33,English,Half Yearly,100,77.2
7956,332,33,English,Annual Exam,100,76.8
7957,332,34,Social Studies,Unit Test 1,25,19.2
7958,332,34,Social Studies,Unit Test 2,25,20.7
7959,332,34,Social Studies,Half Yearly,100,91.7
7960,332,34,Social Studies,Annual Exam,100,77.4
7961,332,35,Telugu,Unit Test 1,25,19.6
7962,332,35,Telugu,Unit Test 2,25,18.9
7963,332,35,Telugu,Half Yearly,100,84.1
7964,332,35,Telugu,Annual Exam,100,69.1
7965,332,36,Computer Science,Unit Test 1,25,20.7
7966,332,36,Computer Science,Unit Test 2,25,17.3
7967,332,36,Computer Science,Half Yearly,100,84.0
7968,332,36,Computer Science,Annual Exam,100,80.4
7969,333,31,Mathematics,Unit Test 1,25,20.7
7970,333,31,Mathematics,Unit Test 2,25,21.8
7971,333,31,Mathematics,Half Yearly,100,94.9
7972,333,31,Mathematics,Annual Exam,100,93.8
7973,333,32,Science,Unit Test 1,25,21.1
7974,333,32,Science,Unit Test 2,25,22.0
7975,333,32,Science,Half Yearly,100,70.2
7976,333,32,Science,Annual Exam,100,78.6
7977,333,33,English,Unit Test 1,25,22.3
7978,333,33,English,Unit Test 2,25,18.9
7979,333,33,English,Half Yearly,100,64.0
7980,333,33,English,Annual Exam,100,78.3
7981,333,34,Social Studies,Unit Test 1,25,22.5
7982,333,34,Social Studies,Unit Test 2,25,24.0
7983,333,34,Social Studies,Half Yearly,100,86.9
7984,333,34,Social Studies,Annual Exam,100,100.0
7985,333,35,Telugu,Unit Test 1,25,17.7
7986,333,35,Telugu,Unit Test 2,25,20.3
7987,333,35,Telugu,Half Yearly,100,79.8
7988,333,35,Telugu,Annual Exam,100,65.9
7989,333,36,Computer Science,Unit Test 1,25,20.2
7990,333,36,Computer Science,Unit Test 2,25,20.0
7991,333,36,Computer Science,Half Yearly,100,86.6
7992,333,36,Computer Science,Annual Exam,100,70.4
7993,334,31,Mathematics,Unit Test 1,25,16.8
7994,334,31,Mathematics,Unit Test 2,25,13.1
7995,334,31,Mathematics,Half Yearly,100,57.9
7996,334,31,Mathematics,Annual Exam,100,57.3
7997,334,32,Science,Unit Test 1,25,15.2
7998,334,32,Science,Unit Test 2,25,13.2
7999,334,32,Science,Half Yearly,100,47.8
8000,334,32,Science,Annual Exam,100,59.5
8001,334,33,English,Unit Test 1,25,18.8
8002,334,33,English,Unit Test 2,25,12.1
8003,334,33,English,Half Yearly,100,57.1
8004,334,33,English,Annual Exam,100,47.3
8005,334,34,Social Studies,Unit Test 1,25,16.3
8006,334,34,Social Studies,Unit Test 2,25,14.0
8007,334,34,Social Studies,Half Yearly,100,58.2
8008,334,34,Social Studies,Annual Exam,100,67.1
8009,334,35,Telugu,Unit Test 1,25,12.7
8010,334,35,Telugu,Unit Test 2,25,18.6
8011,334,35,Telugu,Half Yearly,100,55.2
8012,334,35,Telugu,Annual Exam,100,59.9
8013,334,36,Computer Science,Unit Test 1,25,16.8
8014,334,36,Computer Science,Unit Test 2,25,18.1
8015,334,36,Computer Science,Half Yearly,100,66.5
8016,334,36,Computer Science,Annual Exam,100,56.7
8017,335,31,Mathematics,Unit Test 1,25,21.6
8018,335,31,Mathematics,Unit Test 2,25,16.8
8019,335,31,Mathematics,Half Yearly,100,79.1
8020,335,31,Mathematics,Annual Exam,100,79.3
8021,335,32,Science,Unit Test 1,25,15.1
8022,335,32,Science,Unit Test 2,25,17.4
8023,335,32,Science,Half Yearly,100,68.7
8024,335,32,Science,Annual Exam,100,64.4
8025,335,33,English,Unit Test 1,25,23.1
8026,335,33,English,Unit Test 2,25,18.9
8027,335,33,English,Half Yearly,100,69.6
8028,335,33,English,Annual Exam,100,83.7
8029,335,34,Social Studies,Unit Test 1,25,20.6
8030,335,34,Social Studies,Unit Test 2,25,21.1
8031,335,34,Social Studies,Half Yearly,100,82.6
8032,335,34,Social Studies,Annual Exam,100,75.1
8033,335,35,Telugu,Unit Test 1,25,18.1
8034,335,35,Telugu,Unit Test 2,25,13.2
8035,335,35,Telugu,Half Yearly,100,73.5
8036,335,35,Telugu,Annual Exam,100,68.2
8037,335,36,Computer Science,Unit Test 1,25,20.3
8038,335,36,Computer Science,Unit Test 2,25,21.8
8039,335,36,Computer Science,Half Yearly,100,70.4
8040,335,36,Computer Science,Annual Exam,100,96.0
8041,336,31,Mathematics,Unit Test 1,25,22.5
8042,336,31,Mathematics,Unit Test 2,25,22.7
8043,336,31,Mathematics,Half Yearly,100,73.0
8044,336,31,Mathematics,Annual Exam,100,89.0
8045,336,32,Science,Unit Test 1,25,22.0
8046,336,32,Science,Unit Test 2,25,23.0
8047,336,32,Science,Half Yearly,100,88.4
8048,336,32,Science,Annual Exam,100,100.0
8049,336,33,English,Unit Test 1,25,22.1
8050,336,33,English,Unit Test 2,25,23.3
8051,336,33,English,Half Yearly,100,73.3
8052,336,33,English,Annual Exam,100,86.1
8053,336,34,Social Studies,Unit Test 1,25,25.0
8054,336,34,Social Studies,Unit Test 2,25,23.7
8055,336,34,Social Studies,Half Yearly,100,85.5
8056,336,34,Social Studies,Annual Exam,100,86.5
8057,336,35,Telugu,Unit Test 1,25,23.4
8058,336,35,Telugu,Unit Test 2,25,22.6
8059,336,35,Telugu,Half Yearly,100,98.6
8060,336,35,Telugu,Annual Exam,100,92.1
8061,336,36,Computer Science,Unit Test 1,25,19.8
8062,336,36,Computer Science,Unit Test 2,25,17.4
8063,336,36,Computer Science,Half Yearly,100,86.3
8064,336,36,Computer Science,Annual Exam,100,61.1
8065,337,31,Mathematics,Unit Test 1,25,21.1
8066,337,31,Mathematics,Unit Test 2,25,22.5
8067,337,31,Mathematics,Half Yearly,100,100.0
8068,337,31,Mathematics,Annual Exam,100,73.0
8069,337,32,Science,Unit Test 1,25,19.2
8070,337,32,Science,Unit Test 2,25,18.4
8071,337,32,Science,Half Yearly,100,72.1
8072,337,32,Science,Annual Exam,100,78.1
8073,337,33,English,Unit Test 1,25,24.0
8074,337,33,English,Unit Test 2,25,14.6
8075,337,33,English,Half Yearly,100,100.0
8076,337,33,English,Annual Exam,100,84.5
8077,337,34,Social Studies,Unit Test 1,25,17.2
8078,337,34,Social Studies,Unit Test 2,25,22.9
8079,337,34,Social Studies,Half Yearly,100,79.4
8080,337,34,Social Studies,Annual Exam,100,68.8
8081,337,35,Telugu,Unit Test 1,25,18.2
8082,337,35,Telugu,Unit Test 2,25,22.9
8083,337,35,Telugu,Half Yearly,100,67.2
8084,337,35,Telugu,Annual Exam,100,73.4
8085,337,36,Computer Science,Unit Test 1,25,18.7
8086,337,36,Computer Science,Unit Test 2,25,17.3
8087,337,36,Computer Science,Half Yearly,100,71.5
8088,337,36,Computer Science,Annual Exam,100,71.3
8089,338,31,Mathematics,Unit Test 1,25,16.1
8090,338,31,Mathematics,Unit Test 2,25,20.0
8091,338,31,Mathematics,Half Yearly,100,75.9
8092,338,31,Mathematics,Annual Exam,100,53.7
8093,338,32,Science,Unit Test 1,25,18.4
8094,338,32,Science,Unit Test 2,25,16.8
8095,338,32,Science,Half Yearly,100,56.7
8096,338,32,Science,Annual Exam,100,61.8
8097,338,33,English,Unit Test 1,25,15.5
8098,338,33,English,Unit Test 2,25,14.8
8099,338,33,English,Half Yearly,100,72.9
8100,338,33,English,Annual Exam,100,64.2
8101,338,34,Social Studies,Unit Test 1,25,13.8
8102,338,34,Social Studies,Unit Test 2,25,17.4
8103,338,34,Social Studies,Half Yearly,100,63.6
8104,338,34,Social Studies,Annual Exam,100,58.4
8105,338,35,Telugu,Unit Test 1,25,14.2
8106,338,35,Telugu,Unit Test 2,25,15.5
8107,338,35,Telugu,Half Yearly,100,50.8
8108,338,35,Telugu,Annual Exam,100,62.2
8109,338,36,Computer Science,Unit Test 1,25,15.5
8110,338,36,Computer Science,Unit Test 2,25,14.8
8111,338,36,Computer Science,Half Yearly,100,46.3
8112,338,36,Computer Science,Annual Exam,100,43.2
8113,339,31,Mathematics,Unit Test 1,25,17.7
8114,339,31,Mathematics,Unit Test 2,25,19.1
8115,339,31,Mathematics,Half Yearly,100,61.9
8116,339,31,Mathematics,Annual Exam,100,71.8
8117,339,32,Science,Unit Test 1,25,14.0
8118,339,32,Science,Unit Test 2,25,16.0
8119,339,32,Science,Half Yearly,100,61.6
8120,339,32,Science,Annual Exam,100,50.1
8121,339,33,English,Unit Test 1,25,20.6
8122,339,33,English,Unit Test 2,25,19.5
8123,339,33,English,Half Yearly,100,79.5
8124,339,33,English,Annual Exam,100,67.0
8125,339,34,Social Studies,Unit Test 1,25,19.4
8126,339,34,Social Studies,Unit Test 2,25,16.7
8127,339,34,Social Studies,Half Yearly,100,82.7
8128,339,34,Social Studies,Annual Exam,100,81.4
8129,339,35,Telugu,Unit Test 1,25,18.3
8130,339,35,Telugu,Unit Test 2,25,18.0
8131,339,35,Telugu,Half Yearly,100,81.3
8132,339,35,Telugu,Annual Exam,100,78.0
8133,339,36,Computer Science,Unit Test 1,25,15.1
8134,339,36,Computer Science,Unit Test 2,25,19.5
8135,339,36,Computer Science,Half Yearly,100,51.4
8136,339,36,Computer Science,Annual Exam,100,67.3
8137,340,31,Mathematics,Unit Test 1,25,15.5
8138,340,31,Mathematics,Unit Test 2,25,10.4
8139,340,31,Mathematics,Half Yearly,100,52.0
8140,340,31,Mathematics,Annual Exam,100,46.1
8141,340,32,Science,Unit Test 1,25,12.0
8142,340,32,Science,Unit Test 2,25,14.1
8143,340,32,Science,Half Yearly,100,52.1
8144,340,32,Science,Annual Exam,100,51.7
8145,340,33,English,Unit Test 1,25,13.8
8146,340,33,English,Unit Test 2,25,11.0
8147,340,33,English,Half Yearly,100,43.2
8148,340,33,English,Annual Exam,100,49.6
8149,340,34,Social Studies,Unit Test 1,25,12.5
8150,340,34,Social Studies,Unit Test 2,25,12.4
8151,340,34,Social Studies,Half Yearly,100,45.7
8152,340,34,Social Studies,Annual Exam,100,51.0
8153,340,35,Telugu,Unit Test 1,25,13.9
8154,340,35,Telugu,Unit Test 2,25,10.7
8155,340,35,Telugu,Half Yearly,100,75.4
8156,340,35,Telugu,Annual Exam,100,71.0
8157,340,36,Computer Science,Unit Test 1,25,13.5
8158,340,36,Computer Science,Unit Test 2,25,15.6
8159,340,36,Computer Science,Half Yearly,100,63.6
8160,340,36,Computer Science,Annual Exam,100,48.8
8161,341,31,Mathematics,Unit Test 1,25,13.8
8162,341,31,Mathematics,Unit Test 2,25,13.9
8163,341,31,Mathematics,Half Yearly,100,60.3
8164,341,31,Mathematics,Annual Exam,100,45.7
8165,341,32,Science,Unit Test 1,25,11.5
8166,341,32,Science,Unit Test 2,25,16.1
8167,341,32,Science,Half Yearly,100,66.5
8168,341,32,Science,Annual Exam,100,64.0
8169,341,33,English,Unit Test 1,25,15.3
8170,341,33,English,Unit Test 2,25,14.8
8171,341,33,English,Half Yearly,100,56.1
8172,341,33,English,Annual Exam,100,40.9
8173,341,34,Social Studies,Unit Test 1,25,8.0
8174,341,34,Social Studies,Unit Test 2,25,13.2
8175,341,34,Social Studies,Half Yearly,100,52.0
8176,341,34,Social Studies,Annual Exam,100,54.4
8177,341,35,Telugu,Unit Test 1,25,9.9
8178,341,35,Telugu,Unit Test 2,25,6.7
8179,341,35,Telugu,Half Yearly,100,48.6
8180,341,35,Telugu,Annual Exam,100,63.2
8181,341,36,Computer Science,Unit Test 1,25,8.2
8182,341,36,Computer Science,Unit Test 2,25,10.2
8183,341,36,Computer Science,Half Yearly,100,26.2
8184,341,36,Computer Science,Annual Exam,100,29.2
8185,342,31,Mathematics,Unit Test 1,25,16.6
8186,342,31,Mathematics,Unit Test 2,25,19.7
8187,342,31,Mathematics,Half Yearly,100,84.7
8188,342,31,Mathematics,Annual Exam,100,77.0
8189,342,32,Science,Unit Test 1,25,22.5
8190,342,32,Science,Unit Test 2,25,19.2
8191,342,32,Science,Half Yearly,100,81.3
8192,342,32,Science,Annual Exam,100,76.0
8193,342,33,English,Unit Test 1,25,21.3
8194,342,33,English,Unit Test 2,25,20.7
8195,342,33,English,Half Yearly,100,93.5
8196,342,33,English,Annual Exam,100,82.8
8197,342,34,Social Studies,Unit Test 1,25,21.3
8198,342,34,Social Studies,Unit Test 2,25,24.2
8199,342,34,Social Studies,Half Yearly,100,92.6
8200,342,34,Social Studies,Annual Exam,100,86.6
8201,342,35,Telugu,Unit Test 1,25,21.8
8202,342,35,Telugu,Unit Test 2,25,22.5
8203,342,35,Telugu,Half Yearly,100,89.1
8204,342,35,Telugu,Annual Exam,100,92.6
8205,342,36,Computer Science,Unit Test 1,25,21.8
8206,342,36,Computer Science,Unit Test 2,25,24.2
8207,342,36,Computer Science,Half Yearly,100,100.0
8208,342,36,Computer Science,Annual Exam,100,81.5
8209,343,31,Mathematics,Unit Test 1,25,20.5
8210,343,31,Mathematics,Unit Test 2,25,21.8
8211,343,31,Mathematics,Half Yearly,100,74.6
8212,343,31,Mathematics,Annual Exam,100,93.5
8213,343,32,Science,Unit Test 1,25,22.2
8214,343,32,Science,Unit Test 2,25,19.5
8215,343,32,Science,Half Yearly,100,93.2
8216,343,32,Science,Annual Exam,100,70.6
8217,343,33,English,Unit Test 1,25,21.1
8218,343,33,English,Unit Test 2,25,16.3
8219,343,33,English,Half Yearly,100,74.6
8220,343,33,English,Annual Exam,100,77.5
8221,343,34,Social Studies,Unit Test 1,25,22.0
8222,343,34,Social Studies,Unit Test 2,25,21.0
8223,343,34,Social Studies,Half Yearly,100,96.7
8224,343,34,Social Studies,Annual Exam,100,87.0
8225,343,35,Telugu,Unit Test 1,25,21.7
8226,343,35,Telugu,Unit Test 2,25,20.1
8227,343,35,Telugu,Half Yearly,100,69.8
8228,343,35,Telugu,Annual Exam,100,88.3
8229,343,36,Computer Science,Unit Test 1,25,17.5
8230,343,36,Computer Science,Unit Test 2,25,17.9
8231,343,36,Computer Science,Half Yearly,100,75.1
8232,343,36,Computer Science,Annual Exam,100,64.3
8233,344,31,Mathematics,Unit Test 1,25,19.4
8234,344,31,Mathematics,Unit Test 2,25,17.2
8235,344,31,Mathematics,Half Yearly,100,65.3
8236,344,31,Mathematics,Annual Exam,100,67.1
8237,344,32,Science,Unit Test 1,25,17.6
8238,344,32,Science,Unit Test 2,25,18.5
8239,344,32,Science,Half Yearly,100,62.7
8240,344,32,Science,Annual Exam,100,59.7
8241,344,33,English,Unit Test 1,25,14.3
8242,344,33,English,Unit Test 2,25,14.6
8243,344,33,English,Half Yearly,100,42.5
8244,344,33,English,Annual Exam,100,36.7
8245,344,34,Social Studies,Unit Test 1,25,13.0
8246,344,34,Social Studies,Unit Test 2,25,16.5
8247,344,34,Social Studies,Half Yearly,100,65.8
8248,344,34,Social Studies,Annual Exam,100,66.6
8249,344,35,Telugu,Unit Test 1,25,19.7
8250,344,35,Telugu,Unit Test 2,25,17.7
8251,344,35,Telugu,Half Yearly,100,83.5
8252,344,35,Telugu,Annual Exam,100,77.6
8253,344,36,Computer Science,Unit Test 1,25,18.4
8254,344,36,Computer Science,Unit Test 2,25,22.0
8255,344,36,Computer Science,Half Yearly,100,62.0
8256,344,36,Computer Science,Annual Exam,100,69.3
8257,345,31,Mathematics,Unit Test 1,25,11.9
8258,345,31,Mathematics,Unit Test 2,25,14.4
8259,345,31,Mathematics,Half Yearly,100,69.8
8260,345,31,Mathematics,Annual Exam,100,49.1
8261,345,32,Science,Unit Test 1,25,17.1
8262,345,32,Science,Unit Test 2,25,12.8
8263,345,32,Science,Half Yearly,100,79.8
8264,345,32,Science,Annual Exam,100,57.5
8265,345,33,English,Unit Test 1,25,16.0
8266,345,33,English,Unit Test 2,25,13.6
8267,345,33,English,Half Yearly,100,37.4
8268,345,33,English,Annual Exam,100,52.1
8269,345,34,Social Studies,Unit Test 1,25,12.1
8270,345,34,Social Studies,Unit Test 2,25,13.8
8271,345,34,Social Studies,Half Yearly,100,72.0
8272,345,34,Social Studies,Annual Exam,100,53.3
8273,345,35,Telugu,Unit Test 1,25,12.3
8274,345,35,Telugu,Unit Test 2,25,14.2
8275,345,35,Telugu,Half Yearly,100,52.9
8276,345,35,Telugu,Annual Exam,100,46.6
8277,345,36,Computer Science,Unit Test 1,25,12.0
8278,345,36,Computer Science,Unit Test 2,25,14.6
8279,345,36,Computer Science,Half Yearly,100,56.8
8280,345,36,Computer Science,Annual Exam,100,59.4
8281,346,31,Mathematics,Unit Test 1,25,14.3
8282,346,31,Mathematics,Unit Test 2,25,14.5
8283,346,31,Mathematics,Half Yearly,100,61.2
8284,346,31,Mathematics,Annual Exam,100,62.9
8285,346,32,Science,Unit Test 1,25,15.5
8286,346,32,Science,Unit Test 2,25,9.6
8287,346,32,Science,Half Yearly,100,51.0
8288,346,32,Science,Annual Exam,100,60.8
8289,346,33,English,Unit Test 1,25,10.3
8290,346,33,English,Unit Test 2,25,14.2
8291,346,33,English,Half Yearly,100,50.2
8292,346,33,English,Annual Exam,100,53.1
8293,346,34,Social Studies,Unit Test 1,25,13.5
8294,346,34,Social Studies,Unit Test 2,25,15.6
8295,346,34,Social Studies,Half Yearly,100,51.7
8296,346,34,Social Studies,Annual Exam,100,57.9
8297,346,35,Telugu,Unit Test 1,25,14.2
8298,346,35,Telugu,Unit Test 2,25,12.7
8299,346,35,Telugu,Half Yearly,100,59.3
8300,346,35,Telugu,Annual Exam,100,45.0
8301,346,36,Computer Science,Unit Test 1,25,15.3
8302,346,36,Computer Science,Unit Test 2,25,14.6
8303,346,36,Computer Science,Half Yearly,100,57.9
8304,346,36,Computer Science,Annual Exam,100,47.2
8305,347,31,Mathematics,Unit Test 1,25,12.2
8306,347,31,Mathematics,Unit Test 2,25,12.8
8307,347,31,Mathematics,Half Yearly,100,55.5
8308,347,31,Mathematics,Annual Exam,100,51.8
8309,347,32,Science,Unit Test 1,25,17.7
8310,347,32,Science,Unit Test 2,25,22.7
8311,347,32,Science,Half Yearly,100,53.2
8312,347,32,Science,Annual Exam,100,77.2
8313,347,33,English,Unit Test 1,25,18.5
8314,347,33,English,Unit Test 2,25,19.3
8315,347,33,English,Half Yearly,100,73.7
8316,347,33,English,Annual Exam,100,78.8
8317,347,34,Social Studies,Unit Test 1,25,19.8
8318,347,34,Social Studies,Unit Test 2,25,14.6
8319,347,34,Social Studies,Half Yearly,100,79.1
8320,347,34,Social Studies,Annual Exam,100,50.0
8321,347,35,Telugu,Unit Test 1,25,20.6
8322,347,35,Telugu,Unit Test 2,25,18.2
8323,347,35,Telugu,Half Yearly,100,76.4
8324,347,35,Telugu,Annual Exam,100,65.0
8325,347,36,Computer Science,Unit Test 1,25,19.6
8326,347,36,Computer Science,Unit Test 2,25,21.2
8327,347,36,Computer Science,Half Yearly,100,79.6
8328,347,36,Computer Science,Annual Exam,100,86.9
8329,348,31,Mathematics,Unit Test 1,25,24.3
8330,348,31,Mathematics,Unit Test 2,25,24.1
8331,348,31,Mathematics,Half Yearly,100,91.5
8332,348,31,Mathematics,Annual Exam,100,75.7
8333,348,32,Science,Unit Test 1,25,21.3
8334,348,32,Science,Unit Test 2,25,19.7
8335,348,32,Science,Half Yearly,100,100.0
8336,348,32,Science,Annual Exam,100,77.4
8337,348,33,English,Unit Test 1,25,23.4
8338,348,33,English,Unit Test 2,25,24.6
8339,348,33,English,Half Yearly,100,83.5
8340,348,33,English,Annual Exam,100,97.0
8341,348,34,Social Studies,Unit Test 1,25,23.2
8342,348,34,Social Studies,Unit Test 2,25,18.4
8343,348,34,Social Studies,Half Yearly,100,87.2
8344,348,34,Social Studies,Annual Exam,100,71.2
8345,348,35,Telugu,Unit Test 1,25,20.9
8346,348,35,Telugu,Unit Test 2,25,23.9
8347,348,35,Telugu,Half Yearly,100,81.0
8348,348,35,Telugu,Annual Exam,100,99.2
8349,348,36,Computer Science,Unit Test 1,25,20.3
8350,348,36,Computer Science,Unit Test 2,25,21.6
8351,348,36,Computer Science,Half Yearly,100,71.1
8352,348,36,Computer Science,Annual Exam,100,85.0
8353,349,31,Mathematics,Unit Test 1,25,14.9
8354,349,31,Mathematics,Unit Test 2,25,17.4
8355,349,31,Mathematics,Half Yearly,100,64.5
8356,349,31,Mathematics,Annual Exam,100,64.4
8357,349,32,Science,Unit Test 1,25,16.4
8358,349,32,Science,Unit Test 2,25,12.5
8359,349,32,Science,Half Yearly,100,83.8
8360,349,32,Science,Annual Exam,100,50.5
8361,349,33,English,Unit Test 1,25,16.7
8362,349,33,English,Unit Test 2,25,16.6
8363,349,33,English,Half Yearly,100,62.2
8364,349,33,English,Annual Exam,100,63.9
8365,349,34,Social Studies,Unit Test 1,25,13.8
8366,349,34,Social Studies,Unit Test 2,25,14.1
8367,349,34,Social Studies,Half Yearly,100,65.9
8368,349,34,Social Studies,Annual Exam,100,53.3
8369,349,35,Telugu,Unit Test 1,25,14.2
8370,349,35,Telugu,Unit Test 2,25,13.1
8371,349,35,Telugu,Half Yearly,100,53.0
8372,349,35,Telugu,Annual Exam,100,68.5
8373,349,36,Computer Science,Unit Test 1,25,19.2
8374,349,36,Computer Science,Unit Test 2,25,18.0
8375,349,36,Computer Science,Half Yearly,100,65.6
8376,349,36,Computer Science,Annual Exam,100,81.2
8377,350,31,Mathematics,Unit Test 1,25,13.7
8378,350,31,Mathematics,Unit Test 2,25,14.7
8379,350,31,Mathematics,Half Yearly,100,73.0
8380,350,31,Mathematics,Annual Exam,100,70.4
8381,350,32,Science,Unit Test 1,25,14.9
8382,350,32,Science,Unit Test 2,25,16.1
8383,350,32,Science,Half Yearly,100,71.9
8384,350,32,Science,Annual Exam,100,67.3
8385,350,33,English,Unit Test 1,25,18.3
8386,350,33,English,Unit Test 2,25,18.2
8387,350,33,English,Half Yearly,100,68.2
8388,350,33,English,Annual Exam,100,81.0
8389,350,34,Social Studies,Unit Test 1,25,13.4
8390,350,34,Social Studies,Unit Test 2,25,14.3
8391,350,34,Social Studies,Half Yearly,100,58.8
8392,350,34,Social Studies,Annual Exam,100,51.7
8393,350,35,Telugu,Unit Test 1,25,16.7
8394,350,35,Telugu,Unit Test 2,25,16.5
8395,350,35,Telugu,Half Yearly,100,71.5
8396,350,35,Telugu,Annual Exam,100,74.1
8397,350,36,Computer Science,Unit Test 1,25,15.1
8398,350,36,Computer Science,Unit Test 2,25,18.1
8399,350,36,Computer Science,Half Yearly,100,56.0
8400,350,36,Computer Science,Annual Exam,100,57.9
8401,351,31,Mathematics,Unit Test 1,25,25.0
8402,351,31,Mathematics,Unit Test 2,25,25.0
8403,351,31,Mathematics,Half Yearly,100,100.0
8404,351,31,Mathematics,Annual Exam,100,100.0
8405,351,32,Science,Unit Test 1,25,23.4
8406,351,32,Science,Unit Test 2,25,20.1
8407,351,32,Science,Half Yearly,100,70.8
8408,351,32,Science,Annual Exam,100,73.4
8409,351,33,English,Unit Test 1,25,25.0
8410,351,33,English,Unit Test 2,25,23.8
8411,351,33,English,Half Yearly,100,93.6
8412,351,33,English,Annual Exam,100,100.0
8413,351,34,Social Studies,Unit Test 1,25,23.2
8414,351,34,Social Studies,Unit Test 2,25,25.0
8415,351,34,Social Studies,Half Yearly,100,73.5
8416,351,34,Social Studies,Annual Exam,100,91.5
8417,351,35,Telugu,Unit Test 1,25,23.2
8418,351,35,Telugu,Unit Test 2,25,20.2
8419,351,35,Telugu,Half Yearly,100,100.0
8420,351,35,Telugu,Annual Exam,100,91.7
8421,351,36,Computer Science,Unit Test 1,25,25.0
8422,351,36,Computer Science,Unit Test 2,25,25.0
8423,351,36,Computer Science,Half Yearly,100,100.0
8424,351,36,Computer Science,Annual Exam,100,100.0
8425,352,31,Mathematics,Unit Test 1,25,25.0
8426,352,31,Mathematics,Unit Test 2,25,23.2
8427,352,31,Mathematics,Half Yearly,100,93.4
8428,352,31,Mathematics,Annual Exam,100,96.6
8429,352,32,Science,Unit Test 1,25,25.0
8430,352,32,Science,Unit Test 2,25,25.0
8431,352,32,Science,Half Yearly,100,94.4
8432,352,32,Science,Annual Exam,100,100.0
8433,352,33,English,Unit Test 1,25,18.9
8434,352,33,English,Unit Test 2,25,25.0
8435,352,33,English,Half Yearly,100,100.0
8436,352,33,English,Annual Exam,100,100.0
8437,352,34,Social Studies,Unit Test 1,25,21.9
8438,352,34,Social Studies,Unit Test 2,25,21.3
8439,352,34,Social Studies,Half Yearly,100,92.9
8440,352,34,Social Studies,Annual Exam,100,97.5
8441,352,35,Telugu,Unit Test 1,25,24.4
8442,352,35,Telugu,Unit Test 2,25,24.8
8443,352,35,Telugu,Half Yearly,100,100.0
8444,352,35,Telugu,Annual Exam,100,100.0
8445,352,36,Computer Science,Unit Test 1,25,25.0
8446,352,36,Computer Science,Unit Test 2,25,24.5
8447,352,36,Computer Science,Half Yearly,100,98.1
8448,352,36,Computer Science,Annual Exam,100,100.0
8449,353,31,Mathematics,Unit Test 1,25,21.2
8450,353,31,Mathematics,Unit Test 2,25,20.1
8451,353,31,Mathematics,Half Yearly,100,79.0
8452,353,31,Mathematics,Annual Exam,100,84.8
8453,353,32,Science,Unit Test 1,25,11.8
8454,353,32,Science,Unit Test 2,25,14.0
8455,353,32,Science,Half Yearly,100,53.6
8456,353,32,Science,Annual Exam,100,65.4
8457,353,33,English,Unit Test 1,25,16.5
8458,353,33,English,Unit Test 2,25,13.9
8459,353,33,English,Half Yearly,100,65.3
8460,353,33,English,Annual Exam,100,65.7
8461,353,34,Social Studies,Unit Test 1,25,14.8
8462,353,34,Social Studies,Unit Test 2,25,13.3
8463,353,34,Social Studies,Half Yearly,100,68.5
8464,353,34,Social Studies,Annual Exam,100,73.3
8465,353,35,Telugu,Unit Test 1,25,16.6
8466,353,35,Telugu,Unit Test 2,25,18.0
8467,353,35,Telugu,Half Yearly,100,56.0
8468,353,35,Telugu,Annual Exam,100,66.3
8469,353,36,Computer Science,Unit Test 1,25,16.3
8470,353,36,Computer Science,Unit Test 2,25,20.0
8471,353,36,Computer Science,Half Yearly,100,70.3
8472,353,36,Computer Science,Annual Exam,100,86.1
8473,354,31,Mathematics,Unit Test 1,25,24.9
8474,354,31,Mathematics,Unit Test 2,25,20.4
8475,354,31,Mathematics,Half Yearly,100,94.1
8476,354,31,Mathematics,Annual Exam,100,84.1
8477,354,32,Science,Unit Test 1,25,20.7
8478,354,32,Science,Unit Test 2,25,23.5
8479,354,32,Science,Half Yearly,100,87.2
8480,354,32,Science,Annual Exam,100,81.9
8481,354,33,English,Unit Test 1,25,25.0
8482,354,33,English,Unit Test 2,25,21.2
8483,354,33,English,Half Yearly,100,87.9
8484,354,33,English,Annual Exam,100,85.9
8485,354,34,Social Studies,Unit Test 1,25,19.8
8486,354,34,Social Studies,Unit Test 2,25,19.0
8487,354,34,Social Studies,Half Yearly,100,78.9
8488,354,34,Social Studies,Annual Exam,100,90.3
8489,354,35,Telugu,Unit Test 1,25,24.7
8490,354,35,Telugu,Unit Test 2,25,25.0
8491,354,35,Telugu,Half Yearly,100,100.0
8492,354,35,Telugu,Annual Exam,100,100.0
8493,354,36,Computer Science,Unit Test 1,25,23.7
8494,354,36,Computer Science,Unit Test 2,25,24.2
8495,354,36,Computer Science,Half Yearly,100,97.0
8496,354,36,Computer Science,Annual Exam,100,99.6
8497,355,31,Mathematics,Unit Test 1,25,21.5
8498,355,31,Mathematics,Unit Test 2,25,23.6
8499,355,31,Mathematics,Half Yearly,100,87.8
8500,355,31,Mathematics,Annual Exam,100,72.7
8501,355,32,Science,Unit Test 1,25,19.6
8502,355,32,Science,Unit Test 2,25,23.5
8503,355,32,Science,Half Yearly,100,77.1
8504,355,32,Science,Annual Exam,100,74.3
8505,355,33,English,Unit Test 1,25,24.8
8506,355,33,English,Unit Test 2,25,17.1
8507,355,33,English,Half Yearly,100,87.0
8508,355,33,English,Annual Exam,100,90.5
8509,355,34,Social Studies,Unit Test 1,25,19.8
8510,355,34,Social Studies,Unit Test 2,25,25.0
8511,355,34,Social Studies,Half Yearly,100,78.3
8512,355,34,Social Studies,Annual Exam,100,65.0
8513,355,35,Telugu,Unit Test 1,25,19.8
8514,355,35,Telugu,Unit Test 2,25,24.5
8515,355,35,Telugu,Half Yearly,100,86.3
8516,355,35,Telugu,Annual Exam,100,86.7
8517,355,36,Computer Science,Unit Test 1,25,16.9
8518,355,36,Computer Science,Unit Test 2,25,22.8
8519,355,36,Computer Science,Half Yearly,100,78.5
8520,355,36,Computer Science,Annual Exam,100,73.0
8521,356,31,Mathematics,Unit Test 1,25,15.8
8522,356,31,Mathematics,Unit Test 2,25,18.6
8523,356,31,Mathematics,Half Yearly,100,66.8
8524,356,31,Mathematics,Annual Exam,100,56.1
8525,356,32,Science,Unit Test 1,25,16.8
8526,356,32,Science,Unit Test 2,25,14.3
8527,356,32,Science,Half Yearly,100,70.7
8528,356,32,Science,Annual Exam,100,68.1
8529,356,33,English,Unit Test 1,25,18.9
8530,356,33,English,Unit Test 2,25,18.9
8531,356,33,English,Half Yearly,100,84.6
8532,356,33,English,Annual Exam,100,66.5
8533,356,34,Social Studies,Unit Test 1,25,19.7
8534,356,34,Social Studies,Unit Test 2,25,20.3
8535,356,34,Social Studies,Half Yearly,100,63.3
8536,356,34,Social Studies,Annual Exam,100,73.7
8537,356,35,Telugu,Unit Test 1,25,18.3
8538,356,35,Telugu,Unit Test 2,25,14.4
8539,356,35,Telugu,Half Yearly,100,64.8
8540,356,35,Telugu,Annual Exam,100,65.8
8541,356,36,Computer Science,Unit Test 1,25,19.4
8542,356,36,Computer Science,Unit Test 2,25,16.9
8543,356,36,Computer Science,Half Yearly,100,70.1
8544,356,36,Computer Science,Annual Exam,100,58.5
8545,357,31,Mathematics,Unit Test 1,25,8.6
8546,357,31,Mathematics,Unit Test 2,25,3.8
8547,357,31,Mathematics,Half Yearly,100,21.1
8548,357,31,Mathematics,Annual Exam,100,31.2
8549,357,32,Science,Unit Test 1,25,3.8
8550,357,32,Science,Unit Test 2,25,5.7
8551,357,32,Science,Half Yearly,100,23.9
8552,357,32,Science,Annual Exam,100,28.0
8553,357,33,English,Unit Test 1,25,9.2
8554,357,33,English,Unit Test 2,25,5.8
8555,357,33,English,Half Yearly,100,24.9
8556,357,33,English,Annual Exam,100,39.2
8557,357,34,Social Studies,Unit Test 1,25,9.3
8558,357,34,Social Studies,Unit Test 2,25,10.6
8559,357,34,Social Studies,Half Yearly,100,37.1
8560,357,34,Social Studies,Annual Exam,100,20.2
8561,357,35,Telugu,Unit Test 1,25,10.2
8562,357,35,Telugu,Unit Test 2,25,10.7
8563,357,35,Telugu,Half Yearly,100,43.1
8564,357,35,Telugu,Annual Exam,100,49.4
8565,357,36,Computer Science,Unit Test 1,25,9.1
8566,357,36,Computer Science,Unit Test 2,25,7.9
8567,357,36,Computer Science,Half Yearly,100,32.2
8568,357,36,Computer Science,Annual Exam,100,40.6
8569,358,31,Mathematics,Unit Test 1,25,22.5
8570,358,31,Mathematics,Unit Test 2,25,23.1
8571,358,31,Mathematics,Half Yearly,100,90.6
8572,358,31,Mathematics,Annual Exam,100,87.7
8573,358,32,Science,Unit Test 1,25,21.1
8574,358,32,Science,Unit Test 2,25,23.1
8575,358,32,Science,Half Yearly,100,95.7
8576,358,32,Science,Annual Exam,100,92.8
8577,358,33,English,Unit Test 1,25,21.1
8578,358,33,English,Unit Test 2,25,20.5
8579,358,33,English,Half Yearly,100,92.3
8580,358,33,English,Annual Exam,100,88.6
8581,358,34,Social Studies,Unit Test 1,25,22.0
8582,358,34,Social Studies,Unit Test 2,25,20.2
8583,358,34,Social Studies,Half Yearly,100,85.7
8584,358,34,Social Studies,Annual Exam,100,100.0
8585,358,35,Telugu,Unit Test 1,25,21.9
8586,358,35,Telugu,Unit Test 2,25,22.5
8587,358,35,Telugu,Half Yearly,100,91.7
8588,358,35,Telugu,Annual Exam,100,75.1
8589,358,36,Computer Science,Unit Test 1,25,23.1
8590,358,36,Computer Science,Unit Test 2,25,21.9
8591,358,36,Computer Science,Half Yearly,100,100.0
8592,358,36,Computer Science,Annual Exam,100,86.2
8593,359,31,Mathematics,Unit Test 1,25,18.4
8594,359,31,Mathematics,Unit Test 2,25,16.0
8595,359,31,Mathematics,Half Yearly,100,60.4
8596,359,31,Mathematics,Annual Exam,100,76.2
8597,359,32,Science,Unit Test 1,25,16.9
8598,359,32,Science,Unit Test 2,25,17.6
8599,359,32,Science,Half Yearly,100,69.8
8600,359,32,Science,Annual Exam,100,66.8
8601,359,33,English,Unit Test 1,25,14.2
8602,359,33,English,Unit Test 2,25,16.1
8603,359,33,English,Half Yearly,100,71.3
8604,359,33,English,Annual Exam,100,81.1
8605,359,34,Social Studies,Unit Test 1,25,19.9
8606,359,34,Social Studies,Unit Test 2,25,20.1
8607,359,34,Social Studies,Half Yearly,100,68.7
8608,359,34,Social Studies,Annual Exam,100,69.2
8609,359,35,Telugu,Unit Test 1,25,17.5
8610,359,35,Telugu,Unit Test 2,25,21.2
8611,359,35,Telugu,Half Yearly,100,77.6
8612,359,35,Telugu,Annual Exam,100,69.2
8613,359,36,Computer Science,Unit Test 1,25,17.7
8614,359,36,Computer Science,Unit Test 2,25,12.6
8615,359,36,Computer Science,Half Yearly,100,77.8
8616,359,36,Computer Science,Annual Exam,100,71.5
8617,360,31,Mathematics,Unit Test 1,25,25.0
8618,360,31,Mathematics,Unit Test 2,25,23.6
8619,360,31,Mathematics,Half Yearly,100,95.5
8620,360,31,Mathematics,Annual Exam,100,100.0
8621,360,32,Science,Unit Test 1,25,19.6
8622,360,32,Science,Unit Test 2,25,20.1
8623,360,32,Science,Half Yearly,100,78.8
8624,360,32,Science,Annual Exam,100,93.6
8625,360,33,English,Unit Test 1,25,24.3
8626,360,33,English,Unit Test 2,25,25.0
8627,360,33,English,Half Yearly,100,100.0
8628,360,33,English,Annual Exam,100,100.0
8629,360,34,Social Studies,Unit Test 1,25,25.0
8630,360,34,Social Studies,Unit Test 2,25,25.0
8631,360,34,Social Studies,Half Yearly,100,100.0
8632,360,34,Social Studies,Annual Exam,100,71.4
8633,360,35,Telugu,Unit Test 1,25,25.0
8634,360,35,Telugu,Unit Test 2,25,25.0
8635,360,35,Telugu,Half Yearly,100,93.2
8636,360,35,Telugu,Annual Exam,100,90.8
8637,360,36,Computer Science,Unit Test 1,25,19.0
8638,360,36,Computer Science,Unit Test 2,25,19.7
8639,360,36,Computer Science,Half Yearly,100,87.2
8640,360,36,Computer Science,Annual Exam,100,99.3
8641,361,37,Mathematics,Unit Test 1,25,14.0
8642,361,37,Mathematics,Unit Test 2,25,17.5
8643,361,37,Mathematics,Half Yearly,100,73.7
8644,361,37,Mathematics,Annual Exam,100,66.6
8645,361,38,Science,Unit Test 1,25,19.7
8646,361,38,Science,Unit Test 2,25,14.8
8647,361,38,Science,Half Yearly,100,72.3
8648,361,38,Science,Annual Exam,100,78.0
8649,361,39,English,Unit Test 1,25,19.5
8650,361,39,English,Unit Test 2,25,21.0
8651,361,39,English,Half Yearly,100,74.6
8652,361,39,English,Annual Exam,100,83.8
8653,361,40,Social Studies,Unit Test 1,25,19.5
8654,361,40,Social Studies,Unit Test 2,25,17.7
8655,361,40,Social Studies,Half Yearly,100,66.5
8656,361,40,Social Studies,Annual Exam,100,82.7
8657,361,41,Telugu,Unit Test 1,25,19.1
8658,361,41,Telugu,Unit Test 2,25,16.5
8659,361,41,Telugu,Half Yearly,100,77.1
8660,361,41,Telugu,Annual Exam,100,59.5
8661,361,42,Computer Science,Unit Test 1,25,15.7
8662,361,42,Computer Science,Unit Test 2,25,23.6
8663,361,42,Computer Science,Half Yearly,100,68.1
8664,361,42,Computer Science,Annual Exam,100,71.8
8665,362,37,Mathematics,Unit Test 1,25,16.2
8666,362,37,Mathematics,Unit Test 2,25,17.1
8667,362,37,Mathematics,Half Yearly,100,52.9
8668,362,37,Mathematics,Annual Exam,100,54.2
8669,362,38,Science,Unit Test 1,25,20.2
8670,362,38,Science,Unit Test 2,25,19.9
8671,362,38,Science,Half Yearly,100,73.6
8672,362,38,Science,Annual Exam,100,82.5
8673,362,39,English,Unit Test 1,25,20.1
8674,362,39,English,Unit Test 2,25,18.8
8675,362,39,English,Half Yearly,100,73.9
8676,362,39,English,Annual Exam,100,82.9
8677,362,40,Social Studies,Unit Test 1,25,19.9
8678,362,40,Social Studies,Unit Test 2,25,20.6
8679,362,40,Social Studies,Half Yearly,100,69.4
8680,362,40,Social Studies,Annual Exam,100,79.2
8681,362,41,Telugu,Unit Test 1,25,21.1
8682,362,41,Telugu,Unit Test 2,25,19.2
8683,362,41,Telugu,Half Yearly,100,78.8
8684,362,41,Telugu,Annual Exam,100,69.1
8685,362,42,Computer Science,Unit Test 1,25,21.0
8686,362,42,Computer Science,Unit Test 2,25,20.7
8687,362,42,Computer Science,Half Yearly,100,88.5
8688,362,42,Computer Science,Annual Exam,100,84.5
8689,363,37,Mathematics,Unit Test 1,25,17.3
8690,363,37,Mathematics,Unit Test 2,25,14.5
8691,363,37,Mathematics,Half Yearly,100,53.5
8692,363,37,Mathematics,Annual Exam,100,58.1
8693,363,38,Science,Unit Test 1,25,18.5
8694,363,38,Science,Unit Test 2,25,14.7
8695,363,38,Science,Half Yearly,100,63.3
8696,363,38,Science,Annual Exam,100,61.7
8697,363,39,English,Unit Test 1,25,16.5
8698,363,39,English,Unit Test 2,25,14.1
8699,363,39,English,Half Yearly,100,64.0
8700,363,39,English,Annual Exam,100,68.0
8701,363,40,Social Studies,Unit Test 1,25,13.1
8702,363,40,Social Studies,Unit Test 2,25,15.4
8703,363,40,Social Studies,Half Yearly,100,49.7
8704,363,40,Social Studies,Annual Exam,100,56.7
8705,363,41,Telugu,Unit Test 1,25,10.0
8706,363,41,Telugu,Unit Test 2,25,15.9
8707,363,41,Telugu,Half Yearly,100,51.0
8708,363,41,Telugu,Annual Exam,100,58.0
8709,363,42,Computer Science,Unit Test 1,25,15.5
8710,363,42,Computer Science,Unit Test 2,25,17.0
8711,363,42,Computer Science,Half Yearly,100,63.2
8712,363,42,Computer Science,Annual Exam,100,67.8
8713,364,37,Mathematics,Unit Test 1,25,19.4
8714,364,37,Mathematics,Unit Test 2,25,21.2
8715,364,37,Mathematics,Half Yearly,100,82.7
8716,364,37,Mathematics,Annual Exam,100,78.1
8717,364,38,Science,Unit Test 1,25,21.0
8718,364,38,Science,Unit Test 2,25,20.0
8719,364,38,Science,Half Yearly,100,71.4
8720,364,38,Science,Annual Exam,100,69.3
8721,364,39,English,Unit Test 1,25,19.8
8722,364,39,English,Unit Test 2,25,25.0
8723,364,39,English,Half Yearly,100,90.4
8724,364,39,English,Annual Exam,100,78.1
8725,364,40,Social Studies,Unit Test 1,25,19.3
8726,364,40,Social Studies,Unit Test 2,25,20.5
8727,364,40,Social Studies,Half Yearly,100,80.5
8728,364,40,Social Studies,Annual Exam,100,93.7
8729,364,41,Telugu,Unit Test 1,25,22.9
8730,364,41,Telugu,Unit Test 2,25,20.0
8731,364,41,Telugu,Half Yearly,100,87.4
8732,364,41,Telugu,Annual Exam,100,93.9
8733,364,42,Computer Science,Unit Test 1,25,18.5
8734,364,42,Computer Science,Unit Test 2,25,21.1
8735,364,42,Computer Science,Half Yearly,100,60.5
8736,364,42,Computer Science,Annual Exam,100,73.6
8737,365,37,Mathematics,Unit Test 1,25,20.5
8738,365,37,Mathematics,Unit Test 2,25,18.2
8739,365,37,Mathematics,Half Yearly,100,71.8
8740,365,37,Mathematics,Annual Exam,100,58.2
8741,365,38,Science,Unit Test 1,25,20.9
8742,365,38,Science,Unit Test 2,25,18.5
8743,365,38,Science,Half Yearly,100,88.5
8744,365,38,Science,Annual Exam,100,66.1
8745,365,39,English,Unit Test 1,25,16.8
8746,365,39,English,Unit Test 2,25,19.3
8747,365,39,English,Half Yearly,100,83.0
8748,365,39,English,Annual Exam,100,70.1
8749,365,40,Social Studies,Unit Test 1,25,25.0
8750,365,40,Social Studies,Unit Test 2,25,22.2
8751,365,40,Social Studies,Half Yearly,100,69.0
8752,365,40,Social Studies,Annual Exam,100,83.6
8753,365,41,Telugu,Unit Test 1,25,18.9
8754,365,41,Telugu,Unit Test 2,25,21.5
8755,365,41,Telugu,Half Yearly,100,72.9
8756,365,41,Telugu,Annual Exam,100,94.2
8757,365,42,Computer Science,Unit Test 1,25,18.0
8758,365,42,Computer Science,Unit Test 2,25,17.2
8759,365,42,Computer Science,Half Yearly,100,97.0
8760,365,42,Computer Science,Annual Exam,100,97.3
8761,366,37,Mathematics,Unit Test 1,25,24.8
8762,366,37,Mathematics,Unit Test 2,25,16.5
8763,366,37,Mathematics,Half Yearly,100,67.5
8764,366,37,Mathematics,Annual Exam,100,92.5
8765,366,38,Science,Unit Test 1,25,21.5
8766,366,38,Science,Unit Test 2,25,19.7
8767,366,38,Science,Half Yearly,100,74.5
8768,366,38,Science,Annual Exam,100,74.3
8769,366,39,English,Unit Test 1,25,20.4
8770,366,39,English,Unit Test 2,25,19.0
8771,366,39,English,Half Yearly,100,89.0
8772,366,39,English,Annual Exam,100,80.7
8773,366,40,Social Studies,Unit Test 1,25,18.9
8774,366,40,Social Studies,Unit Test 2,25,18.9
8775,366,40,Social Studies,Half Yearly,100,80.6
8776,366,40,Social Studies,Annual Exam,100,74.0
8777,366,41,Telugu,Unit Test 1,25,22.2
8778,366,41,Telugu,Unit Test 2,25,23.4
8779,366,41,Telugu,Half Yearly,100,76.2
8780,366,41,Telugu,Annual Exam,100,85.4
8781,366,42,Computer Science,Unit Test 1,25,20.0
8782,366,42,Computer Science,Unit Test 2,25,20.3
8783,366,42,Computer Science,Half Yearly,100,68.9
8784,366,42,Computer Science,Annual Exam,100,72.6
8785,367,37,Mathematics,Unit Test 1,25,15.7
8786,367,37,Mathematics,Unit Test 2,25,17.1
8787,367,37,Mathematics,Half Yearly,100,77.6
8788,367,37,Mathematics,Annual Exam,100,79.4
8789,367,38,Science,Unit Test 1,25,20.4
8790,367,38,Science,Unit Test 2,25,19.9
8791,367,38,Science,Half Yearly,100,74.8
8792,367,38,Science,Annual Exam,100,74.4
8793,367,39,English,Unit Test 1,25,18.6
8794,367,39,English,Unit Test 2,25,17.2
8795,367,39,English,Half Yearly,100,84.8
8796,367,39,English,Annual Exam,100,75.0
8797,367,40,Social Studies,Unit Test 1,25,19.8
8798,367,40,Social Studies,Unit Test 2,25,17.2
8799,367,40,Social Studies,Half Yearly,100,70.2
8800,367,40,Social Studies,Annual Exam,100,85.9
8801,367,41,Telugu,Unit Test 1,25,19.2
8802,367,41,Telugu,Unit Test 2,25,16.8
8803,367,41,Telugu,Half Yearly,100,91.1
8804,367,41,Telugu,Annual Exam,100,66.3
8805,367,42,Computer Science,Unit Test 1,25,19.7
8806,367,42,Computer Science,Unit Test 2,25,17.6
8807,367,42,Computer Science,Half Yearly,100,75.3
8808,367,42,Computer Science,Annual Exam,100,68.6
8809,368,37,Mathematics,Unit Test 1,25,22.4
8810,368,37,Mathematics,Unit Test 2,25,17.0
8811,368,37,Mathematics,Half Yearly,100,80.2
8812,368,37,Mathematics,Annual Exam,100,91.6
8813,368,38,Science,Unit Test 1,25,22.1
8814,368,38,Science,Unit Test 2,25,22.9
8815,368,38,Science,Half Yearly,100,99.2
8816,368,38,Science,Annual Exam,100,95.5
8817,368,39,English,Unit Test 1,25,18.8
8818,368,39,English,Unit Test 2,25,17.8
8819,368,39,English,Half Yearly,100,69.9
8820,368,39,English,Annual Exam,100,70.9
8821,368,40,Social Studies,Unit Test 1,25,19.0
8822,368,40,Social Studies,Unit Test 2,25,21.2
8823,368,40,Social Studies,Half Yearly,100,70.9
8824,368,40,Social Studies,Annual Exam,100,76.5
8825,368,41,Telugu,Unit Test 1,25,18.5
8826,368,41,Telugu,Unit Test 2,25,19.6
8827,368,41,Telugu,Half Yearly,100,81.8
8828,368,41,Telugu,Annual Exam,100,79.0
8829,368,42,Computer Science,Unit Test 1,25,17.2
8830,368,42,Computer Science,Unit Test 2,25,19.1
8831,368,42,Computer Science,Half Yearly,100,80.7
8832,368,42,Computer Science,Annual Exam,100,74.3
8833,369,37,Mathematics,Unit Test 1,25,18.3
8834,369,37,Mathematics,Unit Test 2,25,21.1
8835,369,37,Mathematics,Half Yearly,100,72.4
8836,369,37,Mathematics,Annual Exam,100,68.0
8837,369,38,Science,Unit Test 1,25,13.5
8838,369,38,Science,Unit Test 2,25,18.6
8839,369,38,Science,Half Yearly,100,66.3
8840,369,38,Science,Annual Exam,100,54.6
8841,369,39,English,Unit Test 1,25,19.2
8842,369,39,English,Unit Test 2,25,16.6
8843,369,39,English,Half Yearly,100,79.1
8844,369,39,English,Annual Exam,100,57.9
8845,369,40,Social Studies,Unit Test 1,25,18.3
8846,369,40,Social Studies,Unit Test 2,25,20.7
8847,369,40,Social Studies,Half Yearly,100,77.9
8848,369,40,Social Studies,Annual Exam,100,71.3
8849,369,41,Telugu,Unit Test 1,25,17.0
8850,369,41,Telugu,Unit Test 2,25,15.9
8851,369,41,Telugu,Half Yearly,100,87.6
8852,369,41,Telugu,Annual Exam,100,82.8
8853,369,42,Computer Science,Unit Test 1,25,17.4
8854,369,42,Computer Science,Unit Test 2,25,22.8
8855,369,42,Computer Science,Half Yearly,100,80.0
8856,369,42,Computer Science,Annual Exam,100,82.8
8857,370,37,Mathematics,Unit Test 1,25,25.0
8858,370,37,Mathematics,Unit Test 2,25,23.8
8859,370,37,Mathematics,Half Yearly,100,72.9
8860,370,37,Mathematics,Annual Exam,100,89.9
8861,370,38,Science,Unit Test 1,25,21.2
8862,370,38,Science,Unit Test 2,25,22.0
8863,370,38,Science,Half Yearly,100,80.4
8864,370,38,Science,Annual Exam,100,80.0
8865,370,39,English,Unit Test 1,25,18.7
8866,370,39,English,Unit Test 2,25,19.0
8867,370,39,English,Half Yearly,100,90.0
8868,370,39,English,Annual Exam,100,61.9
8869,370,40,Social Studies,Unit Test 1,25,19.0
8870,370,40,Social Studies,Unit Test 2,25,18.3
8871,370,40,Social Studies,Half Yearly,100,70.4
8872,370,40,Social Studies,Annual Exam,100,76.7
8873,370,41,Telugu,Unit Test 1,25,18.7
8874,370,41,Telugu,Unit Test 2,25,20.6
8875,370,41,Telugu,Half Yearly,100,92.9
8876,370,41,Telugu,Annual Exam,100,83.6
8877,370,42,Computer Science,Unit Test 1,25,18.3
8878,370,42,Computer Science,Unit Test 2,25,14.4
8879,370,42,Computer Science,Half Yearly,100,66.2
8880,370,42,Computer Science,Annual Exam,100,74.7
8881,371,37,Mathematics,Unit Test 1,25,22.0
8882,371,37,Mathematics,Unit Test 2,25,21.8
8883,371,37,Mathematics,Half Yearly,100,80.0
8884,371,37,Mathematics,Annual Exam,100,100.0
8885,371,38,Science,Unit Test 1,25,22.4
8886,371,38,Science,Unit Test 2,25,20.5
8887,371,38,Science,Half Yearly,100,84.2
8888,371,38,Science,Annual Exam,100,85.3
8889,371,39,English,Unit Test 1,25,25.0
8890,371,39,English,Unit Test 2,25,25.0
8891,371,39,English,Half Yearly,100,100.0
8892,371,39,English,Annual Exam,100,99.2
8893,371,40,Social Studies,Unit Test 1,25,19.2
8894,371,40,Social Studies,Unit Test 2,25,24.6
8895,371,40,Social Studies,Half Yearly,100,68.6
8896,371,40,Social Studies,Annual Exam,100,99.1
8897,371,41,Telugu,Unit Test 1,25,21.3
8898,371,41,Telugu,Unit Test 2,25,21.4
8899,371,41,Telugu,Half Yearly,100,97.6
8900,371,41,Telugu,Annual Exam,100,79.1
8901,371,42,Computer Science,Unit Test 1,25,21.4
8902,371,42,Computer Science,Unit Test 2,25,19.7
8903,371,42,Computer Science,Half Yearly,100,92.2
8904,371,42,Computer Science,Annual Exam,100,95.8
8905,372,37,Mathematics,Unit Test 1,25,13.8
8906,372,37,Mathematics,Unit Test 2,25,12.5
8907,372,37,Mathematics,Half Yearly,100,47.1
8908,372,37,Mathematics,Annual Exam,100,45.9
8909,372,38,Science,Unit Test 1,25,13.9
8910,372,38,Science,Unit Test 2,25,19.8
8911,372,38,Science,Half Yearly,100,82.9
8912,372,38,Science,Annual Exam,100,76.0
8913,372,39,English,Unit Test 1,25,12.0
8914,372,39,English,Unit Test 2,25,8.7
8915,372,39,English,Half Yearly,100,57.2
8916,372,39,English,Annual Exam,100,53.9
8917,372,40,Social Studies,Unit Test 1,25,17.5
8918,372,40,Social Studies,Unit Test 2,25,18.5
8919,372,40,Social Studies,Half Yearly,100,68.1
8920,372,40,Social Studies,Annual Exam,100,67.7
8921,372,41,Telugu,Unit Test 1,25,13.0
8922,372,41,Telugu,Unit Test 2,25,17.2
8923,372,41,Telugu,Half Yearly,100,72.1
8924,372,41,Telugu,Annual Exam,100,55.0
8925,372,42,Computer Science,Unit Test 1,25,12.2
8926,372,42,Computer Science,Unit Test 2,25,14.6
8927,372,42,Computer Science,Half Yearly,100,54.2
8928,372,42,Computer Science,Annual Exam,100,71.4
8929,373,37,Mathematics,Unit Test 1,25,15.5
8930,373,37,Mathematics,Unit Test 2,25,15.4
8931,373,37,Mathematics,Half Yearly,100,76.6
8932,373,37,Mathematics,Annual Exam,100,71.5
8933,373,38,Science,Unit Test 1,25,18.8
8934,373,38,Science,Unit Test 2,25,14.2
8935,373,38,Science,Half Yearly,100,70.6
8936,373,38,Science,Annual Exam,100,73.7
8937,373,39,English,Unit Test 1,25,17.2
8938,373,39,English,Unit Test 2,25,14.0
8939,373,39,English,Half Yearly,100,57.5
8940,373,39,English,Annual Exam,100,72.4
8941,373,40,Social Studies,Unit Test 1,25,20.1
8942,373,40,Social Studies,Unit Test 2,25,16.6
8943,373,40,Social Studies,Half Yearly,100,65.7
8944,373,40,Social Studies,Annual Exam,100,65.5
8945,373,41,Telugu,Unit Test 1,25,13.1
8946,373,41,Telugu,Unit Test 2,25,13.5
8947,373,41,Telugu,Half Yearly,100,53.5
8948,373,41,Telugu,Annual Exam,100,62.8
8949,373,42,Computer Science,Unit Test 1,25,20.5
8950,373,42,Computer Science,Unit Test 2,25,12.5
8951,373,42,Computer Science,Half Yearly,100,62.7
8952,373,42,Computer Science,Annual Exam,100,75.1
8953,374,37,Mathematics,Unit Test 1,25,15.1
8954,374,37,Mathematics,Unit Test 2,25,19.3
8955,374,37,Mathematics,Half Yearly,100,52.2
8956,374,37,Mathematics,Annual Exam,100,54.8
8957,374,38,Science,Unit Test 1,25,18.1
8958,374,38,Science,Unit Test 2,25,17.2
8959,374,38,Science,Half Yearly,100,67.3
8960,374,38,Science,Annual Exam,100,68.0
8961,374,39,English,Unit Test 1,25,17.7
8962,374,39,English,Unit Test 2,25,17.2
8963,374,39,English,Half Yearly,100,68.5
8964,374,39,English,Annual Exam,100,67.4
8965,374,40,Social Studies,Unit Test 1,25,16.0
8966,374,40,Social Studies,Unit Test 2,25,14.0
8967,374,40,Social Studies,Half Yearly,100,73.7
8968,374,40,Social Studies,Annual Exam,100,65.1
8969,374,41,Telugu,Unit Test 1,25,15.5
8970,374,41,Telugu,Unit Test 2,25,19.5
8971,374,41,Telugu,Half Yearly,100,64.7
8972,374,41,Telugu,Annual Exam,100,61.6
8973,374,42,Computer Science,Unit Test 1,25,12.5
8974,374,42,Computer Science,Unit Test 2,25,14.6
8975,374,42,Computer Science,Half Yearly,100,53.5
8976,374,42,Computer Science,Annual Exam,100,56.7
8977,375,37,Mathematics,Unit Test 1,25,16.1
8978,375,37,Mathematics,Unit Test 2,25,16.2
8979,375,37,Mathematics,Half Yearly,100,63.1
8980,375,37,Mathematics,Annual Exam,100,69.8
8981,375,38,Science,Unit Test 1,25,20.9
8982,375,38,Science,Unit Test 2,25,19.6
8983,375,38,Science,Half Yearly,100,61.4
8984,375,38,Science,Annual Exam,100,63.5
8985,375,39,English,Unit Test 1,25,17.2
8986,375,39,English,Unit Test 2,25,16.7
8987,375,39,English,Half Yearly,100,73.1
8988,375,39,English,Annual Exam,100,50.6
8989,375,40,Social Studies,Unit Test 1,25,24.3
8990,375,40,Social Studies,Unit Test 2,25,20.5
8991,375,40,Social Studies,Half Yearly,100,76.2
8992,375,40,Social Studies,Annual Exam,100,91.6
8993,375,41,Telugu,Unit Test 1,25,15.4
8994,375,41,Telugu,Unit Test 2,25,15.2
8995,375,41,Telugu,Half Yearly,100,66.2
8996,375,41,Telugu,Annual Exam,100,80.3
8997,375,42,Computer Science,Unit Test 1,25,14.0
8998,375,42,Computer Science,Unit Test 2,25,19.9
8999,375,42,Computer Science,Half Yearly,100,72.3
9000,375,42,Computer Science,Annual Exam,100,73.8
9001,376,37,Mathematics,Unit Test 1,25,17.1
9002,376,37,Mathematics,Unit Test 2,25,20.4
9003,376,37,Mathematics,Half Yearly,100,65.6
9004,376,37,Mathematics,Annual Exam,100,52.4
9005,376,38,Science,Unit Test 1,25,13.8
9006,376,38,Science,Unit Test 2,25,18.8
9007,376,38,Science,Half Yearly,100,74.0
9008,376,38,Science,Annual Exam,100,57.9
9009,376,39,English,Unit Test 1,25,14.9
9010,376,39,English,Unit Test 2,25,13.9
9011,376,39,English,Half Yearly,100,64.4
9012,376,39,English,Annual Exam,100,67.2
9013,376,40,Social Studies,Unit Test 1,25,16.6
9014,376,40,Social Studies,Unit Test 2,25,17.5
9015,376,40,Social Studies,Half Yearly,100,71.4
9016,376,40,Social Studies,Annual Exam,100,67.9
9017,376,41,Telugu,Unit Test 1,25,15.5
9018,376,41,Telugu,Unit Test 2,25,13.6
9019,376,41,Telugu,Half Yearly,100,50.6
9020,376,41,Telugu,Annual Exam,100,53.0
9021,376,42,Computer Science,Unit Test 1,25,10.7
9022,376,42,Computer Science,Unit Test 2,25,19.2
9023,376,42,Computer Science,Half Yearly,100,64.2
9024,376,42,Computer Science,Annual Exam,100,50.8
9025,377,37,Mathematics,Unit Test 1,25,16.4
9026,377,37,Mathematics,Unit Test 2,25,14.0
9027,377,37,Mathematics,Half Yearly,100,52.7
9028,377,37,Mathematics,Annual Exam,100,50.4
9029,377,38,Science,Unit Test 1,25,14.5
9030,377,38,Science,Unit Test 2,25,12.5
9031,377,38,Science,Half Yearly,100,65.4
9032,377,38,Science,Annual Exam,100,56.4
9033,377,39,English,Unit Test 1,25,14.5
9034,377,39,English,Unit Test 2,25,13.3
9035,377,39,English,Half Yearly,100,54.9
9036,377,39,English,Annual Exam,100,51.8
9037,377,40,Social Studies,Unit Test 1,25,17.3
9038,377,40,Social Studies,Unit Test 2,25,14.0
9039,377,40,Social Studies,Half Yearly,100,59.5
9040,377,40,Social Studies,Annual Exam,100,60.4
9041,377,41,Telugu,Unit Test 1,25,8.7
9042,377,41,Telugu,Unit Test 2,25,12.7
9043,377,41,Telugu,Half Yearly,100,48.8
9044,377,41,Telugu,Annual Exam,100,49.6
9045,377,42,Computer Science,Unit Test 1,25,15.0
9046,377,42,Computer Science,Unit Test 2,25,20.8
9047,377,42,Computer Science,Half Yearly,100,60.1
9048,377,42,Computer Science,Annual Exam,100,60.3
9049,378,37,Mathematics,Unit Test 1,25,16.5
9050,378,37,Mathematics,Unit Test 2,25,19.2
9051,378,37,Mathematics,Half Yearly,100,64.4
9052,378,37,Mathematics,Annual Exam,100,66.9
9053,378,38,Science,Unit Test 1,25,17.7
9054,378,38,Science,Unit Test 2,25,19.6
9055,378,38,Science,Half Yearly,100,74.6
9056,378,38,Science,Annual Exam,100,57.7
9057,378,39,English,Unit Test 1,25,19.6
9058,378,39,English,Unit Test 2,25,18.4
9059,378,39,English,Half Yearly,100,81.7
9060,378,39,English,Annual Exam,100,71.5
9061,378,40,Social Studies,Unit Test 1,25,22.4
9062,378,40,Social Studies,Unit Test 2,25,20.0
9063,378,40,Social Studies,Half Yearly,100,83.1
9064,378,40,Social Studies,Annual Exam,100,69.5
9065,378,41,Telugu,Unit Test 1,25,17.4
9066,378,41,Telugu,Unit Test 2,25,19.4
9067,378,41,Telugu,Half Yearly,100,84.9
9068,378,41,Telugu,Annual Exam,100,63.5
9069,378,42,Computer Science,Unit Test 1,25,21.1
9070,378,42,Computer Science,Unit Test 2,25,18.6
9071,378,42,Computer Science,Half Yearly,100,66.3
9072,378,42,Computer Science,Annual Exam,100,77.9
9073,379,37,Mathematics,Unit Test 1,25,19.7
9074,379,37,Mathematics,Unit Test 2,25,22.6
9075,379,37,Mathematics,Half Yearly,100,85.9
9076,379,37,Mathematics,Annual Exam,100,91.3
9077,379,38,Science,Unit Test 1,25,19.4
9078,379,38,Science,Unit Test 2,25,18.8
9079,379,38,Science,Half Yearly,100,85.9
9080,379,38,Science,Annual Exam,100,83.0
9081,379,39,English,Unit Test 1,25,23.4
9082,379,39,English,Unit Test 2,25,21.8
9083,379,39,English,Half Yearly,100,92.7
9084,379,39,English,Annual Exam,100,83.7
9085,379,40,Social Studies,Unit Test 1,25,25.0
9086,379,40,Social Studies,Unit Test 2,25,24.5
9087,379,40,Social Studies,Half Yearly,100,79.6
9088,379,40,Social Studies,Annual Exam,100,100.0
9089,379,41,Telugu,Unit Test 1,25,17.8
9090,379,41,Telugu,Unit Test 2,25,20.2
9091,379,41,Telugu,Half Yearly,100,79.4
9092,379,41,Telugu,Annual Exam,100,62.6
9093,379,42,Computer Science,Unit Test 1,25,22.3
9094,379,42,Computer Science,Unit Test 2,25,25.0
9095,379,42,Computer Science,Half Yearly,100,99.4
9096,379,42,Computer Science,Annual Exam,100,100.0
9097,380,37,Mathematics,Unit Test 1,25,13.5
9098,380,37,Mathematics,Unit Test 2,25,17.6
9099,380,37,Mathematics,Half Yearly,100,73.7
9100,380,37,Mathematics,Annual Exam,100,66.2
9101,380,38,Science,Unit Test 1,25,17.1
9102,380,38,Science,Unit Test 2,25,14.0
9103,380,38,Science,Half Yearly,100,37.0
9104,380,38,Science,Annual Exam,100,57.9
9105,380,39,English,Unit Test 1,25,14.8
9106,380,39,English,Unit Test 2,25,13.0
9107,380,39,English,Half Yearly,100,58.7
9108,380,39,English,Annual Exam,100,71.9
9109,380,40,Social Studies,Unit Test 1,25,13.0
9110,380,40,Social Studies,Unit Test 2,25,13.0
9111,380,40,Social Studies,Half Yearly,100,69.1
9112,380,40,Social Studies,Annual Exam,100,53.8
9113,380,41,Telugu,Unit Test 1,25,11.2
9114,380,41,Telugu,Unit Test 2,25,11.6
9115,380,41,Telugu,Half Yearly,100,55.6
9116,380,41,Telugu,Annual Exam,100,54.8
9117,380,42,Computer Science,Unit Test 1,25,14.9
9118,380,42,Computer Science,Unit Test 2,25,17.1
9119,380,42,Computer Science,Half Yearly,100,79.3
9120,380,42,Computer Science,Annual Exam,100,72.9
9121,381,37,Mathematics,Unit Test 1,25,16.8
9122,381,37,Mathematics,Unit Test 2,25,16.2
9123,381,37,Mathematics,Half Yearly,100,64.5
9124,381,37,Mathematics,Annual Exam,100,73.0
9125,381,38,Science,Unit Test 1,25,16.5
9126,381,38,Science,Unit Test 2,25,14.6
9127,381,38,Science,Half Yearly,100,70.1
9128,381,38,Science,Annual Exam,100,63.9
9129,381,39,English,Unit Test 1,25,19.0
9130,381,39,English,Unit Test 2,25,18.3
9131,381,39,English,Half Yearly,100,77.5
9132,381,39,English,Annual Exam,100,74.2
9133,381,40,Social Studies,Unit Test 1,25,17.3
9134,381,40,Social Studies,Unit Test 2,25,16.8
9135,381,40,Social Studies,Half Yearly,100,68.4
9136,381,40,Social Studies,Annual Exam,100,65.8
9137,381,41,Telugu,Unit Test 1,25,16.3
9138,381,41,Telugu,Unit Test 2,25,12.0
9139,381,41,Telugu,Half Yearly,100,68.1
9140,381,41,Telugu,Annual Exam,100,63.0
9141,381,42,Computer Science,Unit Test 1,25,18.3
9142,381,42,Computer Science,Unit Test 2,25,18.0
9143,381,42,Computer Science,Half Yearly,100,77.8
9144,381,42,Computer Science,Annual Exam,100,66.9
9145,382,37,Mathematics,Unit Test 1,25,16.4
9146,382,37,Mathematics,Unit Test 2,25,15.8
9147,382,37,Mathematics,Half Yearly,100,61.4
9148,382,37,Mathematics,Annual Exam,100,70.9
9149,382,38,Science,Unit Test 1,25,12.6
9150,382,38,Science,Unit Test 2,25,15.9
9151,382,38,Science,Half Yearly,100,63.0
9152,382,38,Science,Annual Exam,100,65.3
9153,382,39,English,Unit Test 1,25,13.1
9154,382,39,English,Unit Test 2,25,10.9
9155,382,39,English,Half Yearly,100,59.1
9156,382,39,English,Annual Exam,100,49.2
9157,382,40,Social Studies,Unit Test 1,25,16.8
9158,382,40,Social Studies,Unit Test 2,25,14.5
9159,382,40,Social Studies,Half Yearly,100,72.5
9160,382,40,Social Studies,Annual Exam,100,60.1
9161,382,41,Telugu,Unit Test 1,25,14.2
9162,382,41,Telugu,Unit Test 2,25,12.3
9163,382,41,Telugu,Half Yearly,100,41.8
9164,382,41,Telugu,Annual Exam,100,33.3
9165,382,42,Computer Science,Unit Test 1,25,14.2
9166,382,42,Computer Science,Unit Test 2,25,17.3
9167,382,42,Computer Science,Half Yearly,100,56.9
9168,382,42,Computer Science,Annual Exam,100,65.0
9169,383,37,Mathematics,Unit Test 1,25,16.1
9170,383,37,Mathematics,Unit Test 2,25,15.9
9171,383,37,Mathematics,Half Yearly,100,82.4
9172,383,37,Mathematics,Annual Exam,100,67.6
9173,383,38,Science,Unit Test 1,25,11.8
9174,383,38,Science,Unit Test 2,25,13.3
9175,383,38,Science,Half Yearly,100,54.2
9176,383,38,Science,Annual Exam,100,53.5
9177,383,39,English,Unit Test 1,25,17.3
9178,383,39,English,Unit Test 2,25,18.3
9179,383,39,English,Half Yearly,100,56.3
9180,383,39,English,Annual Exam,100,79.1
9181,383,40,Social Studies,Unit Test 1,25,15.5
9182,383,40,Social Studies,Unit Test 2,25,16.9
9183,383,40,Social Studies,Half Yearly,100,72.6
9184,383,40,Social Studies,Annual Exam,100,72.0
9185,383,41,Telugu,Unit Test 1,25,13.9
9186,383,41,Telugu,Unit Test 2,25,14.5
9187,383,41,Telugu,Half Yearly,100,67.4
9188,383,41,Telugu,Annual Exam,100,47.1
9189,383,42,Computer Science,Unit Test 1,25,16.8
9190,383,42,Computer Science,Unit Test 2,25,14.2
9191,383,42,Computer Science,Half Yearly,100,59.9
9192,383,42,Computer Science,Annual Exam,100,61.9
9193,384,37,Mathematics,Unit Test 1,25,12.3
9194,384,37,Mathematics,Unit Test 2,25,14.9
9195,384,37,Mathematics,Half Yearly,100,38.2
9196,384,37,Mathematics,Annual Exam,100,41.1
9197,384,38,Science,Unit Test 1,25,19.3
9198,384,38,Science,Unit Test 2,25,15.7
9199,384,38,Science,Half Yearly,100,66.3
9200,384,38,Science,Annual Exam,100,78.9
9201,384,39,English,Unit Test 1,25,15.0
9202,384,39,English,Unit Test 2,25,18.2
9203,384,39,English,Half Yearly,100,59.7
9204,384,39,English,Annual Exam,100,59.5
9205,384,40,Social Studies,Unit Test 1,25,15.7
9206,384,40,Social Studies,Unit Test 2,25,13.6
9207,384,40,Social Studies,Half Yearly,100,53.5
9208,384,40,Social Studies,Annual Exam,100,66.6
9209,384,41,Telugu,Unit Test 1,25,17.4
9210,384,41,Telugu,Unit Test 2,25,13.9
9211,384,41,Telugu,Half Yearly,100,44.5
9212,384,41,Telugu,Annual Exam,100,64.9
9213,384,42,Computer Science,Unit Test 1,25,13.7
9214,384,42,Computer Science,Unit Test 2,25,10.2
9215,384,42,Computer Science,Half Yearly,100,48.0
9216,384,42,Computer Science,Annual Exam,100,30.9
9217,385,37,Mathematics,Unit Test 1,25,21.3
9218,385,37,Mathematics,Unit Test 2,25,18.6
9219,385,37,Mathematics,Half Yearly,100,91.1
9220,385,37,Mathematics,Annual Exam,100,80.1
9221,385,38,Science,Unit Test 1,25,18.1
9222,385,38,Science,Unit Test 2,25,16.9
9223,385,38,Science,Half Yearly,100,63.4
9224,385,38,Science,Annual Exam,100,74.7
9225,385,39,English,Unit Test 1,25,22.6
9226,385,39,English,Unit Test 2,25,18.1
9227,385,39,English,Half Yearly,100,73.9
9228,385,39,English,Annual Exam,100,83.8
9229,385,40,Social Studies,Unit Test 1,25,19.4
9230,385,40,Social Studies,Unit Test 2,25,20.5
9231,385,40,Social Studies,Half Yearly,100,87.6
9232,385,40,Social Studies,Annual Exam,100,94.2
9233,385,41,Telugu,Unit Test 1,25,18.3
9234,385,41,Telugu,Unit Test 2,25,18.0
9235,385,41,Telugu,Half Yearly,100,59.4
9236,385,41,Telugu,Annual Exam,100,65.1
9237,385,42,Computer Science,Unit Test 1,25,19.0
9238,385,42,Computer Science,Unit Test 2,25,18.0
9239,385,42,Computer Science,Half Yearly,100,82.1
9240,385,42,Computer Science,Annual Exam,100,67.6
9241,386,37,Mathematics,Unit Test 1,25,20.7
9242,386,37,Mathematics,Unit Test 2,25,25.0
9243,386,37,Mathematics,Half Yearly,100,97.4
9244,386,37,Mathematics,Annual Exam,100,100.0
9245,386,38,Science,Unit Test 1,25,20.8
9246,386,38,Science,Unit Test 2,25,23.4
9247,386,38,Science,Half Yearly,100,85.7
9248,386,38,Science,Annual Exam,100,91.0
9249,386,39,English,Unit Test 1,25,24.1
9250,386,39,English,Unit Test 2,25,25.0
9251,386,39,English,Half Yearly,100,97.5
9252,386,39,English,Annual Exam,100,92.5
9253,386,40,Social Studies,Unit Test 1,25,21.3
9254,386,40,Social Studies,Unit Test 2,25,20.9
9255,386,40,Social Studies,Half Yearly,100,100.0
9256,386,40,Social Studies,Annual Exam,100,94.5
9257,386,41,Telugu,Unit Test 1,25,21.8
9258,386,41,Telugu,Unit Test 2,25,25.0
9259,386,41,Telugu,Half Yearly,100,90.2
9260,386,41,Telugu,Annual Exam,100,95.2
9261,386,42,Computer Science,Unit Test 1,25,25.0
9262,386,42,Computer Science,Unit Test 2,25,25.0
9263,386,42,Computer Science,Half Yearly,100,89.3
9264,386,42,Computer Science,Annual Exam,100,100.0
9265,387,37,Mathematics,Unit Test 1,25,18.3
9266,387,37,Mathematics,Unit Test 2,25,24.1
9267,387,37,Mathematics,Half Yearly,100,92.6
9268,387,37,Mathematics,Annual Exam,100,86.2
9269,387,38,Science,Unit Test 1,25,20.0
9270,387,38,Science,Unit Test 2,25,23.3
9271,387,38,Science,Half Yearly,100,87.0
9272,387,38,Science,Annual Exam,100,87.0
9273,387,39,English,Unit Test 1,25,22.0
9274,387,39,English,Unit Test 2,25,24.0
9275,387,39,English,Half Yearly,100,89.3
9276,387,39,English,Annual Exam,100,89.9
9277,387,40,Social Studies,Unit Test 1,25,21.0
9278,387,40,Social Studies,Unit Test 2,25,19.9
9279,387,40,Social Studies,Half Yearly,100,76.2
9280,387,40,Social Studies,Annual Exam,100,94.7
9281,387,41,Telugu,Unit Test 1,25,20.9
9282,387,41,Telugu,Unit Test 2,25,22.9
9283,387,41,Telugu,Half Yearly,100,92.7
9284,387,41,Telugu,Annual Exam,100,100.0
9285,387,42,Computer Science,Unit Test 1,25,23.5
9286,387,42,Computer Science,Unit Test 2,25,18.8
9287,387,42,Computer Science,Half Yearly,100,69.8
9288,387,42,Computer Science,Annual Exam,100,94.0
9289,388,37,Mathematics,Unit Test 1,25,16.1
9290,388,37,Mathematics,Unit Test 2,25,14.3
9291,388,37,Mathematics,Half Yearly,100,64.4
9292,388,37,Mathematics,Annual Exam,100,55.7
9293,388,38,Science,Unit Test 1,25,21.6
9294,388,38,Science,Unit Test 2,25,20.0
9295,388,38,Science,Half Yearly,100,73.7
9296,388,38,Science,Annual Exam,100,64.9
9297,388,39,English,Unit Test 1,25,15.6
9298,388,39,English,Unit Test 2,25,17.1
9299,388,39,English,Half Yearly,100,55.5
9300,388,39,English,Annual Exam,100,73.2
9301,388,40,Social Studies,Unit Test 1,25,19.8
9302,388,40,Social Studies,Unit Test 2,25,22.2
9303,388,40,Social Studies,Half Yearly,100,74.4
9304,388,40,Social Studies,Annual Exam,100,72.7
9305,388,41,Telugu,Unit Test 1,25,16.2
9306,388,41,Telugu,Unit Test 2,25,17.7
9307,388,41,Telugu,Half Yearly,100,65.8
9308,388,41,Telugu,Annual Exam,100,75.0
9309,388,42,Computer Science,Unit Test 1,25,17.1
9310,388,42,Computer Science,Unit Test 2,25,14.5
9311,388,42,Computer Science,Half Yearly,100,66.3
9312,388,42,Computer Science,Annual Exam,100,72.0
9313,389,37,Mathematics,Unit Test 1,25,14.9
9314,389,37,Mathematics,Unit Test 2,25,15.2
9315,389,37,Mathematics,Half Yearly,100,53.2
9316,389,37,Mathematics,Annual Exam,100,87.6
9317,389,38,Science,Unit Test 1,25,18.1
9318,389,38,Science,Unit Test 2,25,14.9
9319,389,38,Science,Half Yearly,100,68.5
9320,389,38,Science,Annual Exam,100,58.5
9321,389,39,English,Unit Test 1,25,14.3
9322,389,39,English,Unit Test 2,25,17.0
9323,389,39,English,Half Yearly,100,74.9
9324,389,39,English,Annual Exam,100,68.9
9325,389,40,Social Studies,Unit Test 1,25,18.2
9326,389,40,Social Studies,Unit Test 2,25,18.1
9327,389,40,Social Studies,Half Yearly,100,65.8
9328,389,40,Social Studies,Annual Exam,100,71.1
9329,389,41,Telugu,Unit Test 1,25,17.0
9330,389,41,Telugu,Unit Test 2,25,14.1
9331,389,41,Telugu,Half Yearly,100,77.9
9332,389,41,Telugu,Annual Exam,100,63.2
9333,389,42,Computer Science,Unit Test 1,25,21.2
9334,389,42,Computer Science,Unit Test 2,25,18.9
9335,389,42,Computer Science,Half Yearly,100,93.4
9336,389,42,Computer Science,Annual Exam,100,84.6
9337,390,37,Mathematics,Unit Test 1,25,15.9
9338,390,37,Mathematics,Unit Test 2,25,12.7
9339,390,37,Mathematics,Half Yearly,100,55.2
9340,390,37,Mathematics,Annual Exam,100,32.2
9341,390,38,Science,Unit Test 1,25,12.1
9342,390,38,Science,Unit Test 2,25,10.3
9343,390,38,Science,Half Yearly,100,46.9
9344,390,38,Science,Annual Exam,100,52.1
9345,390,39,English,Unit Test 1,25,16.7
9346,390,39,English,Unit Test 2,25,13.9
9347,390,39,English,Half Yearly,100,62.3
9348,390,39,English,Annual Exam,100,52.3
9349,390,40,Social Studies,Unit Test 1,25,12.1
9350,390,40,Social Studies,Unit Test 2,25,13.7
9351,390,40,Social Studies,Half Yearly,100,34.7
9352,390,40,Social Studies,Annual Exam,100,43.3
9353,390,41,Telugu,Unit Test 1,25,13.2
9354,390,41,Telugu,Unit Test 2,25,10.8
9355,390,41,Telugu,Half Yearly,100,44.5
9356,390,41,Telugu,Annual Exam,100,46.2
9357,390,42,Computer Science,Unit Test 1,25,12.4
9358,390,42,Computer Science,Unit Test 2,25,13.2
9359,390,42,Computer Science,Half Yearly,100,58.9
9360,390,42,Computer Science,Annual Exam,100,40.6
9361,391,37,Mathematics,Unit Test 1,25,17.6
9362,391,37,Mathematics,Unit Test 2,25,20.5
9363,391,37,Mathematics,Half Yearly,100,75.6
9364,391,37,Mathematics,Annual Exam,100,68.1
9365,391,38,Science,Unit Test 1,25,9.2
9366,391,38,Science,Unit Test 2,25,17.6
9367,391,38,Science,Half Yearly,100,61.1
9368,391,38,Science,Annual Exam,100,54.1
9369,391,39,English,Unit Test 1,25,14.0
9370,391,39,English,Unit Test 2,25,16.7
9371,391,39,English,Half Yearly,100,57.2
9372,391,39,English,Annual Exam,100,69.2
9373,391,40,Social Studies,Unit Test 1,25,12.2
9374,391,40,Social Studies,Unit Test 2,25,15.1
9375,391,40,Social Studies,Half Yearly,100,59.4
9376,391,40,Social Studies,Annual Exam,100,56.7
9377,391,41,Telugu,Unit Test 1,25,18.5
9378,391,41,Telugu,Unit Test 2,25,15.4
9379,391,41,Telugu,Half Yearly,100,76.0
9380,391,41,Telugu,Annual Exam,100,60.2
9381,391,42,Computer Science,Unit Test 1,25,16.9
9382,391,42,Computer Science,Unit Test 2,25,13.7
9383,391,42,Computer Science,Half Yearly,100,78.1
9384,391,42,Computer Science,Annual Exam,100,57.4
9385,392,37,Mathematics,Unit Test 1,25,18.0
9386,392,37,Mathematics,Unit Test 2,25,18.4
9387,392,37,Mathematics,Half Yearly,100,77.4
9388,392,37,Mathematics,Annual Exam,100,70.4
9389,392,38,Science,Unit Test 1,25,21.6
9390,392,38,Science,Unit Test 2,25,18.4
9391,392,38,Science,Half Yearly,100,78.5
9392,392,38,Science,Annual Exam,100,69.8
9393,392,39,English,Unit Test 1,25,15.9
9394,392,39,English,Unit Test 2,25,16.6
9395,392,39,English,Half Yearly,100,83.0
9396,392,39,English,Annual Exam,100,70.5
9397,392,40,Social Studies,Unit Test 1,25,18.8
9398,392,40,Social Studies,Unit Test 2,25,16.5
9399,392,40,Social Studies,Half Yearly,100,74.3
9400,392,40,Social Studies,Annual Exam,100,73.1
9401,392,41,Telugu,Unit Test 1,25,17.4
9402,392,41,Telugu,Unit Test 2,25,17.6
9403,392,41,Telugu,Half Yearly,100,68.7
9404,392,41,Telugu,Annual Exam,100,73.0
9405,392,42,Computer Science,Unit Test 1,25,18.1
9406,392,42,Computer Science,Unit Test 2,25,17.0
9407,392,42,Computer Science,Half Yearly,100,76.8
9408,392,42,Computer Science,Annual Exam,100,65.8
9409,393,37,Mathematics,Unit Test 1,25,21.2
9410,393,37,Mathematics,Unit Test 2,25,19.2
9411,393,37,Mathematics,Half Yearly,100,77.8
9412,393,37,Mathematics,Annual Exam,100,89.6
9413,393,38,Science,Unit Test 1,25,25.0
9414,393,38,Science,Unit Test 2,25,25.0
9415,393,38,Science,Half Yearly,100,98.9
9416,393,38,Science,Annual Exam,100,88.8
9417,393,39,English,Unit Test 1,25,21.2
9418,393,39,English,Unit Test 2,25,19.7
9419,393,39,English,Half Yearly,100,89.2
9420,393,39,English,Annual Exam,100,87.3
9421,393,40,Social Studies,Unit Test 1,25,23.4
9422,393,40,Social Studies,Unit Test 2,25,22.0
9423,393,40,Social Studies,Half Yearly,100,99.2
9424,393,40,Social Studies,Annual Exam,100,74.3
9425,393,41,Telugu,Unit Test 1,25,24.5
9426,393,41,Telugu,Unit Test 2,25,20.6
9427,393,41,Telugu,Half Yearly,100,80.4
9428,393,41,Telugu,Annual Exam,100,88.0
9429,393,42,Computer Science,Unit Test 1,25,22.1
9430,393,42,Computer Science,Unit Test 2,25,18.6
9431,393,42,Computer Science,Half Yearly,100,83.1
9432,393,42,Computer Science,Annual Exam,100,81.6
9433,394,37,Mathematics,Unit Test 1,25,19.9
9434,394,37,Mathematics,Unit Test 2,25,20.4
9435,394,37,Mathematics,Half Yearly,100,83.8
9436,394,37,Mathematics,Annual Exam,100,77.7
9437,394,38,Science,Unit Test 1,25,24.3
9438,394,38,Science,Unit Test 2,25,22.3
9439,394,38,Science,Half Yearly,100,78.6
9440,394,38,Science,Annual Exam,100,91.6
9441,394,39,English,Unit Test 1,25,19.8
9442,394,39,English,Unit Test 2,25,16.7
9443,394,39,English,Half Yearly,100,79.9
9444,394,39,English,Annual Exam,100,81.7
9445,394,40,Social Studies,Unit Test 1,25,18.4
9446,394,40,Social Studies,Unit Test 2,25,21.4
9447,394,40,Social Studies,Half Yearly,100,81.9
9448,394,40,Social Studies,Annual Exam,100,79.8
9449,394,41,Telugu,Unit Test 1,25,21.7
9450,394,41,Telugu,Unit Test 2,25,22.6
9451,394,41,Telugu,Half Yearly,100,72.7
9452,394,41,Telugu,Annual Exam,100,85.7
9453,394,42,Computer Science,Unit Test 1,25,22.0
9454,394,42,Computer Science,Unit Test 2,25,25.0
9455,394,42,Computer Science,Half Yearly,100,88.5
9456,394,42,Computer Science,Annual Exam,100,95.1
9457,395,37,Mathematics,Unit Test 1,25,25.0
9458,395,37,Mathematics,Unit Test 2,25,25.0
9459,395,37,Mathematics,Half Yearly,100,96.7
9460,395,37,Mathematics,Annual Exam,100,88.5
9461,395,38,Science,Unit Test 1,25,22.2
9462,395,38,Science,Unit Test 2,25,21.9
9463,395,38,Science,Half Yearly,100,89.4
9464,395,38,Science,Annual Exam,100,77.6
9465,395,39,English,Unit Test 1,25,23.3
9466,395,39,English,Unit Test 2,25,24.2
9467,395,39,English,Half Yearly,100,100.0
9468,395,39,English,Annual Exam,100,90.3
9469,395,40,Social Studies,Unit Test 1,25,20.1
9470,395,40,Social Studies,Unit Test 2,25,20.9
9471,395,40,Social Studies,Half Yearly,100,90.5
9472,395,40,Social Studies,Annual Exam,100,75.8
9473,395,41,Telugu,Unit Test 1,25,25.0
9474,395,41,Telugu,Unit Test 2,25,23.2
9475,395,41,Telugu,Half Yearly,100,100.0
9476,395,41,Telugu,Annual Exam,100,94.6
9477,395,42,Computer Science,Unit Test 1,25,19.3
9478,395,42,Computer Science,Unit Test 2,25,19.9
9479,395,42,Computer Science,Half Yearly,100,85.3
9480,395,42,Computer Science,Annual Exam,100,73.7
9481,396,37,Mathematics,Unit Test 1,25,21.8
9482,396,37,Mathematics,Unit Test 2,25,19.8
9483,396,37,Mathematics,Half Yearly,100,81.7
9484,396,37,Mathematics,Annual Exam,100,86.0
9485,396,38,Science,Unit Test 1,25,20.6
9486,396,38,Science,Unit Test 2,25,18.4
9487,396,38,Science,Half Yearly,100,91.1
9488,396,38,Science,Annual Exam,100,77.8
9489,396,39,English,Unit Test 1,25,22.7
9490,396,39,English,Unit Test 2,25,16.2
9491,396,39,English,Half Yearly,100,79.2
9492,396,39,English,Annual Exam,100,72.4
9493,396,40,Social Studies,Unit Test 1,25,18.9
9494,396,40,Social Studies,Unit Test 2,25,20.6
9495,396,40,Social Studies,Half Yearly,100,75.0
9496,396,40,Social Studies,Annual Exam,100,71.4
9497,396,41,Telugu,Unit Test 1,25,17.9
9498,396,41,Telugu,Unit Test 2,25,17.2
9499,396,41,Telugu,Half Yearly,100,66.7
9500,396,41,Telugu,Annual Exam,100,68.2
9501,396,42,Computer Science,Unit Test 1,25,21.4
9502,396,42,Computer Science,Unit Test 2,25,20.9
9503,396,42,Computer Science,Half Yearly,100,84.8
9504,396,42,Computer Science,Annual Exam,100,93.5
9505,397,37,Mathematics,Unit Test 1,25,24.0
9506,397,37,Mathematics,Unit Test 2,25,21.6
9507,397,37,Mathematics,Half Yearly,100,100.0
9508,397,37,Mathematics,Annual Exam,100,90.0
9509,397,38,Science,Unit Test 1,25,25.0
9510,397,38,Science,Unit Test 2,25,21.5
9511,397,38,Science,Half Yearly,100,86.9
9512,397,38,Science,Annual Exam,100,89.4
9513,397,39,English,Unit Test 1,25,25.0
9514,397,39,English,Unit Test 2,25,25.0
9515,397,39,English,Half Yearly,100,100.0
9516,397,39,English,Annual Exam,100,100.0
9517,397,40,Social Studies,Unit Test 1,25,25.0
9518,397,40,Social Studies,Unit Test 2,25,25.0
9519,397,40,Social Studies,Half Yearly,100,100.0
9520,397,40,Social Studies,Annual Exam,100,100.0
9521,397,41,Telugu,Unit Test 1,25,23.1
9522,397,41,Telugu,Unit Test 2,25,20.9
9523,397,41,Telugu,Half Yearly,100,89.8
9524,397,41,Telugu,Annual Exam,100,86.8
9525,397,42,Computer Science,Unit Test 1,25,25.0
9526,397,42,Computer Science,Unit Test 2,25,18.5
9527,397,42,Computer Science,Half Yearly,100,87.6
9528,397,42,Computer Science,Annual Exam,100,88.5
9529,398,37,Mathematics,Unit Test 1,25,16.1
9530,398,37,Mathematics,Unit Test 2,25,14.7
9531,398,37,Mathematics,Half Yearly,100,83.3
9532,398,37,Mathematics,Annual Exam,100,67.6
9533,398,38,Science,Unit Test 1,25,19.1
9534,398,38,Science,Unit Test 2,25,21.2
9535,398,38,Science,Half Yearly,100,61.1
9536,398,38,Science,Annual Exam,100,73.3
9537,398,39,English,Unit Test 1,25,14.7
9538,398,39,English,Unit Test 2,25,16.8
9539,398,39,English,Half Yearly,100,69.7
9540,398,39,English,Annual Exam,100,58.9
9541,398,40,Social Studies,Unit Test 1,25,16.2
9542,398,40,Social Studies,Unit Test 2,25,12.9
9543,398,40,Social Studies,Half Yearly,100,59.9
9544,398,40,Social Studies,Annual Exam,100,72.3
9545,398,41,Telugu,Unit Test 1,25,19.7
9546,398,41,Telugu,Unit Test 2,25,20.2
9547,398,41,Telugu,Half Yearly,100,67.1
9548,398,41,Telugu,Annual Exam,100,75.4
9549,398,42,Computer Science,Unit Test 1,25,15.0
9550,398,42,Computer Science,Unit Test 2,25,12.5
9551,398,42,Computer Science,Half Yearly,100,71.3
9552,398,42,Computer Science,Annual Exam,100,57.9
9553,399,37,Mathematics,Unit Test 1,25,16.7
9554,399,37,Mathematics,Unit Test 2,25,12.9
9555,399,37,Mathematics,Half Yearly,100,61.4
9556,399,37,Mathematics,Annual Exam,100,53.3
9557,399,38,Science,Unit Test 1,25,16.0
9558,399,38,Science,Unit Test 2,25,9.7
9559,399,38,Science,Half Yearly,100,68.8
9560,399,38,Science,Annual Exam,100,59.8
9561,399,39,English,Unit Test 1,25,17.8
9562,399,39,English,Unit Test 2,25,18.5
9563,399,39,English,Half Yearly,100,75.8
9564,399,39,English,Annual Exam,100,76.7
9565,399,40,Social Studies,Unit Test 1,25,15.5
9566,399,40,Social Studies,Unit Test 2,25,13.2
9567,399,40,Social Studies,Half Yearly,100,56.9
9568,399,40,Social Studies,Annual Exam,100,58.2
9569,399,41,Telugu,Unit Test 1,25,18.9
9570,399,41,Telugu,Unit Test 2,25,14.0
9571,399,41,Telugu,Half Yearly,100,59.7
9572,399,41,Telugu,Annual Exam,100,83.2
9573,399,42,Computer Science,Unit Test 1,25,17.9
9574,399,42,Computer Science,Unit Test 2,25,17.0
9575,399,42,Computer Science,Half Yearly,100,71.0
9576,399,42,Computer Science,Annual Exam,100,74.7
9577,400,37,Mathematics,Unit Test 1,25,17.4
9578,400,37,Mathematics,Unit Test 2,25,21.0
9579,400,37,Mathematics,Half Yearly,100,74.9
9580,400,37,Mathematics,Annual Exam,100,74.0
9581,400,38,Science,Unit Test 1,25,18.3
9582,400,38,Science,Unit Test 2,25,17.9
9583,400,38,Science,Half Yearly,100,69.4
9584,400,38,Science,Annual Exam,100,80.1
9585,400,39,English,Unit Test 1,25,15.7
9586,400,39,English,Unit Test 2,25,14.3
9587,400,39,English,Half Yearly,100,70.4
9588,400,39,English,Annual Exam,100,58.0
9589,400,40,Social Studies,Unit Test 1,25,15.4
9590,400,40,Social Studies,Unit Test 2,25,16.2
9591,400,40,Social Studies,Half Yearly,100,67.1
9592,400,40,Social Studies,Annual Exam,100,68.7
9593,400,41,Telugu,Unit Test 1,25,15.4
9594,400,41,Telugu,Unit Test 2,25,14.7
9595,400,41,Telugu,Half Yearly,100,68.7
9596,400,41,Telugu,Annual Exam,100,51.6
9597,400,42,Computer Science,Unit Test 1,25,9.3
9598,400,42,Computer Science,Unit Test 2,25,14.2
9599,400,42,Computer Science,Half Yearly,100,74.9
9600,400,42,Computer Science,Annual Exam,100,52.0
9601,401,37,Mathematics,Unit Test 1,25,24.1
9602,401,37,Mathematics,Unit Test 2,25,22.7
9603,401,37,Mathematics,Half Yearly,100,100.0
9604,401,37,Mathematics,Annual Exam,100,88.4
9605,401,38,Science,Unit Test 1,25,22.6
9606,401,38,Science,Unit Test 2,25,24.0
9607,401,38,Science,Half Yearly,100,94.6
9608,401,38,Science,Annual Exam,100,93.5
9609,401,39,English,Unit Test 1,25,24.2
9610,401,39,English,Unit Test 2,25,21.5
9611,401,39,English,Half Yearly,100,62.8
9612,401,39,English,Annual Exam,100,77.3
9613,401,40,Social Studies,Unit Test 1,25,25.0
9614,401,40,Social Studies,Unit Test 2,25,21.8
9615,401,40,Social Studies,Half Yearly,100,92.4
9616,401,40,Social Studies,Annual Exam,100,84.9
9617,401,41,Telugu,Unit Test 1,25,25.0
9618,401,41,Telugu,Unit Test 2,25,23.9
9619,401,41,Telugu,Half Yearly,100,98.4
9620,401,41,Telugu,Annual Exam,100,100.0
9621,401,42,Computer Science,Unit Test 1,25,20.6
9622,401,42,Computer Science,Unit Test 2,25,24.1
9623,401,42,Computer Science,Half Yearly,100,84.2
9624,401,42,Computer Science,Annual Exam,100,88.4
9625,402,37,Mathematics,Unit Test 1,25,16.1
9626,402,37,Mathematics,Unit Test 2,25,13.6
9627,402,37,Mathematics,Half Yearly,100,66.4
9628,402,37,Mathematics,Annual Exam,100,67.8
9629,402,38,Science,Unit Test 1,25,19.8
9630,402,38,Science,Unit Test 2,25,18.4
9631,402,38,Science,Half Yearly,100,71.6
9632,402,38,Science,Annual Exam,100,60.4
9633,402,39,English,Unit Test 1,25,15.9
9634,402,39,English,Unit Test 2,25,15.3
9635,402,39,English,Half Yearly,100,68.4
9636,402,39,English,Annual Exam,100,87.7
9637,402,40,Social Studies,Unit Test 1,25,13.3
9638,402,40,Social Studies,Unit Test 2,25,12.6
9639,402,40,Social Studies,Half Yearly,100,58.8
9640,402,40,Social Studies,Annual Exam,100,47.2
9641,402,41,Telugu,Unit Test 1,25,15.2
9642,402,41,Telugu,Unit Test 2,25,17.2
9643,402,41,Telugu,Half Yearly,100,75.8
9644,402,41,Telugu,Annual Exam,100,60.9
9645,402,42,Computer Science,Unit Test 1,25,16.2
9646,402,42,Computer Science,Unit Test 2,25,13.2
9647,402,42,Computer Science,Half Yearly,100,59.3
9648,402,42,Computer Science,Annual Exam,100,64.6
9649,403,37,Mathematics,Unit Test 1,25,16.4
9650,403,37,Mathematics,Unit Test 2,25,15.0
9651,403,37,Mathematics,Half Yearly,100,74.3
9652,403,37,Mathematics,Annual Exam,100,55.8
9653,403,38,Science,Unit Test 1,25,17.6
9654,403,38,Science,Unit Test 2,25,20.5
9655,403,38,Science,Half Yearly,100,58.3
9656,403,38,Science,Annual Exam,100,63.3
9657,403,39,English,Unit Test 1,25,18.3
9658,403,39,English,Unit Test 2,25,17.4
9659,403,39,English,Half Yearly,100,65.5
9660,403,39,English,Annual Exam,100,70.8
9661,403,40,Social Studies,Unit Test 1,25,17.4
9662,403,40,Social Studies,Unit Test 2,25,21.0
9663,403,40,Social Studies,Half Yearly,100,74.2
9664,403,40,Social Studies,Annual Exam,100,71.0
9665,403,41,Telugu,Unit Test 1,25,16.2
9666,403,41,Telugu,Unit Test 2,25,17.1
9667,403,41,Telugu,Half Yearly,100,64.9
9668,403,41,Telugu,Annual Exam,100,59.8
9669,403,42,Computer Science,Unit Test 1,25,16.0
9670,403,42,Computer Science,Unit Test 2,25,15.3
9671,403,42,Computer Science,Half Yearly,100,87.0
9672,403,42,Computer Science,Annual Exam,100,68.1
9673,404,37,Mathematics,Unit Test 1,25,25.0
9674,404,37,Mathematics,Unit Test 2,25,20.3
9675,404,37,Mathematics,Half Yearly,100,95.8
9676,404,37,Mathematics,Annual Exam,100,94.1
9677,404,38,Science,Unit Test 1,25,19.2
9678,404,38,Science,Unit Test 2,25,25.0
9679,404,38,Science,Half Yearly,100,91.7
9680,404,38,Science,Annual Exam,100,84.3
9681,404,39,English,Unit Test 1,25,20.4
9682,404,39,English,Unit Test 2,25,21.5
9683,404,39,English,Half Yearly,100,88.9
9684,404,39,English,Annual Exam,100,91.8
9685,404,40,Social Studies,Unit Test 1,25,21.9
9686,404,40,Social Studies,Unit Test 2,25,21.2
9687,404,40,Social Studies,Half Yearly,100,100.0
9688,404,40,Social Studies,Annual Exam,100,91.5
9689,404,41,Telugu,Unit Test 1,25,21.0
9690,404,41,Telugu,Unit Test 2,25,22.1
9691,404,41,Telugu,Half Yearly,100,94.0
9692,404,41,Telugu,Annual Exam,100,75.6
9693,404,42,Computer Science,Unit Test 1,25,22.4
9694,404,42,Computer Science,Unit Test 2,25,22.1
9695,404,42,Computer Science,Half Yearly,100,98.6
9696,404,42,Computer Science,Annual Exam,100,97.5
9697,405,37,Mathematics,Unit Test 1,25,19.1
9698,405,37,Mathematics,Unit Test 2,25,25.0
9699,405,37,Mathematics,Half Yearly,100,90.7
9700,405,37,Mathematics,Annual Exam,100,63.2
9701,405,38,Science,Unit Test 1,25,20.2
9702,405,38,Science,Unit Test 2,25,17.2
9703,405,38,Science,Half Yearly,100,77.9
9704,405,38,Science,Annual Exam,100,70.4
9705,405,39,English,Unit Test 1,25,22.7
9706,405,39,English,Unit Test 2,25,20.5
9707,405,39,English,Half Yearly,100,82.8
9708,405,39,English,Annual Exam,100,80.4
9709,405,40,Social Studies,Unit Test 1,25,21.7
9710,405,40,Social Studies,Unit Test 2,25,19.0
9711,405,40,Social Studies,Half Yearly,100,79.4
9712,405,40,Social Studies,Annual Exam,100,80.4
9713,405,41,Telugu,Unit Test 1,25,19.8
9714,405,41,Telugu,Unit Test 2,25,22.3
9715,405,41,Telugu,Half Yearly,100,88.5
9716,405,41,Telugu,Annual Exam,100,93.6
9717,405,42,Computer Science,Unit Test 1,25,18.9
9718,405,42,Computer Science,Unit Test 2,25,24.2
9719,405,42,Computer Science,Half Yearly,100,89.5
9720,405,42,Computer Science,Annual Exam,100,82.3
9721,406,37,Mathematics,Unit Test 1,25,20.1
9722,406,37,Mathematics,Unit Test 2,25,21.5
9723,406,37,Mathematics,Half Yearly,100,83.5
9724,406,37,Mathematics,Annual Exam,100,98.8
9725,406,38,Science,Unit Test 1,25,14.0
9726,406,38,Science,Unit Test 2,25,17.1
9727,406,38,Science,Half Yearly,100,76.1
9728,406,38,Science,Annual Exam,100,74.2
9729,406,39,English,Unit Test 1,25,13.0
9730,406,39,English,Unit Test 2,25,15.3
9731,406,39,English,Half Yearly,100,63.6
9732,406,39,English,Annual Exam,100,65.4
9733,406,40,Social Studies,Unit Test 1,25,16.6
9734,406,40,Social Studies,Unit Test 2,25,18.2
9735,406,40,Social Studies,Half Yearly,100,67.3
9736,406,40,Social Studies,Annual Exam,100,66.3
9737,406,41,Telugu,Unit Test 1,25,23.4
9738,406,41,Telugu,Unit Test 2,25,20.2
9739,406,41,Telugu,Half Yearly,100,76.7
9740,406,41,Telugu,Annual Exam,100,69.3
9741,406,42,Computer Science,Unit Test 1,25,18.7
9742,406,42,Computer Science,Unit Test 2,25,16.5
9743,406,42,Computer Science,Half Yearly,100,64.9
9744,406,42,Computer Science,Annual Exam,100,82.7
9745,407,37,Mathematics,Unit Test 1,25,16.6
9746,407,37,Mathematics,Unit Test 2,25,20.5
9747,407,37,Mathematics,Half Yearly,100,51.9
9748,407,37,Mathematics,Annual Exam,100,63.0
9749,407,38,Science,Unit Test 1,25,16.2
9750,407,38,Science,Unit Test 2,25,13.1
9751,407,38,Science,Half Yearly,100,55.7
9752,407,38,Science,Annual Exam,100,60.7
9753,407,39,English,Unit Test 1,25,22.1
9754,407,39,English,Unit Test 2,25,16.3
9755,407,39,English,Half Yearly,100,62.6
9756,407,39,English,Annual Exam,100,75.3
9757,407,40,Social Studies,Unit Test 1,25,14.6
9758,407,40,Social Studies,Unit Test 2,25,20.2
9759,407,40,Social Studies,Half Yearly,100,66.6
9760,407,40,Social Studies,Annual Exam,100,72.3
9761,407,41,Telugu,Unit Test 1,25,20.1
9762,407,41,Telugu,Unit Test 2,25,15.6
9763,407,41,Telugu,Half Yearly,100,77.5
9764,407,41,Telugu,Annual Exam,100,89.8
9765,407,42,Computer Science,Unit Test 1,25,18.0
9766,407,42,Computer Science,Unit Test 2,25,18.7
9767,407,42,Computer Science,Half Yearly,100,55.6
9768,407,42,Computer Science,Annual Exam,100,56.8
9769,408,37,Mathematics,Unit Test 1,25,15.5
9770,408,37,Mathematics,Unit Test 2,25,17.5
9771,408,37,Mathematics,Half Yearly,100,63.8
9772,408,37,Mathematics,Annual Exam,100,63.3
9773,408,38,Science,Unit Test 1,25,13.5
9774,408,38,Science,Unit Test 2,25,16.6
9775,408,38,Science,Half Yearly,100,71.9
9776,408,38,Science,Annual Exam,100,66.1
9777,408,39,English,Unit Test 1,25,19.8
9778,408,39,English,Unit Test 2,25,23.0
9779,408,39,English,Half Yearly,100,70.5
9780,408,39,English,Annual Exam,100,61.3
9781,408,40,Social Studies,Unit Test 1,25,17.1
9782,408,40,Social Studies,Unit Test 2,25,17.3
9783,408,40,Social Studies,Half Yearly,100,84.2
9784,408,40,Social Studies,Annual Exam,100,67.5
9785,408,41,Telugu,Unit Test 1,25,18.5
9786,408,41,Telugu,Unit Test 2,25,16.6
9787,408,41,Telugu,Half Yearly,100,69.9
9788,408,41,Telugu,Annual Exam,100,60.1
9789,408,42,Computer Science,Unit Test 1,25,21.8
9790,408,42,Computer Science,Unit Test 2,25,17.5
9791,408,42,Computer Science,Half Yearly,100,62.1
9792,408,42,Computer Science,Annual Exam,100,69.4
9793,409,37,Mathematics,Unit Test 1,25,22.7
9794,409,37,Mathematics,Unit Test 2,25,22.4
9795,409,37,Mathematics,Half Yearly,100,84.5
9796,409,37,Mathematics,Annual Exam,100,91.5
9797,409,38,Science,Unit Test 1,25,22.7
9798,409,38,Science,Unit Test 2,25,20.6
9799,409,38,Science,Half Yearly,100,74.8
9800,409,38,Science,Annual Exam,100,100.0
9801,409,39,English,Unit Test 1,25,20.7
9802,409,39,English,Unit Test 2,25,19.7
9803,409,39,English,Half Yearly,100,89.2
9804,409,39,English,Annual Exam,100,75.4
9805,409,40,Social Studies,Unit Test 1,25,18.2
9806,409,40,Social Studies,Unit Test 2,25,23.2
9807,409,40,Social Studies,Half Yearly,100,83.5
9808,409,40,Social Studies,Annual Exam,100,93.1
9809,409,41,Telugu,Unit Test 1,25,25.0
9810,409,41,Telugu,Unit Test 2,25,24.5
9811,409,41,Telugu,Half Yearly,100,76.9
9812,409,41,Telugu,Annual Exam,100,88.6
9813,409,42,Computer Science,Unit Test 1,25,21.2
9814,409,42,Computer Science,Unit Test 2,25,22.8
9815,409,42,Computer Science,Half Yearly,100,95.3
9816,409,42,Computer Science,Annual Exam,100,88.8
9817,410,37,Mathematics,Unit Test 1,25,11.9
9818,410,37,Mathematics,Unit Test 2,25,12.7
9819,410,37,Mathematics,Half Yearly,100,61.3
9820,410,37,Mathematics,Annual Exam,100,49.7
9821,410,38,Science,Unit Test 1,25,11.5
9822,410,38,Science,Unit Test 2,25,11.7
9823,410,38,Science,Half Yearly,100,42.0
9824,410,38,Science,Annual Exam,100,42.8
9825,410,39,English,Unit Test 1,25,9.7
9826,410,39,English,Unit Test 2,25,12.9
9827,410,39,English,Half Yearly,100,38.1
9828,410,39,English,Annual Exam,100,47.7
9829,410,40,Social Studies,Unit Test 1,25,19.0
9830,410,40,Social Studies,Unit Test 2,25,14.0
9831,410,40,Social Studies,Half Yearly,100,63.8
9832,410,40,Social Studies,Annual Exam,100,63.5
9833,410,41,Telugu,Unit Test 1,25,16.2
9834,410,41,Telugu,Unit Test 2,25,20.5
9835,410,41,Telugu,Half Yearly,100,66.6
9836,410,41,Telugu,Annual Exam,100,64.5
9837,410,42,Computer Science,Unit Test 1,25,13.9
9838,410,42,Computer Science,Unit Test 2,25,12.5
9839,410,42,Computer Science,Half Yearly,100,52.8
9840,410,42,Computer Science,Annual Exam,100,57.0
9841,411,37,Mathematics,Unit Test 1,25,14.7
9842,411,37,Mathematics,Unit Test 2,25,15.9
9843,411,37,Mathematics,Half Yearly,100,60.5
9844,411,37,Mathematics,Annual Exam,100,66.8
9845,411,38,Science,Unit Test 1,25,17.3
9846,411,38,Science,Unit Test 2,25,19.3
9847,411,38,Science,Half Yearly,100,67.6
9848,411,38,Science,Annual Exam,100,63.8
9849,411,39,English,Unit Test 1,25,17.7
9850,411,39,English,Unit Test 2,25,17.4
9851,411,39,English,Half Yearly,100,75.5
9852,411,39,English,Annual Exam,100,61.1
9853,411,40,Social Studies,Unit Test 1,25,18.6
9854,411,40,Social Studies,Unit Test 2,25,16.1
9855,411,40,Social Studies,Half Yearly,100,80.9
9856,411,40,Social Studies,Annual Exam,100,56.0
9857,411,41,Telugu,Unit Test 1,25,13.6
9858,411,41,Telugu,Unit Test 2,25,19.6
9859,411,41,Telugu,Half Yearly,100,68.6
9860,411,41,Telugu,Annual Exam,100,48.0
9861,411,42,Computer Science,Unit Test 1,25,16.7
9862,411,42,Computer Science,Unit Test 2,25,15.5
9863,411,42,Computer Science,Half Yearly,100,56.8
9864,411,42,Computer Science,Annual Exam,100,74.0
9865,412,37,Mathematics,Unit Test 1,25,22.4
9866,412,37,Mathematics,Unit Test 2,25,23.1
9867,412,37,Mathematics,Half Yearly,100,92.9
9868,412,37,Mathematics,Annual Exam,100,85.7
9869,412,38,Science,Unit Test 1,25,21.8
9870,412,38,Science,Unit Test 2,25,23.6
9871,412,38,Science,Half Yearly,100,78.1
9872,412,38,Science,Annual Exam,100,87.1
9873,412,39,English,Unit Test 1,25,23.2
9874,412,39,English,Unit Test 2,25,16.7
9875,412,39,English,Half Yearly,100,84.0
9876,412,39,English,Annual Exam,100,77.3
9877,412,40,Social Studies,Unit Test 1,25,22.8
9878,412,40,Social Studies,Unit Test 2,25,24.8
9879,412,40,Social Studies,Half Yearly,100,93.2
9880,412,40,Social Studies,Annual Exam,100,90.5
9881,412,41,Telugu,Unit Test 1,25,19.6
9882,412,41,Telugu,Unit Test 2,25,17.8
9883,412,41,Telugu,Half Yearly,100,83.9
9884,412,41,Telugu,Annual Exam,100,70.3
9885,412,42,Computer Science,Unit Test 1,25,24.5
9886,412,42,Computer Science,Unit Test 2,25,16.5
9887,412,42,Computer Science,Half Yearly,100,78.1
9888,412,42,Computer Science,Annual Exam,100,80.3
9889,413,37,Mathematics,Unit Test 1,25,14.7
9890,413,37,Mathematics,Unit Test 2,25,18.6
9891,413,37,Mathematics,Half Yearly,100,67.8
9892,413,37,Mathematics,Annual Exam,100,64.2
9893,413,38,Science,Unit Test 1,25,13.2
9894,413,38,Science,Unit Test 2,25,16.7
9895,413,38,Science,Half Yearly,100,55.8
9896,413,38,Science,Annual Exam,100,63.7
9897,413,39,English,Unit Test 1,25,16.1
9898,413,39,English,Unit Test 2,25,16.6
9899,413,39,English,Half Yearly,100,87.9
9900,413,39,English,Annual Exam,100,74.9
9901,413,40,Social Studies,Unit Test 1,25,19.3
9902,413,40,Social Studies,Unit Test 2,25,16.5
9903,413,40,Social Studies,Half Yearly,100,71.1
9904,413,40,Social Studies,Annual Exam,100,55.6
9905,413,41,Telugu,Unit Test 1,25,15.0
9906,413,41,Telugu,Unit Test 2,25,18.3
9907,413,41,Telugu,Half Yearly,100,67.8
9908,413,41,Telugu,Annual Exam,100,64.3
9909,413,42,Computer Science,Unit Test 1,25,12.0
9910,413,42,Computer Science,Unit Test 2,25,15.5
9911,413,42,Computer Science,Half Yearly,100,37.2
9912,413,42,Computer Science,Annual Exam,100,57.3
9913,414,37,Mathematics,Unit Test 1,25,15.5
9914,414,37,Mathematics,Unit Test 2,25,11.3
9915,414,37,Mathematics,Half Yearly,100,40.1
9916,414,37,Mathematics,Annual Exam,100,46.0
9917,414,38,Science,Unit Test 1,25,10.8
9918,414,38,Science,Unit Test 2,25,14.0
9919,414,38,Science,Half Yearly,100,54.0
9920,414,38,Science,Annual Exam,100,56.2
9921,414,39,English,Unit Test 1,25,13.3
9922,414,39,English,Unit Test 2,25,14.0
9923,414,39,English,Half Yearly,100,44.9
9924,414,39,English,Annual Exam,100,40.3
9925,414,40,Social Studies,Unit Test 1,25,12.2
9926,414,40,Social Studies,Unit Test 2,25,10.6
9927,414,40,Social Studies,Half Yearly,100,52.4
9928,414,40,Social Studies,Annual Exam,100,37.2
9929,414,41,Telugu,Unit Test 1,25,15.7
9930,414,41,Telugu,Unit Test 2,25,13.7
9931,414,41,Telugu,Half Yearly,100,52.1
9932,414,41,Telugu,Annual Exam,100,54.1
9933,414,42,Computer Science,Unit Test 1,25,17.0
9934,414,42,Computer Science,Unit Test 2,25,16.7
9935,414,42,Computer Science,Half Yearly,100,65.8
9936,414,42,Computer Science,Annual Exam,100,58.5
9937,415,37,Mathematics,Unit Test 1,25,15.7
9938,415,37,Mathematics,Unit Test 2,25,19.4
9939,415,37,Mathematics,Half Yearly,100,71.7
9940,415,37,Mathematics,Annual Exam,100,67.2
9941,415,38,Science,Unit Test 1,25,17.0
9942,415,38,Science,Unit Test 2,25,17.0
9943,415,38,Science,Half Yearly,100,69.2
9944,415,38,Science,Annual Exam,100,74.2
9945,415,39,English,Unit Test 1,25,14.0
9946,415,39,English,Unit Test 2,25,15.3
9947,415,39,English,Half Yearly,100,58.1
9948,415,39,English,Annual Exam,100,68.1
9949,415,40,Social Studies,Unit Test 1,25,14.5
9950,415,40,Social Studies,Unit Test 2,25,15.6
9951,415,40,Social Studies,Half Yearly,100,73.2
9952,415,40,Social Studies,Annual Exam,100,70.9
9953,415,41,Telugu,Unit Test 1,25,14.8
9954,415,41,Telugu,Unit Test 2,25,19.5
9955,415,41,Telugu,Half Yearly,100,59.3
9956,415,41,Telugu,Annual Exam,100,45.1
9957,415,42,Computer Science,Unit Test 1,25,14.9
9958,415,42,Computer Science,Unit Test 2,25,13.1
9959,415,42,Computer Science,Half Yearly,100,64.2
9960,415,42,Computer Science,Annual Exam,100,73.9
9961,416,37,Mathematics,Unit Test 1,25,16.3
9962,416,37,Mathematics,Unit Test 2,25,17.0
9963,416,37,Mathematics,Half Yearly,100,70.3
9964,416,37,Mathematics,Annual Exam,100,64.5
9965,416,38,Science,Unit Test 1,25,18.6
9966,416,38,Science,Unit Test 2,25,18.9
9967,416,38,Science,Half Yearly,100,57.6
9968,416,38,Science,Annual Exam,100,59.7
9969,416,39,English,Unit Test 1,25,18.8
9970,416,39,English,Unit Test 2,25,19.5
9971,416,39,English,Half Yearly,100,66.9
9972,416,39,English,Annual Exam,100,59.7
9973,416,40,Social Studies,Unit Test 1,25,16.0
9974,416,40,Social Studies,Unit Test 2,25,17.3
9975,416,40,Social Studies,Half Yearly,100,81.3
9976,416,40,Social Studies,Annual Exam,100,59.7
9977,416,41,Telugu,Unit Test 1,25,22.3
9978,416,41,Telugu,Unit Test 2,25,23.8
9979,416,41,Telugu,Half Yearly,100,85.5
9980,416,41,Telugu,Annual Exam,100,82.7
9981,416,42,Computer Science,Unit Test 1,25,20.9
9982,416,42,Computer Science,Unit Test 2,25,15.0
9983,416,42,Computer Science,Half Yearly,100,67.4
9984,416,42,Computer Science,Annual Exam,100,80.7
9985,417,37,Mathematics,Unit Test 1,25,24.2
9986,417,37,Mathematics,Unit Test 2,25,24.0
9987,417,37,Mathematics,Half Yearly,100,92.7
9988,417,37,Mathematics,Annual Exam,100,78.5
9989,417,38,Science,Unit Test 1,25,25.0
9990,417,38,Science,Unit Test 2,25,25.0
9991,417,38,Science,Half Yearly,100,87.5
9992,417,38,Science,Annual Exam,100,92.4
9993,417,39,English,Unit Test 1,25,25.0
9994,417,39,English,Unit Test 2,25,25.0
9995,417,39,English,Half Yearly,100,99.0
9996,417,39,English,Annual Exam,100,95.7
9997,417,40,Social Studies,Unit Test 1,25,25.0
9998,417,40,Social Studies,Unit Test 2,25,25.0
9999,417,40,Social Studies,Half Yearly,100,100.0
10000,417,40,Social Studies,Annual Exam,100,100.0
10001,417,41,Telugu,Unit Test 1,25,24.0
10002,417,41,Telugu,Unit Test 2,25,20.1
10003,417,41,Telugu,Half Yearly,100,94.5
10004,417,41,Telugu,Annual Exam,100,81.8
10005,417,42,Computer Science,Unit Test 1,25,20.4
10006,417,42,Computer Science,Unit Test 2,25,20.3
10007,417,42,Computer Science,Half Yearly,100,79.4
10008,417,42,Computer Science,Annual Exam,100,92.4
10009,418,37,Mathematics,Unit Test 1,25,16.5
10010,418,37,Mathematics,Unit Test 2,25,18.9
10011,418,37,Mathematics,Half Yearly,100,64.4
10012,418,37,Mathematics,Annual Exam,100,62.5
10013,418,38,Science,Unit Test 1,25,12.4
10014,418,38,Science,Unit Test 2,25,11.7
10015,418,38,Science,Half Yearly,100,60.2
10016,418,38,Science,Annual Exam,100,54.7
10017,418,39,English,Unit Test 1,25,17.2
10018,418,39,English,Unit Test 2,25,14.1
10019,418,39,English,Half Yearly,100,79.1
10020,418,39,English,Annual Exam,100,83.9
10021,418,40,Social Studies,Unit Test 1,25,17.3
10022,418,40,Social Studies,Unit Test 2,25,19.3
10023,418,40,Social Studies,Half Yearly,100,73.2
10024,418,40,Social Studies,Annual Exam,100,60.3
10025,418,41,Telugu,Unit Test 1,25,14.0
10026,418,41,Telugu,Unit Test 2,25,13.4
10027,418,41,Telugu,Half Yearly,100,56.3
10028,418,41,Telugu,Annual Exam,100,70.3
10029,418,42,Computer Science,Unit Test 1,25,15.5
10030,418,42,Computer Science,Unit Test 2,25,15.5
10031,418,42,Computer Science,Half Yearly,100,69.5
10032,418,42,Computer Science,Annual Exam,100,67.2
10033,419,37,Mathematics,Unit Test 1,25,21.1
10034,419,37,Mathematics,Unit Test 2,25,18.6
10035,419,37,Mathematics,Half Yearly,100,92.7
10036,419,37,Mathematics,Annual Exam,100,83.6
10037,419,38,Science,Unit Test 1,25,19.6
10038,419,38,Science,Unit Test 2,25,19.4
10039,419,38,Science,Half Yearly,100,87.6
10040,419,38,Science,Annual Exam,100,81.5
10041,419,39,English,Unit Test 1,25,20.4
10042,419,39,English,Unit Test 2,25,20.8
10043,419,39,English,Half Yearly,100,100.0
10044,419,39,English,Annual Exam,100,95.2
10045,419,40,Social Studies,Unit Test 1,25,20.8
10046,419,40,Social Studies,Unit Test 2,25,21.8
10047,419,40,Social Studies,Half Yearly,100,74.8
10048,419,40,Social Studies,Annual Exam,100,85.9
10049,419,41,Telugu,Unit Test 1,25,23.9
10050,419,41,Telugu,Unit Test 2,25,22.8
10051,419,41,Telugu,Half Yearly,100,100.0
10052,419,41,Telugu,Annual Exam,100,88.3
10053,419,42,Computer Science,Unit Test 1,25,25.0
10054,419,42,Computer Science,Unit Test 2,25,25.0
10055,419,42,Computer Science,Half Yearly,100,92.3
10056,419,42,Computer Science,Annual Exam,100,90.1
10057,420,37,Mathematics,Unit Test 1,25,19.1
10058,420,37,Mathematics,Unit Test 2,25,20.3
10059,420,37,Mathematics,Half Yearly,100,76.3
10060,420,37,Mathematics,Annual Exam,100,75.6
10061,420,38,Science,Unit Test 1,25,20.2
10062,420,38,Science,Unit Test 2,25,19.1
10063,420,38,Science,Half Yearly,100,69.1
10064,420,38,Science,Annual Exam,100,75.1
10065,420,39,English,Unit Test 1,25,19.1
10066,420,39,English,Unit Test 2,25,19.2
10067,420,39,English,Half Yearly,100,70.0
10068,420,39,English,Annual Exam,100,73.8
10069,420,40,Social Studies,Unit Test 1,25,16.7
10070,420,40,Social Studies,Unit Test 2,25,23.0
10071,420,40,Social Studies,Half Yearly,100,89.9
10072,420,40,Social Studies,Annual Exam,100,100.0
10073,420,41,Telugu,Unit Test 1,25,15.5
10074,420,41,Telugu,Unit Test 2,25,19.7
10075,420,41,Telugu,Half Yearly,100,72.9
10076,420,41,Telugu,Annual Exam,100,76.6
10077,420,42,Computer Science,Unit Test 1,25,21.5
10078,420,42,Computer Science,Unit Test 2,25,17.2
10079,420,42,Computer Science,Half Yearly,100,88.4
10080,420,42,Computer Science,Annual Exam,100,70.4
10081,421,43,Mathematics,Unit Test 1,25,25.0
10082,421,43,Mathematics,Unit Test 2,25,22.2
10083,421,43,Mathematics,Half Yearly,100,87.7
10084,421,43,Mathematics,Annual Exam,100,92.1
10085,421,44,Science,Unit Test 1,25,17.6
10086,421,44,Science,Unit Test 2,25,21.1
10087,421,44,Science,Half Yearly,100,49.8
10088,421,44,Science,Annual Exam,100,69.3
10089,421,45,English,Unit Test 1,25,18.1
10090,421,45,English,Unit Test 2,25,16.3
10091,421,45,English,Half Yearly,100,50.8
10092,421,45,English,Annual Exam,100,67.0
10093,421,46,Social Studies,Unit Test 1,25,16.9
10094,421,46,Social Studies,Unit Test 2,25,17.4
10095,421,46,Social Studies,Half Yearly,100,81.5
10096,421,46,Social Studies,Annual Exam,100,54.8
10097,421,47,Telugu,Unit Test 1,25,15.2
10098,421,47,Telugu,Unit Test 2,25,14.4
10099,421,47,Telugu,Half Yearly,100,74.5
10100,421,47,Telugu,Annual Exam,100,62.1
10101,421,48,Computer Science,Unit Test 1,25,17.5
10102,421,48,Computer Science,Unit Test 2,25,19.9
10103,421,48,Computer Science,Half Yearly,100,79.2
10104,421,48,Computer Science,Annual Exam,100,70.2
10105,422,43,Mathematics,Unit Test 1,25,15.9
10106,422,43,Mathematics,Unit Test 2,25,18.7
10107,422,43,Mathematics,Half Yearly,100,70.7
10108,422,43,Mathematics,Annual Exam,100,85.7
10109,422,44,Science,Unit Test 1,25,17.1
10110,422,44,Science,Unit Test 2,25,17.0
10111,422,44,Science,Half Yearly,100,60.8
10112,422,44,Science,Annual Exam,100,62.3
10113,422,45,English,Unit Test 1,25,15.3
10114,422,45,English,Unit Test 2,25,13.7
10115,422,45,English,Half Yearly,100,55.0
10116,422,45,English,Annual Exam,100,54.6
10117,422,46,Social Studies,Unit Test 1,25,12.6
10118,422,46,Social Studies,Unit Test 2,25,18.8
10119,422,46,Social Studies,Half Yearly,100,47.4
10120,422,46,Social Studies,Annual Exam,100,61.4
10121,422,47,Telugu,Unit Test 1,25,17.4
10122,422,47,Telugu,Unit Test 2,25,12.9
10123,422,47,Telugu,Half Yearly,100,55.3
10124,422,47,Telugu,Annual Exam,100,69.0
10125,422,48,Computer Science,Unit Test 1,25,14.5
10126,422,48,Computer Science,Unit Test 2,25,16.7
10127,422,48,Computer Science,Half Yearly,100,68.1
10128,422,48,Computer Science,Annual Exam,100,62.9
10129,423,43,Mathematics,Unit Test 1,25,12.2
10130,423,43,Mathematics,Unit Test 2,25,18.3
10131,423,43,Mathematics,Half Yearly,100,44.6
10132,423,43,Mathematics,Annual Exam,100,52.1
10133,423,44,Science,Unit Test 1,25,15.0
10134,423,44,Science,Unit Test 2,25,12.7
10135,423,44,Science,Half Yearly,100,54.8
10136,423,44,Science,Annual Exam,100,40.2
10137,423,45,English,Unit Test 1,25,12.6
10138,423,45,English,Unit Test 2,25,16.7
10139,423,45,English,Half Yearly,100,56.5
10140,423,45,English,Annual Exam,100,54.7
10141,423,46,Social Studies,Unit Test 1,25,14.2
10142,423,46,Social Studies,Unit Test 2,25,14.6
10143,423,46,Social Studies,Half Yearly,100,60.9
10144,423,46,Social Studies,Annual Exam,100,78.3
10145,423,47,Telugu,Unit Test 1,25,11.5
10146,423,47,Telugu,Unit Test 2,25,14.4
10147,423,47,Telugu,Half Yearly,100,48.9
10148,423,47,Telugu,Annual Exam,100,41.8
10149,423,48,Computer Science,Unit Test 1,25,8.3
10150,423,48,Computer Science,Unit Test 2,25,14.9
10151,423,48,Computer Science,Half Yearly,100,38.7
10152,423,48,Computer Science,Annual Exam,100,53.0
10153,424,43,Mathematics,Unit Test 1,25,17.2
10154,424,43,Mathematics,Unit Test 2,25,17.7
10155,424,43,Mathematics,Half Yearly,100,78.9
10156,424,43,Mathematics,Annual Exam,100,70.7
10157,424,44,Science,Unit Test 1,25,15.8
10158,424,44,Science,Unit Test 2,25,19.9
10159,424,44,Science,Half Yearly,100,73.2
10160,424,44,Science,Annual Exam,100,86.6
10161,424,45,English,Unit Test 1,25,15.2
10162,424,45,English,Unit Test 2,25,17.3
10163,424,45,English,Half Yearly,100,71.1
10164,424,45,English,Annual Exam,100,51.4
10165,424,46,Social Studies,Unit Test 1,25,16.8
10166,424,46,Social Studies,Unit Test 2,25,18.7
10167,424,46,Social Studies,Half Yearly,100,72.5
10168,424,46,Social Studies,Annual Exam,100,66.2
10169,424,47,Telugu,Unit Test 1,25,16.0
10170,424,47,Telugu,Unit Test 2,25,13.8
10171,424,47,Telugu,Half Yearly,100,67.5
10172,424,47,Telugu,Annual Exam,100,63.1
10173,424,48,Computer Science,Unit Test 1,25,21.0
10174,424,48,Computer Science,Unit Test 2,25,17.5
10175,424,48,Computer Science,Half Yearly,100,64.2
10176,424,48,Computer Science,Annual Exam,100,58.4
10177,425,43,Mathematics,Unit Test 1,25,22.1
10178,425,43,Mathematics,Unit Test 2,25,19.9
10179,425,43,Mathematics,Half Yearly,100,70.2
10180,425,43,Mathematics,Annual Exam,100,92.7
10181,425,44,Science,Unit Test 1,25,20.4
10182,425,44,Science,Unit Test 2,25,15.7
10183,425,44,Science,Half Yearly,100,66.8
10184,425,44,Science,Annual Exam,100,89.4
10185,425,45,English,Unit Test 1,25,19.2
10186,425,45,English,Unit Test 2,25,18.5
10187,425,45,English,Half Yearly,100,66.8
10188,425,45,English,Annual Exam,100,68.0
10189,425,46,Social Studies,Unit Test 1,25,19.3
10190,425,46,Social Studies,Unit Test 2,25,20.2
10191,425,46,Social Studies,Half Yearly,100,75.0
10192,425,46,Social Studies,Annual Exam,100,94.6
10193,425,47,Telugu,Unit Test 1,25,21.6
10194,425,47,Telugu,Unit Test 2,25,15.6
10195,425,47,Telugu,Half Yearly,100,78.1
10196,425,47,Telugu,Annual Exam,100,99.1
10197,425,48,Computer Science,Unit Test 1,25,21.0
10198,425,48,Computer Science,Unit Test 2,25,22.1
10199,425,48,Computer Science,Half Yearly,100,81.1
10200,425,48,Computer Science,Annual Exam,100,77.7
10201,426,43,Mathematics,Unit Test 1,25,12.3
10202,426,43,Mathematics,Unit Test 2,25,15.1
10203,426,43,Mathematics,Half Yearly,100,46.4
10204,426,43,Mathematics,Annual Exam,100,53.9
10205,426,44,Science,Unit Test 1,25,13.0
10206,426,44,Science,Unit Test 2,25,10.5
10207,426,44,Science,Half Yearly,100,47.2
10208,426,44,Science,Annual Exam,100,33.6
10209,426,45,English,Unit Test 1,25,12.0
10210,426,45,English,Unit Test 2,25,11.6
10211,426,45,English,Half Yearly,100,54.5
10212,426,45,English,Annual Exam,100,45.5
10213,426,46,Social Studies,Unit Test 1,25,13.2
10214,426,46,Social Studies,Unit Test 2,25,13.9
10215,426,46,Social Studies,Half Yearly,100,51.1
10216,426,46,Social Studies,Annual Exam,100,64.1
10217,426,47,Telugu,Unit Test 1,25,10.3
10218,426,47,Telugu,Unit Test 2,25,10.2
10219,426,47,Telugu,Half Yearly,100,43.4
10220,426,47,Telugu,Annual Exam,100,37.6
10221,426,48,Computer Science,Unit Test 1,25,11.0
10222,426,48,Computer Science,Unit Test 2,25,7.5
10223,426,48,Computer Science,Half Yearly,100,32.0
10224,426,48,Computer Science,Annual Exam,100,29.0
10225,427,43,Mathematics,Unit Test 1,25,13.5
10226,427,43,Mathematics,Unit Test 2,25,13.0
10227,427,43,Mathematics,Half Yearly,100,62.8
10228,427,43,Mathematics,Annual Exam,100,63.8
10229,427,44,Science,Unit Test 1,25,16.0
10230,427,44,Science,Unit Test 2,25,13.0
10231,427,44,Science,Half Yearly,100,60.2
10232,427,44,Science,Annual Exam,100,61.5
10233,427,45,English,Unit Test 1,25,18.9
10234,427,45,English,Unit Test 2,25,21.6
10235,427,45,English,Half Yearly,100,73.5
10236,427,45,English,Annual Exam,100,71.5
10237,427,46,Social Studies,Unit Test 1,25,15.7
10238,427,46,Social Studies,Unit Test 2,25,16.7
10239,427,46,Social Studies,Half Yearly,100,73.3
10240,427,46,Social Studies,Annual Exam,100,62.1
10241,427,47,Telugu,Unit Test 1,25,15.9
10242,427,47,Telugu,Unit Test 2,25,16.4
10243,427,47,Telugu,Half Yearly,100,68.1
10244,427,47,Telugu,Annual Exam,100,73.2
10245,427,48,Computer Science,Unit Test 1,25,17.8
10246,427,48,Computer Science,Unit Test 2,25,19.4
10247,427,48,Computer Science,Half Yearly,100,50.8
10248,427,48,Computer Science,Annual Exam,100,74.1
10249,428,43,Mathematics,Unit Test 1,25,11.5
10250,428,43,Mathematics,Unit Test 2,25,14.2
10251,428,43,Mathematics,Half Yearly,100,57.9
10252,428,43,Mathematics,Annual Exam,100,44.7
10253,428,44,Science,Unit Test 1,25,16.6
10254,428,44,Science,Unit Test 2,25,16.1
10255,428,44,Science,Half Yearly,100,69.9
10256,428,44,Science,Annual Exam,100,79.9
10257,428,45,English,Unit Test 1,25,16.2
10258,428,45,English,Unit Test 2,25,13.5
10259,428,45,English,Half Yearly,100,58.4
10260,428,45,English,Annual Exam,100,51.6
10261,428,46,Social Studies,Unit Test 1,25,10.4
10262,428,46,Social Studies,Unit Test 2,25,16.8
10263,428,46,Social Studies,Half Yearly,100,66.6
10264,428,46,Social Studies,Annual Exam,100,62.4
10265,428,47,Telugu,Unit Test 1,25,15.5
10266,428,47,Telugu,Unit Test 2,25,16.7
10267,428,47,Telugu,Half Yearly,100,60.6
10268,428,47,Telugu,Annual Exam,100,53.7
10269,428,48,Computer Science,Unit Test 1,25,14.6
10270,428,48,Computer Science,Unit Test 2,25,18.0
10271,428,48,Computer Science,Half Yearly,100,62.0
10272,428,48,Computer Science,Annual Exam,100,62.6
10273,429,43,Mathematics,Unit Test 1,25,14.0
10274,429,43,Mathematics,Unit Test 2,25,14.7
10275,429,43,Mathematics,Half Yearly,100,46.7
10276,429,43,Mathematics,Annual Exam,100,55.9
10277,429,44,Science,Unit Test 1,25,13.2
10278,429,44,Science,Unit Test 2,25,15.1
10279,429,44,Science,Half Yearly,100,64.5
10280,429,44,Science,Annual Exam,100,50.8
10281,429,45,English,Unit Test 1,25,18.8
10282,429,45,English,Unit Test 2,25,15.4
10283,429,45,English,Half Yearly,100,53.9
10284,429,45,English,Annual Exam,100,57.8
10285,429,46,Social Studies,Unit Test 1,25,12.6
10286,429,46,Social Studies,Unit Test 2,25,17.2
10287,429,46,Social Studies,Half Yearly,100,69.7
10288,429,46,Social Studies,Annual Exam,100,58.7
10289,429,47,Telugu,Unit Test 1,25,20.9
10290,429,47,Telugu,Unit Test 2,25,17.8
10291,429,47,Telugu,Half Yearly,100,81.8
10292,429,47,Telugu,Annual Exam,100,82.4
10293,429,48,Computer Science,Unit Test 1,25,17.8
10294,429,48,Computer Science,Unit Test 2,25,16.4
10295,429,48,Computer Science,Half Yearly,100,68.5
10296,429,48,Computer Science,Annual Exam,100,82.8
10297,430,43,Mathematics,Unit Test 1,25,24.1
10298,430,43,Mathematics,Unit Test 2,25,20.1
10299,430,43,Mathematics,Half Yearly,100,69.0
10300,430,43,Mathematics,Annual Exam,100,73.9
10301,430,44,Science,Unit Test 1,25,18.0
10302,430,44,Science,Unit Test 2,25,17.5
10303,430,44,Science,Half Yearly,100,63.1
10304,430,44,Science,Annual Exam,100,62.6
10305,430,45,English,Unit Test 1,25,22.9
10306,430,45,English,Unit Test 2,25,22.3
10307,430,45,English,Half Yearly,100,75.7
10308,430,45,English,Annual Exam,100,86.5
10309,430,46,Social Studies,Unit Test 1,25,16.4
10310,430,46,Social Studies,Unit Test 2,25,21.7
10311,430,46,Social Studies,Half Yearly,100,77.4
10312,430,46,Social Studies,Annual Exam,100,71.7
10313,430,47,Telugu,Unit Test 1,25,18.8
10314,430,47,Telugu,Unit Test 2,25,16.6
10315,430,47,Telugu,Half Yearly,100,72.6
10316,430,47,Telugu,Annual Exam,100,78.9
10317,430,48,Computer Science,Unit Test 1,25,23.7
10318,430,48,Computer Science,Unit Test 2,25,25.0
10319,430,48,Computer Science,Half Yearly,100,100.0
10320,430,48,Computer Science,Annual Exam,100,69.9
10321,431,43,Mathematics,Unit Test 1,25,19.3
10322,431,43,Mathematics,Unit Test 2,25,20.9
10323,431,43,Mathematics,Half Yearly,100,84.1
10324,431,43,Mathematics,Annual Exam,100,68.5
10325,431,44,Science,Unit Test 1,25,16.4
10326,431,44,Science,Unit Test 2,25,21.2
10327,431,44,Science,Half Yearly,100,71.8
10328,431,44,Science,Annual Exam,100,84.9
10329,431,45,English,Unit Test 1,25,22.0
10330,431,45,English,Unit Test 2,25,19.6
10331,431,45,English,Half Yearly,100,73.4
10332,431,45,English,Annual Exam,100,81.6
10333,431,46,Social Studies,Unit Test 1,25,15.1
10334,431,46,Social Studies,Unit Test 2,25,18.9
10335,431,46,Social Studies,Half Yearly,100,75.1
10336,431,46,Social Studies,Annual Exam,100,81.8
10337,431,47,Telugu,Unit Test 1,25,22.8
10338,431,47,Telugu,Unit Test 2,25,21.9
10339,431,47,Telugu,Half Yearly,100,75.6
10340,431,47,Telugu,Annual Exam,100,87.0
10341,431,48,Computer Science,Unit Test 1,25,25.0
10342,431,48,Computer Science,Unit Test 2,25,20.2
10343,431,48,Computer Science,Half Yearly,100,85.7
10344,431,48,Computer Science,Annual Exam,100,79.1
10345,432,43,Mathematics,Unit Test 1,25,13.6
10346,432,43,Mathematics,Unit Test 2,25,15.8
10347,432,43,Mathematics,Half Yearly,100,49.6
10348,432,43,Mathematics,Annual Exam,100,71.7
10349,432,44,Science,Unit Test 1,25,13.8
10350,432,44,Science,Unit Test 2,25,9.7
10351,432,44,Science,Half Yearly,100,34.5
10352,432,44,Science,Annual Exam,100,43.4
10353,432,45,English,Unit Test 1,25,14.0
10354,432,45,English,Unit Test 2,25,13.3
10355,432,45,English,Half Yearly,100,58.0
10356,432,45,English,Annual Exam,100,40.1
10357,432,46,Social Studies,Unit Test 1,25,10.0
10358,432,46,Social Studies,Unit Test 2,25,10.5
10359,432,46,Social Studies,Half Yearly,100,58.2
10360,432,46,Social Studies,Annual Exam,100,68.6
10361,432,47,Telugu,Unit Test 1,25,11.9
10362,432,47,Telugu,Unit Test 2,25,13.4
10363,432,47,Telugu,Half Yearly,100,58.4
10364,432,47,Telugu,Annual Exam,100,36.7
10365,432,48,Computer Science,Unit Test 1,25,16.0
10366,432,48,Computer Science,Unit Test 2,25,17.0
10367,432,48,Computer Science,Half Yearly,100,65.1
10368,432,48,Computer Science,Annual Exam,100,48.9
10369,433,43,Mathematics,Unit Test 1,25,14.4
10370,433,43,Mathematics,Unit Test 2,25,15.1
10371,433,43,Mathematics,Half Yearly,100,64.9
10372,433,43,Mathematics,Annual Exam,100,59.0
10373,433,44,Science,Unit Test 1,25,15.3
10374,433,44,Science,Unit Test 2,25,19.7
10375,433,44,Science,Half Yearly,100,83.4
10376,433,44,Science,Annual Exam,100,58.1
10377,433,45,English,Unit Test 1,25,16.5
10378,433,45,English,Unit Test 2,25,14.7
10379,433,45,English,Half Yearly,100,46.9
10380,433,45,English,Annual Exam,100,57.0
10381,433,46,Social Studies,Unit Test 1,25,19.5
10382,433,46,Social Studies,Unit Test 2,25,17.3
10383,433,46,Social Studies,Half Yearly,100,66.4
10384,433,46,Social Studies,Annual Exam,100,87.4
10385,433,47,Telugu,Unit Test 1,25,17.8
10386,433,47,Telugu,Unit Test 2,25,17.3
10387,433,47,Telugu,Half Yearly,100,73.5
10388,433,47,Telugu,Annual Exam,100,67.0
10389,433,48,Computer Science,Unit Test 1,25,13.6
10390,433,48,Computer Science,Unit Test 2,25,15.0
10391,433,48,Computer Science,Half Yearly,100,62.8
10392,433,48,Computer Science,Annual Exam,100,58.8
10393,434,43,Mathematics,Unit Test 1,25,22.9
10394,434,43,Mathematics,Unit Test 2,25,19.7
10395,434,43,Mathematics,Half Yearly,100,87.1
10396,434,43,Mathematics,Annual Exam,100,81.0
10397,434,44,Science,Unit Test 1,25,23.4
10398,434,44,Science,Unit Test 2,25,20.9
10399,434,44,Science,Half Yearly,100,86.9
10400,434,44,Science,Annual Exam,100,88.2
10401,434,45,English,Unit Test 1,25,15.9
10402,434,45,English,Unit Test 2,25,20.7
10403,434,45,English,Half Yearly,100,79.3
10404,434,45,English,Annual Exam,100,76.0
10405,434,46,Social Studies,Unit Test 1,25,19.9
10406,434,46,Social Studies,Unit Test 2,25,19.5
10407,434,46,Social Studies,Half Yearly,100,76.0
10408,434,46,Social Studies,Annual Exam,100,73.4
10409,434,47,Telugu,Unit Test 1,25,22.3
10410,434,47,Telugu,Unit Test 2,25,20.4
10411,434,47,Telugu,Half Yearly,100,94.6
10412,434,47,Telugu,Annual Exam,100,71.6
10413,434,48,Computer Science,Unit Test 1,25,17.3
10414,434,48,Computer Science,Unit Test 2,25,17.8
10415,434,48,Computer Science,Half Yearly,100,67.8
10416,434,48,Computer Science,Annual Exam,100,77.1
10417,435,43,Mathematics,Unit Test 1,25,16.0
10418,435,43,Mathematics,Unit Test 2,25,11.9
10419,435,43,Mathematics,Half Yearly,100,66.4
10420,435,43,Mathematics,Annual Exam,100,48.1
10421,435,44,Science,Unit Test 1,25,14.6
10422,435,44,Science,Unit Test 2,25,5.7
10423,435,44,Science,Half Yearly,100,35.2
10424,435,44,Science,Annual Exam,100,46.0
10425,435,45,English,Unit Test 1,25,10.0
10426,435,45,English,Unit Test 2,25,9.7
10427,435,45,English,Half Yearly,100,58.6
10428,435,45,English,Annual Exam,100,41.3
10429,435,46,Social Studies,Unit Test 1,25,12.9
10430,435,46,Social Studies,Unit Test 2,25,12.7
10431,435,46,Social Studies,Half Yearly,100,47.3
10432,435,46,Social Studies,Annual Exam,100,57.8
10433,435,47,Telugu,Unit Test 1,25,11.3
10434,435,47,Telugu,Unit Test 2,25,11.1
10435,435,47,Telugu,Half Yearly,100,46.2
10436,435,47,Telugu,Annual Exam,100,52.9
10437,435,48,Computer Science,Unit Test 1,25,11.0
10438,435,48,Computer Science,Unit Test 2,25,10.5
10439,435,48,Computer Science,Half Yearly,100,50.0
10440,435,48,Computer Science,Annual Exam,100,45.1
10441,436,43,Mathematics,Unit Test 1,25,11.6
10442,436,43,Mathematics,Unit Test 2,25,13.2
10443,436,43,Mathematics,Half Yearly,100,52.9
10444,436,43,Mathematics,Annual Exam,100,69.8
10445,436,44,Science,Unit Test 1,25,9.4
10446,436,44,Science,Unit Test 2,25,5.1
10447,436,44,Science,Half Yearly,100,30.7
10448,436,44,Science,Annual Exam,100,28.4
10449,436,45,English,Unit Test 1,25,7.6
10450,436,45,English,Unit Test 2,25,10.0
10451,436,45,English,Half Yearly,100,30.3
10452,436,45,English,Annual Exam,100,19.8
10453,436,46,Social Studies,Unit Test 1,25,11.2
10454,436,46,Social Studies,Unit Test 2,25,10.0
10455,436,46,Social Studies,Half Yearly,100,35.0
10456,436,46,Social Studies,Annual Exam,100,37.5
10457,436,47,Telugu,Unit Test 1,25,8.6
10458,436,47,Telugu,Unit Test 2,25,9.6
10459,436,47,Telugu,Half Yearly,100,30.8
10460,436,47,Telugu,Annual Exam,100,53.6
10461,436,48,Computer Science,Unit Test 1,25,5.9
10462,436,48,Computer Science,Unit Test 2,25,6.8
10463,436,48,Computer Science,Half Yearly,100,35.8
10464,436,48,Computer Science,Annual Exam,100,26.4
10465,437,43,Mathematics,Unit Test 1,25,19.4
10466,437,43,Mathematics,Unit Test 2,25,18.7
10467,437,43,Mathematics,Half Yearly,100,66.4
10468,437,43,Mathematics,Annual Exam,100,71.1
10469,437,44,Science,Unit Test 1,25,17.3
10470,437,44,Science,Unit Test 2,25,18.5
10471,437,44,Science,Half Yearly,100,82.7
10472,437,44,Science,Annual Exam,100,72.6
10473,437,45,English,Unit Test 1,25,13.9
10474,437,45,English,Unit Test 2,25,17.2
10475,437,45,English,Half Yearly,100,51.0
10476,437,45,English,Annual Exam,100,72.9
10477,437,46,Social Studies,Unit Test 1,25,19.8
10478,437,46,Social Studies,Unit Test 2,25,19.9
10479,437,46,Social Studies,Half Yearly,100,67.1
10480,437,46,Social Studies,Annual Exam,100,70.8
10481,437,47,Telugu,Unit Test 1,25,15.6
10482,437,47,Telugu,Unit Test 2,25,15.9
10483,437,47,Telugu,Half Yearly,100,72.9
10484,437,47,Telugu,Annual Exam,100,64.0
10485,437,48,Computer Science,Unit Test 1,25,15.6
10486,437,48,Computer Science,Unit Test 2,25,18.6
10487,437,48,Computer Science,Half Yearly,100,70.1
10488,437,48,Computer Science,Annual Exam,100,80.8
10489,438,43,Mathematics,Unit Test 1,25,16.7
10490,438,43,Mathematics,Unit Test 2,25,16.4
10491,438,43,Mathematics,Half Yearly,100,64.1
10492,438,43,Mathematics,Annual Exam,100,69.1
10493,438,44,Science,Unit Test 1,25,15.1
10494,438,44,Science,Unit Test 2,25,16.7
10495,438,44,Science,Half Yearly,100,64.3
10496,438,44,Science,Annual Exam,100,58.1
10497,438,45,English,Unit Test 1,25,17.8
10498,438,45,English,Unit Test 2,25,17.7
10499,438,45,English,Half Yearly,100,48.2
10500,438,45,English,Annual Exam,100,59.7
10501,438,46,Social Studies,Unit Test 1,25,17.9
10502,438,46,Social Studies,Unit Test 2,25,22.7
10503,438,46,Social Studies,Half Yearly,100,93.2
10504,438,46,Social Studies,Annual Exam,100,75.2
10505,438,47,Telugu,Unit Test 1,25,18.9
10506,438,47,Telugu,Unit Test 2,25,17.7
10507,438,47,Telugu,Half Yearly,100,71.7
10508,438,47,Telugu,Annual Exam,100,69.6
10509,438,48,Computer Science,Unit Test 1,25,20.0
10510,438,48,Computer Science,Unit Test 2,25,19.0
10511,438,48,Computer Science,Half Yearly,100,77.3
10512,438,48,Computer Science,Annual Exam,100,84.0
10513,439,43,Mathematics,Unit Test 1,25,16.6
10514,439,43,Mathematics,Unit Test 2,25,16.1
10515,439,43,Mathematics,Half Yearly,100,71.4
10516,439,43,Mathematics,Annual Exam,100,73.2
10517,439,44,Science,Unit Test 1,25,19.1
10518,439,44,Science,Unit Test 2,25,19.6
10519,439,44,Science,Half Yearly,100,84.4
10520,439,44,Science,Annual Exam,100,92.2
10521,439,45,English,Unit Test 1,25,17.7
10522,439,45,English,Unit Test 2,25,20.0
10523,439,45,English,Half Yearly,100,75.7
10524,439,45,English,Annual Exam,100,75.6
10525,439,46,Social Studies,Unit Test 1,25,15.6
10526,439,46,Social Studies,Unit Test 2,25,20.6
10527,439,46,Social Studies,Half Yearly,100,72.4
10528,439,46,Social Studies,Annual Exam,100,73.2
10529,439,47,Telugu,Unit Test 1,25,21.3
10530,439,47,Telugu,Unit Test 2,25,15.9
10531,439,47,Telugu,Half Yearly,100,65.1
10532,439,47,Telugu,Annual Exam,100,76.1
10533,439,48,Computer Science,Unit Test 1,25,22.1
10534,439,48,Computer Science,Unit Test 2,25,19.6
10535,439,48,Computer Science,Half Yearly,100,80.2
10536,439,48,Computer Science,Annual Exam,100,70.7
10537,440,43,Mathematics,Unit Test 1,25,19.8
10538,440,43,Mathematics,Unit Test 2,25,16.8
10539,440,43,Mathematics,Half Yearly,100,81.9
10540,440,43,Mathematics,Annual Exam,100,78.0
10541,440,44,Science,Unit Test 1,25,19.7
10542,440,44,Science,Unit Test 2,25,17.1
10543,440,44,Science,Half Yearly,100,74.4
10544,440,44,Science,Annual Exam,100,69.2
10545,440,45,English,Unit Test 1,25,16.6
10546,440,45,English,Unit Test 2,25,12.3
10547,440,45,English,Half Yearly,100,62.7
10548,440,45,English,Annual Exam,100,69.7
10549,440,46,Social Studies,Unit Test 1,25,14.8
10550,440,46,Social Studies,Unit Test 2,25,15.7
10551,440,46,Social Studies,Half Yearly,100,66.1
10552,440,46,Social Studies,Annual Exam,100,63.3
10553,440,47,Telugu,Unit Test 1,25,20.2
10554,440,47,Telugu,Unit Test 2,25,17.0
10555,440,47,Telugu,Half Yearly,100,68.3
10556,440,47,Telugu,Annual Exam,100,84.3
10557,440,48,Computer Science,Unit Test 1,25,22.8
10558,440,48,Computer Science,Unit Test 2,25,20.3
10559,440,48,Computer Science,Half Yearly,100,76.7
10560,440,48,Computer Science,Annual Exam,100,82.4
10561,441,43,Mathematics,Unit Test 1,25,11.8
10562,441,43,Mathematics,Unit Test 2,25,18.5
10563,441,43,Mathematics,Half Yearly,100,40.8
10564,441,43,Mathematics,Annual Exam,100,63.5
10565,441,44,Science,Unit Test 1,25,10.9
10566,441,44,Science,Unit Test 2,25,9.6
10567,441,44,Science,Half Yearly,100,34.9
10568,441,44,Science,Annual Exam,100,50.4
10569,441,45,English,Unit Test 1,25,13.2
10570,441,45,English,Unit Test 2,25,11.9
10571,441,45,English,Half Yearly,100,62.7
10572,441,45,English,Annual Exam,100,56.9
10573,441,46,Social Studies,Unit Test 1,25,16.3
10574,441,46,Social Studies,Unit Test 2,25,13.3
10575,441,46,Social Studies,Half Yearly,100,63.5
10576,441,46,Social Studies,Annual Exam,100,51.1
10577,441,47,Telugu,Unit Test 1,25,10.7
10578,441,47,Telugu,Unit Test 2,25,12.5
10579,441,47,Telugu,Half Yearly,100,42.2
10580,441,47,Telugu,Annual Exam,100,52.2
10581,441,48,Computer Science,Unit Test 1,25,13.4
10582,441,48,Computer Science,Unit Test 2,25,15.1
10583,441,48,Computer Science,Half Yearly,100,61.1
10584,441,48,Computer Science,Annual Exam,100,77.9
10585,442,43,Mathematics,Unit Test 1,25,18.7
10586,442,43,Mathematics,Unit Test 2,25,16.2
10587,442,43,Mathematics,Half Yearly,100,61.9
10588,442,43,Mathematics,Annual Exam,100,77.0
10589,442,44,Science,Unit Test 1,25,17.0
10590,442,44,Science,Unit Test 2,25,17.1
10591,442,44,Science,Half Yearly,100,73.9
10592,442,44,Science,Annual Exam,100,78.6
10593,442,45,English,Unit Test 1,25,16.3
10594,442,45,English,Unit Test 2,25,16.9
10595,442,45,English,Half Yearly,100,77.6
10596,442,45,English,Annual Exam,100,57.4
10597,442,46,Social Studies,Unit Test 1,25,15.6
10598,442,46,Social Studies,Unit Test 2,25,14.1
10599,442,46,Social Studies,Half Yearly,100,46.3
10600,442,46,Social Studies,Annual Exam,100,69.6
10601,442,47,Telugu,Unit Test 1,25,20.6
10602,442,47,Telugu,Unit Test 2,25,15.2
10603,442,47,Telugu,Half Yearly,100,60.6
10604,442,47,Telugu,Annual Exam,100,79.4
10605,442,48,Computer Science,Unit Test 1,25,19.9
10606,442,48,Computer Science,Unit Test 2,25,18.5
10607,442,48,Computer Science,Half Yearly,100,72.6
10608,442,48,Computer Science,Annual Exam,100,76.6
10609,443,43,Mathematics,Unit Test 1,25,20.0
10610,443,43,Mathematics,Unit Test 2,25,16.0
10611,443,43,Mathematics,Half Yearly,100,70.8
10612,443,43,Mathematics,Annual Exam,100,76.5
10613,443,44,Science,Unit Test 1,25,19.7
10614,443,44,Science,Unit Test 2,25,21.9
10615,443,44,Science,Half Yearly,100,92.5
10616,443,44,Science,Annual Exam,100,100.0
10617,443,45,English,Unit Test 1,25,22.0
10618,443,45,English,Unit Test 2,25,21.9
10619,443,45,English,Half Yearly,100,100.0
10620,443,45,English,Annual Exam,100,96.7
10621,443,46,Social Studies,Unit Test 1,25,23.8
10622,443,46,Social Studies,Unit Test 2,25,21.6
10623,443,46,Social Studies,Half Yearly,100,100.0
10624,443,46,Social Studies,Annual Exam,100,96.8
10625,443,47,Telugu,Unit Test 1,25,21.7
10626,443,47,Telugu,Unit Test 2,25,21.1
10627,443,47,Telugu,Half Yearly,100,91.4
10628,443,47,Telugu,Annual Exam,100,79.4
10629,443,48,Computer Science,Unit Test 1,25,21.5
10630,443,48,Computer Science,Unit Test 2,25,23.8
10631,443,48,Computer Science,Half Yearly,100,84.7
10632,443,48,Computer Science,Annual Exam,100,83.1
10633,444,43,Mathematics,Unit Test 1,25,19.1
10634,444,43,Mathematics,Unit Test 2,25,14.3
10635,444,43,Mathematics,Half Yearly,100,77.3
10636,444,43,Mathematics,Annual Exam,100,60.0
10637,444,44,Science,Unit Test 1,25,15.2
10638,444,44,Science,Unit Test 2,25,14.8
10639,444,44,Science,Half Yearly,100,74.2
10640,444,44,Science,Annual Exam,100,54.0
10641,444,45,English,Unit Test 1,25,18.1
10642,444,45,English,Unit Test 2,25,17.4
10643,444,45,English,Half Yearly,100,64.4
10644,444,45,English,Annual Exam,100,65.2
10645,444,46,Social Studies,Unit Test 1,25,11.8
10646,444,46,Social Studies,Unit Test 2,25,15.5
10647,444,46,Social Studies,Half Yearly,100,32.3
10648,444,46,Social Studies,Annual Exam,100,48.2
10649,444,47,Telugu,Unit Test 1,25,16.3
10650,444,47,Telugu,Unit Test 2,25,18.5
10651,444,47,Telugu,Half Yearly,100,53.0
10652,444,47,Telugu,Annual Exam,100,59.1
10653,444,48,Computer Science,Unit Test 1,25,16.2
10654,444,48,Computer Science,Unit Test 2,25,16.8
10655,444,48,Computer Science,Half Yearly,100,70.9
10656,444,48,Computer Science,Annual Exam,100,54.6
10657,445,43,Mathematics,Unit Test 1,25,10.9
10658,445,43,Mathematics,Unit Test 2,25,13.1
10659,445,43,Mathematics,Half Yearly,100,56.2
10660,445,43,Mathematics,Annual Exam,100,52.7
10661,445,44,Science,Unit Test 1,25,10.3
10662,445,44,Science,Unit Test 2,25,12.5
10663,445,44,Science,Half Yearly,100,55.1
10664,445,44,Science,Annual Exam,100,56.7
10665,445,45,English,Unit Test 1,25,11.9
10666,445,45,English,Unit Test 2,25,10.1
10667,445,45,English,Half Yearly,100,45.9
10668,445,45,English,Annual Exam,100,59.8
10669,445,46,Social Studies,Unit Test 1,25,10.1
10670,445,46,Social Studies,Unit Test 2,25,12.1
10671,445,46,Social Studies,Half Yearly,100,39.3
10672,445,46,Social Studies,Annual Exam,100,49.3
10673,445,47,Telugu,Unit Test 1,25,3.8
10674,445,47,Telugu,Unit Test 2,25,10.0
10675,445,47,Telugu,Half Yearly,100,32.9
10676,445,47,Telugu,Annual Exam,100,59.0
10677,445,48,Computer Science,Unit Test 1,25,10.7
10678,445,48,Computer Science,Unit Test 2,25,13.0
10679,445,48,Computer Science,Half Yearly,100,62.4
10680,445,48,Computer Science,Annual Exam,100,67.8
10681,446,43,Mathematics,Unit Test 1,25,16.9
10682,446,43,Mathematics,Unit Test 2,25,10.7
10683,446,43,Mathematics,Half Yearly,100,58.7
10684,446,43,Mathematics,Annual Exam,100,43.0
10685,446,44,Science,Unit Test 1,25,11.3
10686,446,44,Science,Unit Test 2,25,13.5
10687,446,44,Science,Half Yearly,100,66.5
10688,446,44,Science,Annual Exam,100,68.2
10689,446,45,English,Unit Test 1,25,11.4
10690,446,45,English,Unit Test 2,25,8.3
10691,446,45,English,Half Yearly,100,40.5
10692,446,45,English,Annual Exam,100,52.9
10693,446,46,Social Studies,Unit Test 1,25,14.2
10694,446,46,Social Studies,Unit Test 2,25,13.8
10695,446,46,Social Studies,Half Yearly,100,46.8
10696,446,46,Social Studies,Annual Exam,100,57.7
10697,446,47,Telugu,Unit Test 1,25,12.7
10698,446,47,Telugu,Unit Test 2,25,17.0
10699,446,47,Telugu,Half Yearly,100,53.8
10700,446,47,Telugu,Annual Exam,100,55.4
10701,446,48,Computer Science,Unit Test 1,25,16.7
10702,446,48,Computer Science,Unit Test 2,25,15.8
10703,446,48,Computer Science,Half Yearly,100,61.2
10704,446,48,Computer Science,Annual Exam,100,61.4
10705,447,43,Mathematics,Unit Test 1,25,15.6
10706,447,43,Mathematics,Unit Test 2,25,11.8
10707,447,43,Mathematics,Half Yearly,100,58.8
10708,447,43,Mathematics,Annual Exam,100,65.2
10709,447,44,Science,Unit Test 1,25,13.1
10710,447,44,Science,Unit Test 2,25,14.6
10711,447,44,Science,Half Yearly,100,53.1
10712,447,44,Science,Annual Exam,100,65.6
10713,447,45,English,Unit Test 1,25,12.4
10714,447,45,English,Unit Test 2,25,16.1
10715,447,45,English,Half Yearly,100,57.6
10716,447,45,English,Annual Exam,100,31.5
10717,447,46,Social Studies,Unit Test 1,25,21.1
10718,447,46,Social Studies,Unit Test 2,25,19.4
10719,447,46,Social Studies,Half Yearly,100,67.3
10720,447,46,Social Studies,Annual Exam,100,74.5
10721,447,47,Telugu,Unit Test 1,25,17.5
10722,447,47,Telugu,Unit Test 2,25,12.0
10723,447,47,Telugu,Half Yearly,100,63.4
10724,447,47,Telugu,Annual Exam,100,58.1
10725,447,48,Computer Science,Unit Test 1,25,17.7
10726,447,48,Computer Science,Unit Test 2,25,15.6
10727,447,48,Computer Science,Half Yearly,100,59.2
10728,447,48,Computer Science,Annual Exam,100,67.7
10729,448,43,Mathematics,Unit Test 1,25,15.8
10730,448,43,Mathematics,Unit Test 2,25,23.2
10731,448,43,Mathematics,Half Yearly,100,69.5
10732,448,43,Mathematics,Annual Exam,100,57.4
10733,448,44,Science,Unit Test 1,25,16.6
10734,448,44,Science,Unit Test 2,25,15.6
10735,448,44,Science,Half Yearly,100,51.7
10736,448,44,Science,Annual Exam,100,62.5
10737,448,45,English,Unit Test 1,25,17.4
10738,448,45,English,Unit Test 2,25,17.8
10739,448,45,English,Half Yearly,100,68.2
10740,448,45,English,Annual Exam,100,69.0
10741,448,46,Social Studies,Unit Test 1,25,15.8
10742,448,46,Social Studies,Unit Test 2,25,16.9
10743,448,46,Social Studies,Half Yearly,100,80.7
10744,448,46,Social Studies,Annual Exam,100,59.1
10745,448,47,Telugu,Unit Test 1,25,20.1
10746,448,47,Telugu,Unit Test 2,25,16.8
10747,448,47,Telugu,Half Yearly,100,66.0
10748,448,47,Telugu,Annual Exam,100,87.4
10749,448,48,Computer Science,Unit Test 1,25,18.0
10750,448,48,Computer Science,Unit Test 2,25,17.5
10751,448,48,Computer Science,Half Yearly,100,76.3
10752,448,48,Computer Science,Annual Exam,100,81.9
10753,449,43,Mathematics,Unit Test 1,25,22.8
10754,449,43,Mathematics,Unit Test 2,25,24.4
10755,449,43,Mathematics,Half Yearly,100,100.0
10756,449,43,Mathematics,Annual Exam,100,81.8
10757,449,44,Science,Unit Test 1,25,19.7
10758,449,44,Science,Unit Test 2,25,18.6
10759,449,44,Science,Half Yearly,100,87.8
10760,449,44,Science,Annual Exam,100,75.0
10761,449,45,English,Unit Test 1,25,22.3
10762,449,45,English,Unit Test 2,25,22.5
10763,449,45,English,Half Yearly,100,79.0
10764,449,45,English,Annual Exam,100,81.8
10765,449,46,Social Studies,Unit Test 1,25,18.3
10766,449,46,Social Studies,Unit Test 2,25,21.3
10767,449,46,Social Studies,Half Yearly,100,81.5
10768,449,46,Social Studies,Annual Exam,100,87.0
10769,449,47,Telugu,Unit Test 1,25,22.1
10770,449,47,Telugu,Unit Test 2,25,25.0
10771,449,47,Telugu,Half Yearly,100,89.5
10772,449,47,Telugu,Annual Exam,100,98.5
10773,449,48,Computer Science,Unit Test 1,25,25.0
10774,449,48,Computer Science,Unit Test 2,25,23.2
10775,449,48,Computer Science,Half Yearly,100,89.6
10776,449,48,Computer Science,Annual Exam,100,100.0
10777,450,43,Mathematics,Unit Test 1,25,22.5
10778,450,43,Mathematics,Unit Test 2,25,22.8
10779,450,43,Mathematics,Half Yearly,100,85.3
10780,450,43,Mathematics,Annual Exam,100,93.2
10781,450,44,Science,Unit Test 1,25,23.0
10782,450,44,Science,Unit Test 2,25,22.2
10783,450,44,Science,Half Yearly,100,91.3
10784,450,44,Science,Annual Exam,100,81.4
10785,450,45,English,Unit Test 1,25,18.7
10786,450,45,English,Unit Test 2,25,18.4
10787,450,45,English,Half Yearly,100,81.9
10788,450,45,English,Annual Exam,100,81.8
10789,450,46,Social Studies,Unit Test 1,25,19.6
10790,450,46,Social Studies,Unit Test 2,25,23.4
10791,450,46,Social Studies,Half Yearly,100,87.8
10792,450,46,Social Studies,Annual Exam,100,82.6
10793,450,47,Telugu,Unit Test 1,25,25.0
10794,450,47,Telugu,Unit Test 2,25,25.0
10795,450,47,Telugu,Half Yearly,100,100.0
10796,450,47,Telugu,Annual Exam,100,100.0
10797,450,48,Computer Science,Unit Test 1,25,21.5
10798,450,48,Computer Science,Unit Test 2,25,19.0
10799,450,48,Computer Science,Half Yearly,100,79.0
10800,450,48,Computer Science,Annual Exam,100,94.2
10801,451,43,Mathematics,Unit Test 1,25,24.0
10802,451,43,Mathematics,Unit Test 2,25,25.0
10803,451,43,Mathematics,Half Yearly,100,100.0
10804,451,43,Mathematics,Annual Exam,100,91.1
10805,451,44,Science,Unit Test 1,25,25.0
10806,451,44,Science,Unit Test 2,25,24.7
10807,451,44,Science,Half Yearly,100,100.0
10808,451,44,Science,Annual Exam,100,98.1
10809,451,45,English,Unit Test 1,25,17.7
10810,451,45,English,Unit Test 2,25,24.3
10811,451,45,English,Half Yearly,100,86.5
10812,451,45,English,Annual Exam,100,69.9
10813,451,46,Social Studies,Unit Test 1,25,24.4
10814,451,46,Social Studies,Unit Test 2,25,19.3
10815,451,46,Social Studies,Half Yearly,100,92.1
10816,451,46,Social Studies,Annual Exam,100,87.8
10817,451,47,Telugu,Unit Test 1,25,19.3
10818,451,47,Telugu,Unit Test 2,25,23.2
10819,451,47,Telugu,Half Yearly,100,80.5
10820,451,47,Telugu,Annual Exam,100,97.4
10821,451,48,Computer Science,Unit Test 1,25,22.0
10822,451,48,Computer Science,Unit Test 2,25,22.4
10823,451,48,Computer Science,Half Yearly,100,99.5
10824,451,48,Computer Science,Annual Exam,100,73.6
10825,452,43,Mathematics,Unit Test 1,25,18.0
10826,452,43,Mathematics,Unit Test 2,25,16.3
10827,452,43,Mathematics,Half Yearly,100,84.5
10828,452,43,Mathematics,Annual Exam,100,77.6
10829,452,44,Science,Unit Test 1,25,17.0
10830,452,44,Science,Unit Test 2,25,18.4
10831,452,44,Science,Half Yearly,100,67.1
10832,452,44,Science,Annual Exam,100,84.7
10833,452,45,English,Unit Test 1,25,18.0
10834,452,45,English,Unit Test 2,25,18.2
10835,452,45,English,Half Yearly,100,75.6
10836,452,45,English,Annual Exam,100,74.8
10837,452,46,Social Studies,Unit Test 1,25,18.2
10838,452,46,Social Studies,Unit Test 2,25,17.6
10839,452,46,Social Studies,Half Yearly,100,73.6
10840,452,46,Social Studies,Annual Exam,100,67.0
10841,452,47,Telugu,Unit Test 1,25,17.8
10842,452,47,Telugu,Unit Test 2,25,18.3
10843,452,47,Telugu,Half Yearly,100,63.9
10844,452,47,Telugu,Annual Exam,100,81.3
10845,452,48,Computer Science,Unit Test 1,25,19.4
10846,452,48,Computer Science,Unit Test 2,25,18.3
10847,452,48,Computer Science,Half Yearly,100,74.8
10848,452,48,Computer Science,Annual Exam,100,73.9
10849,453,43,Mathematics,Unit Test 1,25,24.1
10850,453,43,Mathematics,Unit Test 2,25,25.0
10851,453,43,Mathematics,Half Yearly,100,93.0
10852,453,43,Mathematics,Annual Exam,100,90.3
10853,453,44,Science,Unit Test 1,25,16.3
10854,453,44,Science,Unit Test 2,25,24.0
10855,453,44,Science,Half Yearly,100,89.0
10856,453,44,Science,Annual Exam,100,78.9
10857,453,45,English,Unit Test 1,25,18.7
10858,453,45,English,Unit Test 2,25,19.5
10859,453,45,English,Half Yearly,100,88.8
10860,453,45,English,Annual Exam,100,83.2
10861,453,46,Social Studies,Unit Test 1,25,20.3
10862,453,46,Social Studies,Unit Test 2,25,19.9
10863,453,46,Social Studies,Half Yearly,100,82.4
10864,453,46,Social Studies,Annual Exam,100,92.8
10865,453,47,Telugu,Unit Test 1,25,21.0
10866,453,47,Telugu,Unit Test 2,25,22.1
10867,453,47,Telugu,Half Yearly,100,82.1
10868,453,47,Telugu,Annual Exam,100,86.0
10869,453,48,Computer Science,Unit Test 1,25,16.7
10870,453,48,Computer Science,Unit Test 2,25,20.5
10871,453,48,Computer Science,Half Yearly,100,84.1
10872,453,48,Computer Science,Annual Exam,100,83.0
10873,454,43,Mathematics,Unit Test 1,25,18.4
10874,454,43,Mathematics,Unit Test 2,25,11.8
10875,454,43,Mathematics,Half Yearly,100,64.9
10876,454,43,Mathematics,Annual Exam,100,79.9
10877,454,44,Science,Unit Test 1,25,19.1
10878,454,44,Science,Unit Test 2,25,24.7
10879,454,44,Science,Half Yearly,100,86.5
10880,454,44,Science,Annual Exam,100,77.5
10881,454,45,English,Unit Test 1,25,24.8
10882,454,45,English,Unit Test 2,25,21.3
10883,454,45,English,Half Yearly,100,92.5
10884,454,45,English,Annual Exam,100,96.5
10885,454,46,Social Studies,Unit Test 1,25,23.8
10886,454,46,Social Studies,Unit Test 2,25,21.8
10887,454,46,Social Studies,Half Yearly,100,94.4
10888,454,46,Social Studies,Annual Exam,100,80.8
10889,454,47,Telugu,Unit Test 1,25,14.4
10890,454,47,Telugu,Unit Test 2,25,16.6
10891,454,47,Telugu,Half Yearly,100,69.1
10892,454,47,Telugu,Annual Exam,100,68.6
10893,454,48,Computer Science,Unit Test 1,25,23.8
10894,454,48,Computer Science,Unit Test 2,25,23.6
10895,454,48,Computer Science,Half Yearly,100,98.2
10896,454,48,Computer Science,Annual Exam,100,85.8
10897,455,43,Mathematics,Unit Test 1,25,12.7
10898,455,43,Mathematics,Unit Test 2,25,14.6
10899,455,43,Mathematics,Half Yearly,100,53.6
10900,455,43,Mathematics,Annual Exam,100,69.9
10901,455,44,Science,Unit Test 1,25,21.2
10902,455,44,Science,Unit Test 2,25,17.4
10903,455,44,Science,Half Yearly,100,95.9
10904,455,44,Science,Annual Exam,100,84.1
10905,455,45,English,Unit Test 1,25,18.9
10906,455,45,English,Unit Test 2,25,19.9
10907,455,45,English,Half Yearly,100,68.3
10908,455,45,English,Annual Exam,100,80.8
10909,455,46,Social Studies,Unit Test 1,25,16.2
10910,455,46,Social Studies,Unit Test 2,25,18.1
10911,455,46,Social Studies,Half Yearly,100,69.3
10912,455,46,Social Studies,Annual Exam,100,61.0
10913,455,47,Telugu,Unit Test 1,25,14.8
10914,455,47,Telugu,Unit Test 2,25,18.6
10915,455,47,Telugu,Half Yearly,100,57.8
10916,455,47,Telugu,Annual Exam,100,82.0
10917,455,48,Computer Science,Unit Test 1,25,21.5
10918,455,48,Computer Science,Unit Test 2,25,17.5
10919,455,48,Computer Science,Half Yearly,100,69.2
10920,455,48,Computer Science,Annual Exam,100,68.2
10921,456,43,Mathematics,Unit Test 1,25,20.5
10922,456,43,Mathematics,Unit Test 2,25,15.4
10923,456,43,Mathematics,Half Yearly,100,75.8
10924,456,43,Mathematics,Annual Exam,100,68.6
10925,456,44,Science,Unit Test 1,25,20.2
10926,456,44,Science,Unit Test 2,25,21.2
10927,456,44,Science,Half Yearly,100,75.8
10928,456,44,Science,Annual Exam,100,83.7
10929,456,45,English,Unit Test 1,25,18.5
10930,456,45,English,Unit Test 2,25,22.2
10931,456,45,English,Half Yearly,100,75.0
10932,456,45,English,Annual Exam,100,80.0
10933,456,46,Social Studies,Unit Test 1,25,22.1
10934,456,46,Social Studies,Unit Test 2,25,24.1
10935,456,46,Social Studies,Half Yearly,100,96.9
10936,456,46,Social Studies,Annual Exam,100,82.2
10937,456,47,Telugu,Unit Test 1,25,17.2
10938,456,47,Telugu,Unit Test 2,25,20.5
10939,456,47,Telugu,Half Yearly,100,82.6
10940,456,47,Telugu,Annual Exam,100,81.4
10941,456,48,Computer Science,Unit Test 1,25,22.8
10942,456,48,Computer Science,Unit Test 2,25,20.3
10943,456,48,Computer Science,Half Yearly,100,86.6
10944,456,48,Computer Science,Annual Exam,100,75.0
10945,457,43,Mathematics,Unit Test 1,25,17.7
10946,457,43,Mathematics,Unit Test 2,25,20.4
10947,457,43,Mathematics,Half Yearly,100,66.5
10948,457,43,Mathematics,Annual Exam,100,79.0
10949,457,44,Science,Unit Test 1,25,16.5
10950,457,44,Science,Unit Test 2,25,16.9
10951,457,44,Science,Half Yearly,100,59.8
10952,457,44,Science,Annual Exam,100,65.7
10953,457,45,English,Unit Test 1,25,17.1
10954,457,45,English,Unit Test 2,25,19.8
10955,457,45,English,Half Yearly,100,74.5
10956,457,45,English,Annual Exam,100,64.9
10957,457,46,Social Studies,Unit Test 1,25,21.4
10958,457,46,Social Studies,Unit Test 2,25,21.0
10959,457,46,Social Studies,Half Yearly,100,65.6
10960,457,46,Social Studies,Annual Exam,100,81.4
10961,457,47,Telugu,Unit Test 1,25,15.2
10962,457,47,Telugu,Unit Test 2,25,18.0
10963,457,47,Telugu,Half Yearly,100,71.6
10964,457,47,Telugu,Annual Exam,100,75.7
10965,457,48,Computer Science,Unit Test 1,25,17.1
10966,457,48,Computer Science,Unit Test 2,25,17.6
10967,457,48,Computer Science,Half Yearly,100,74.2
10968,457,48,Computer Science,Annual Exam,100,68.5
10969,458,43,Mathematics,Unit Test 1,25,14.0
10970,458,43,Mathematics,Unit Test 2,25,14.5
10971,458,43,Mathematics,Half Yearly,100,44.8
10972,458,43,Mathematics,Annual Exam,100,54.4
10973,458,44,Science,Unit Test 1,25,17.0
10974,458,44,Science,Unit Test 2,25,15.3
10975,458,44,Science,Half Yearly,100,56.2
10976,458,44,Science,Annual Exam,100,62.1
10977,458,45,English,Unit Test 1,25,13.6
10978,458,45,English,Unit Test 2,25,16.5
10979,458,45,English,Half Yearly,100,66.3
10980,458,45,English,Annual Exam,100,42.2
10981,458,46,Social Studies,Unit Test 1,25,15.9
10982,458,46,Social Studies,Unit Test 2,25,18.7
10983,458,46,Social Studies,Half Yearly,100,70.2
10984,458,46,Social Studies,Annual Exam,100,67.7
10985,458,47,Telugu,Unit Test 1,25,9.5
10986,458,47,Telugu,Unit Test 2,25,11.9
10987,458,47,Telugu,Half Yearly,100,45.2
10988,458,47,Telugu,Annual Exam,100,59.1
10989,458,48,Computer Science,Unit Test 1,25,15.1
10990,458,48,Computer Science,Unit Test 2,25,17.5
10991,458,48,Computer Science,Half Yearly,100,49.2
10992,458,48,Computer Science,Annual Exam,100,68.9
10993,459,43,Mathematics,Unit Test 1,25,23.5
10994,459,43,Mathematics,Unit Test 2,25,20.2
10995,459,43,Mathematics,Half Yearly,100,84.9
10996,459,43,Mathematics,Annual Exam,100,65.8
10997,459,44,Science,Unit Test 1,25,18.3
10998,459,44,Science,Unit Test 2,25,20.0
10999,459,44,Science,Half Yearly,100,74.8
11000,459,44,Science,Annual Exam,100,80.5
11001,459,45,English,Unit Test 1,25,17.2
11002,459,45,English,Unit Test 2,25,17.2
11003,459,45,English,Half Yearly,100,88.6
11004,459,45,English,Annual Exam,100,90.9
11005,459,46,Social Studies,Unit Test 1,25,20.1
11006,459,46,Social Studies,Unit Test 2,25,18.7
11007,459,46,Social Studies,Half Yearly,100,100.0
11008,459,46,Social Studies,Annual Exam,100,86.4
11009,459,47,Telugu,Unit Test 1,25,22.5
11010,459,47,Telugu,Unit Test 2,25,17.8
11011,459,47,Telugu,Half Yearly,100,79.6
11012,459,47,Telugu,Annual Exam,100,80.4
11013,459,48,Computer Science,Unit Test 1,25,22.1
11014,459,48,Computer Science,Unit Test 2,25,19.3
11015,459,48,Computer Science,Half Yearly,100,78.2
11016,459,48,Computer Science,Annual Exam,100,76.7
11017,460,43,Mathematics,Unit Test 1,25,15.6
11018,460,43,Mathematics,Unit Test 2,25,16.0
11019,460,43,Mathematics,Half Yearly,100,48.8
11020,460,43,Mathematics,Annual Exam,100,71.6
11021,460,44,Science,Unit Test 1,25,12.8
11022,460,44,Science,Unit Test 2,25,12.2
11023,460,44,Science,Half Yearly,100,52.2
11024,460,44,Science,Annual Exam,100,39.6
11025,460,45,English,Unit Test 1,25,15.6
11026,460,45,English,Unit Test 2,25,15.5
11027,460,45,English,Half Yearly,100,75.4
11028,460,45,English,Annual Exam,100,61.8
11029,460,46,Social Studies,Unit Test 1,25,14.8
11030,460,46,Social Studies,Unit Test 2,25,12.6
11031,460,46,Social Studies,Half Yearly,100,76.1
11032,460,46,Social Studies,Annual Exam,100,70.8
11033,460,47,Telugu,Unit Test 1,25,14.6
11034,460,47,Telugu,Unit Test 2,25,14.8
11035,460,47,Telugu,Half Yearly,100,53.8
11036,460,47,Telugu,Annual Exam,100,53.0
11037,460,48,Computer Science,Unit Test 1,25,17.6
11038,460,48,Computer Science,Unit Test 2,25,14.4
11039,460,48,Computer Science,Half Yearly,100,69.2
11040,460,48,Computer Science,Annual Exam,100,48.7
11041,461,43,Mathematics,Unit Test 1,25,19.0
11042,461,43,Mathematics,Unit Test 2,25,17.1
11043,461,43,Mathematics,Half Yearly,100,71.0
11044,461,43,Mathematics,Annual Exam,100,77.1
11045,461,44,Science,Unit Test 1,25,20.7
11046,461,44,Science,Unit Test 2,25,17.9
11047,461,44,Science,Half Yearly,100,94.4
11048,461,44,Science,Annual Exam,100,82.0
11049,461,45,English,Unit Test 1,25,19.1
11050,461,45,English,Unit Test 2,25,22.9
11051,461,45,English,Half Yearly,100,73.9
11052,461,45,English,Annual Exam,100,87.3
11053,461,46,Social Studies,Unit Test 1,25,22.0
11054,461,46,Social Studies,Unit Test 2,25,23.2
11055,461,46,Social Studies,Half Yearly,100,100.0
11056,461,46,Social Studies,Annual Exam,100,100.0
11057,461,47,Telugu,Unit Test 1,25,19.0
11058,461,47,Telugu,Unit Test 2,25,21.7
11059,461,47,Telugu,Half Yearly,100,82.1
11060,461,47,Telugu,Annual Exam,100,76.9
11061,461,48,Computer Science,Unit Test 1,25,18.5
11062,461,48,Computer Science,Unit Test 2,25,19.4
11063,461,48,Computer Science,Half Yearly,100,71.9
11064,461,48,Computer Science,Annual Exam,100,73.3
11065,462,43,Mathematics,Unit Test 1,25,20.5
11066,462,43,Mathematics,Unit Test 2,25,16.6
11067,462,43,Mathematics,Half Yearly,100,67.7
11068,462,43,Mathematics,Annual Exam,100,64.5
11069,462,44,Science,Unit Test 1,25,21.9
11070,462,44,Science,Unit Test 2,25,20.5
11071,462,44,Science,Half Yearly,100,91.8
11072,462,44,Science,Annual Exam,100,77.5
11073,462,45,English,Unit Test 1,25,16.7
11074,462,45,English,Unit Test 2,25,16.3
11075,462,45,English,Half Yearly,100,81.5
11076,462,45,English,Annual Exam,100,66.6
11077,462,46,Social Studies,Unit Test 1,25,18.0
11078,462,46,Social Studies,Unit Test 2,25,16.5
11079,462,46,Social Studies,Half Yearly,100,68.7
11080,462,46,Social Studies,Annual Exam,100,52.7
11081,462,47,Telugu,Unit Test 1,25,16.9
11082,462,47,Telugu,Unit Test 2,25,20.2
11083,462,47,Telugu,Half Yearly,100,65.9
11084,462,47,Telugu,Annual Exam,100,68.4
11085,462,48,Computer Science,Unit Test 1,25,18.9
11086,462,48,Computer Science,Unit Test 2,25,18.3
11087,462,48,Computer Science,Half Yearly,100,88.2
11088,462,48,Computer Science,Annual Exam,100,77.2
11089,463,43,Mathematics,Unit Test 1,25,11.4
11090,463,43,Mathematics,Unit Test 2,25,13.4
11091,463,43,Mathematics,Half Yearly,100,41.6
11092,463,43,Mathematics,Annual Exam,100,57.4
11093,463,44,Science,Unit Test 1,25,19.4
11094,463,44,Science,Unit Test 2,25,17.9
11095,463,44,Science,Half Yearly,100,73.0
11096,463,44,Science,Annual Exam,100,64.0
11097,463,45,English,Unit Test 1,25,15.2
11098,463,45,English,Unit Test 2,25,15.0
11099,463,45,English,Half Yearly,100,57.4
11100,463,45,English,Annual Exam,100,55.8
11101,463,46,Social Studies,Unit Test 1,25,16.0
11102,463,46,Social Studies,Unit Test 2,25,20.8
11103,463,46,Social Studies,Half Yearly,100,70.9
11104,463,46,Social Studies,Annual Exam,100,86.2
11105,463,47,Telugu,Unit Test 1,25,15.7
11106,463,47,Telugu,Unit Test 2,25,17.3
11107,463,47,Telugu,Half Yearly,100,61.0
11108,463,47,Telugu,Annual Exam,100,69.9
11109,463,48,Computer Science,Unit Test 1,25,13.9
11110,463,48,Computer Science,Unit Test 2,25,12.0
11111,463,48,Computer Science,Half Yearly,100,57.7
11112,463,48,Computer Science,Annual Exam,100,51.0
11113,464,43,Mathematics,Unit Test 1,25,18.2
11114,464,43,Mathematics,Unit Test 2,25,22.9
11115,464,43,Mathematics,Half Yearly,100,65.9
11116,464,43,Mathematics,Annual Exam,100,60.6
11117,464,44,Science,Unit Test 1,25,16.9
11118,464,44,Science,Unit Test 2,25,20.8
11119,464,44,Science,Half Yearly,100,58.1
11120,464,44,Science,Annual Exam,100,67.5
11121,464,45,English,Unit Test 1,25,18.1
11122,464,45,English,Unit Test 2,25,20.6
11123,464,45,English,Half Yearly,100,74.5
11124,464,45,English,Annual Exam,100,70.8
11125,464,46,Social Studies,Unit Test 1,25,18.8
11126,464,46,Social Studies,Unit Test 2,25,19.3
11127,464,46,Social Studies,Half Yearly,100,74.7
11128,464,46,Social Studies,Annual Exam,100,64.7
11129,464,47,Telugu,Unit Test 1,25,18.2
11130,464,47,Telugu,Unit Test 2,25,21.9
11131,464,47,Telugu,Half Yearly,100,81.4
11132,464,47,Telugu,Annual Exam,100,70.2
11133,464,48,Computer Science,Unit Test 1,25,16.4
11134,464,48,Computer Science,Unit Test 2,25,18.1
11135,464,48,Computer Science,Half Yearly,100,59.9
11136,464,48,Computer Science,Annual Exam,100,60.8
11137,465,43,Mathematics,Unit Test 1,25,21.6
11138,465,43,Mathematics,Unit Test 2,25,24.0
11139,465,43,Mathematics,Half Yearly,100,86.6
11140,465,43,Mathematics,Annual Exam,100,96.4
11141,465,44,Science,Unit Test 1,25,21.7
11142,465,44,Science,Unit Test 2,25,24.7
11143,465,44,Science,Half Yearly,100,96.4
11144,465,44,Science,Annual Exam,100,86.7
11145,465,45,English,Unit Test 1,25,20.7
11146,465,45,English,Unit Test 2,25,22.3
11147,465,45,English,Half Yearly,100,100.0
11148,465,45,English,Annual Exam,100,79.6
11149,465,46,Social Studies,Unit Test 1,25,20.2
11150,465,46,Social Studies,Unit Test 2,25,18.9
11151,465,46,Social Studies,Half Yearly,100,94.6
11152,465,46,Social Studies,Annual Exam,100,78.6
11153,465,47,Telugu,Unit Test 1,25,22.3
11154,465,47,Telugu,Unit Test 2,25,21.7
11155,465,47,Telugu,Half Yearly,100,87.3
11156,465,47,Telugu,Annual Exam,100,86.2
11157,465,48,Computer Science,Unit Test 1,25,25.0
11158,465,48,Computer Science,Unit Test 2,25,24.4
11159,465,48,Computer Science,Half Yearly,100,98.6
11160,465,48,Computer Science,Annual Exam,100,93.0
11161,466,43,Mathematics,Unit Test 1,25,14.4
11162,466,43,Mathematics,Unit Test 2,25,14.8
11163,466,43,Mathematics,Half Yearly,100,65.5
11164,466,43,Mathematics,Annual Exam,100,48.2
11165,466,44,Science,Unit Test 1,25,13.6
11166,466,44,Science,Unit Test 2,25,15.0
11167,466,44,Science,Half Yearly,100,61.6
11168,466,44,Science,Annual Exam,100,71.8
11169,466,45,English,Unit Test 1,25,16.0
11170,466,45,English,Unit Test 2,25,17.5
11171,466,45,English,Half Yearly,100,81.2
11172,466,45,English,Annual Exam,100,84.7
11173,466,46,Social Studies,Unit Test 1,25,15.4
11174,466,46,Social Studies,Unit Test 2,25,15.3
11175,466,46,Social Studies,Half Yearly,100,72.6
11176,466,46,Social Studies,Annual Exam,100,71.3
11177,466,47,Telugu,Unit Test 1,25,17.3
11178,466,47,Telugu,Unit Test 2,25,21.5
11179,466,47,Telugu,Half Yearly,100,76.3
11180,466,47,Telugu,Annual Exam,100,77.2
11181,466,48,Computer Science,Unit Test 1,25,13.6
11182,466,48,Computer Science,Unit Test 2,25,17.8
11183,466,48,Computer Science,Half Yearly,100,68.3
11184,466,48,Computer Science,Annual Exam,100,73.9
11185,467,43,Mathematics,Unit Test 1,25,17.2
11186,467,43,Mathematics,Unit Test 2,25,18.2
11187,467,43,Mathematics,Half Yearly,100,66.7
11188,467,43,Mathematics,Annual Exam,100,71.1
11189,467,44,Science,Unit Test 1,25,21.0
11190,467,44,Science,Unit Test 2,25,21.3
11191,467,44,Science,Half Yearly,100,70.7
11192,467,44,Science,Annual Exam,100,67.4
11193,467,45,English,Unit Test 1,25,20.7
11194,467,45,English,Unit Test 2,25,21.5
11195,467,45,English,Half Yearly,100,71.3
11196,467,45,English,Annual Exam,100,69.5
11197,467,46,Social Studies,Unit Test 1,25,16.4
11198,467,46,Social Studies,Unit Test 2,25,19.0
11199,467,46,Social Studies,Half Yearly,100,60.3
11200,467,46,Social Studies,Annual Exam,100,65.5
11201,467,47,Telugu,Unit Test 1,25,21.7
11202,467,47,Telugu,Unit Test 2,25,23.8
11203,467,47,Telugu,Half Yearly,100,83.6
11204,467,47,Telugu,Annual Exam,100,88.3
11205,467,48,Computer Science,Unit Test 1,25,19.9
11206,467,48,Computer Science,Unit Test 2,25,16.0
11207,467,48,Computer Science,Half Yearly,100,78.8
11208,467,48,Computer Science,Annual Exam,100,60.6
11209,468,43,Mathematics,Unit Test 1,25,24.2
11210,468,43,Mathematics,Unit Test 2,25,25.0
11211,468,43,Mathematics,Half Yearly,100,93.9
11212,468,43,Mathematics,Annual Exam,100,91.8
11213,468,44,Science,Unit Test 1,25,20.9
11214,468,44,Science,Unit Test 2,25,18.8
11215,468,44,Science,Half Yearly,100,94.8
11216,468,44,Science,Annual Exam,100,87.1
11217,468,45,English,Unit Test 1,25,25.0
11218,468,45,English,Unit Test 2,25,25.0
11219,468,45,English,Half Yearly,100,86.3
11220,468,45,English,Annual Exam,100,100.0
11221,468,46,Social Studies,Unit Test 1,25,25.0
11222,468,46,Social Studies,Unit Test 2,25,23.6
11223,468,46,Social Studies,Half Yearly,100,76.9
11224,468,46,Social Studies,Annual Exam,100,98.7
11225,468,47,Telugu,Unit Test 1,25,19.0
11226,468,47,Telugu,Unit Test 2,25,20.8
11227,468,47,Telugu,Half Yearly,100,90.3
11228,468,47,Telugu,Annual Exam,100,90.4
11229,468,48,Computer Science,Unit Test 1,25,21.2
11230,468,48,Computer Science,Unit Test 2,25,18.1
11231,468,48,Computer Science,Half Yearly,100,79.7
11232,468,48,Computer Science,Annual Exam,100,70.7
11233,469,43,Mathematics,Unit Test 1,25,25.0
11234,469,43,Mathematics,Unit Test 2,25,25.0
11235,469,43,Mathematics,Half Yearly,100,100.0
11236,469,43,Mathematics,Annual Exam,100,100.0
11237,469,44,Science,Unit Test 1,25,22.9
11238,469,44,Science,Unit Test 2,25,20.6
11239,469,44,Science,Half Yearly,100,100.0
11240,469,44,Science,Annual Exam,100,87.9
11241,469,45,English,Unit Test 1,25,24.9
11242,469,45,English,Unit Test 2,25,20.3
11243,469,45,English,Half Yearly,100,100.0
11244,469,45,English,Annual Exam,100,99.0
11245,469,46,Social Studies,Unit Test 1,25,24.9
11246,469,46,Social Studies,Unit Test 2,25,25.0
11247,469,46,Social Studies,Half Yearly,100,100.0
11248,469,46,Social Studies,Annual Exam,100,100.0
11249,469,47,Telugu,Unit Test 1,25,25.0
11250,469,47,Telugu,Unit Test 2,25,25.0
11251,469,47,Telugu,Half Yearly,100,100.0
11252,469,47,Telugu,Annual Exam,100,100.0
11253,469,48,Computer Science,Unit Test 1,25,23.7
11254,469,48,Computer Science,Unit Test 2,25,23.1
11255,469,48,Computer Science,Half Yearly,100,99.7
11256,469,48,Computer Science,Annual Exam,100,81.6
11257,470,43,Mathematics,Unit Test 1,25,11.5
11258,470,43,Mathematics,Unit Test 2,25,17.7
11259,470,43,Mathematics,Half Yearly,100,71.9
11260,470,43,Mathematics,Annual Exam,100,64.2
11261,470,44,Science,Unit Test 1,25,11.8
11262,470,44,Science,Unit Test 2,25,14.4
11263,470,44,Science,Half Yearly,100,50.9
11264,470,44,Science,Annual Exam,100,56.4
11265,470,45,English,Unit Test 1,25,12.4
11266,470,45,English,Unit Test 2,25,13.9
11267,470,45,English,Half Yearly,100,69.4
11268,470,45,English,Annual Exam,100,50.9
11269,470,46,Social Studies,Unit Test 1,25,15.9
11270,470,46,Social Studies,Unit Test 2,25,14.1
11271,470,46,Social Studies,Half Yearly,100,49.1
11272,470,46,Social Studies,Annual Exam,100,46.3
11273,470,47,Telugu,Unit Test 1,25,15.6
11274,470,47,Telugu,Unit Test 2,25,14.7
11275,470,47,Telugu,Half Yearly,100,74.3
11276,470,47,Telugu,Annual Exam,100,74.8
11277,470,48,Computer Science,Unit Test 1,25,13.8
11278,470,48,Computer Science,Unit Test 2,25,10.7
11279,470,48,Computer Science,Half Yearly,100,55.5
11280,470,48,Computer Science,Annual Exam,100,62.2
11281,471,43,Mathematics,Unit Test 1,25,21.0
11282,471,43,Mathematics,Unit Test 2,25,17.6
11283,471,43,Mathematics,Half Yearly,100,65.5
11284,471,43,Mathematics,Annual Exam,100,76.5
11285,471,44,Science,Unit Test 1,25,11.1
11286,471,44,Science,Unit Test 2,25,13.1
11287,471,44,Science,Half Yearly,100,51.0
11288,471,44,Science,Annual Exam,100,52.1
11289,471,45,English,Unit Test 1,25,18.3
11290,471,45,English,Unit Test 2,25,20.2
11291,471,45,English,Half Yearly,100,87.1
11292,471,45,English,Annual Exam,100,69.0
11293,471,46,Social Studies,Unit Test 1,25,17.7
11294,471,46,Social Studies,Unit Test 2,25,18.7
11295,471,46,Social Studies,Half Yearly,100,63.8
11296,471,46,Social Studies,Annual Exam,100,61.5
11297,471,47,Telugu,Unit Test 1,25,17.9
11298,471,47,Telugu,Unit Test 2,25,18.1
11299,471,47,Telugu,Half Yearly,100,81.8
11300,471,47,Telugu,Annual Exam,100,64.4
11301,471,48,Computer Science,Unit Test 1,25,15.7
11302,471,48,Computer Science,Unit Test 2,25,13.0
11303,471,48,Computer Science,Half Yearly,100,74.2
11304,471,48,Computer Science,Annual Exam,100,62.2
11305,472,43,Mathematics,Unit Test 1,25,20.0
11306,472,43,Mathematics,Unit Test 2,25,16.4
11307,472,43,Mathematics,Half Yearly,100,67.6
11308,472,43,Mathematics,Annual Exam,100,70.6
11309,472,44,Science,Unit Test 1,25,16.0
11310,472,44,Science,Unit Test 2,25,13.0
11311,472,44,Science,Half Yearly,100,64.4
11312,472,44,Science,Annual Exam,100,52.6
11313,472,45,English,Unit Test 1,25,17.0
11314,472,45,English,Unit Test 2,25,14.5
11315,472,45,English,Half Yearly,100,67.0
11316,472,45,English,Annual Exam,100,71.5
11317,472,46,Social Studies,Unit Test 1,25,15.9
11318,472,46,Social Studies,Unit Test 2,25,14.5
11319,472,46,Social Studies,Half Yearly,100,60.8
11320,472,46,Social Studies,Annual Exam,100,49.8
11321,472,47,Telugu,Unit Test 1,25,15.0
11322,472,47,Telugu,Unit Test 2,25,15.4
11323,472,47,Telugu,Half Yearly,100,81.2
11324,472,47,Telugu,Annual Exam,100,68.5
11325,472,48,Computer Science,Unit Test 1,25,15.3
11326,472,48,Computer Science,Unit Test 2,25,18.2
11327,472,48,Computer Science,Half Yearly,100,65.6
11328,472,48,Computer Science,Annual Exam,100,64.4
11329,473,43,Mathematics,Unit Test 1,25,20.6
11330,473,43,Mathematics,Unit Test 2,25,21.9
11331,473,43,Mathematics,Half Yearly,100,54.2
11332,473,43,Mathematics,Annual Exam,100,73.9
11333,473,44,Science,Unit Test 1,25,16.8
11334,473,44,Science,Unit Test 2,25,13.9
11335,473,44,Science,Half Yearly,100,57.2
11336,473,44,Science,Annual Exam,100,54.2
11337,473,45,English,Unit Test 1,25,18.4
11338,473,45,English,Unit Test 2,25,19.3
11339,473,45,English,Half Yearly,100,77.5
11340,473,45,English,Annual Exam,100,74.8
11341,473,46,Social Studies,Unit Test 1,25,20.1
11342,473,46,Social Studies,Unit Test 2,25,18.5
11343,473,46,Social Studies,Half Yearly,100,84.0
11344,473,46,Social Studies,Annual Exam,100,74.1
11345,473,47,Telugu,Unit Test 1,25,20.7
11346,473,47,Telugu,Unit Test 2,25,23.6
11347,473,47,Telugu,Half Yearly,100,88.8
11348,473,47,Telugu,Annual Exam,100,84.4
11349,473,48,Computer Science,Unit Test 1,25,15.1
11350,473,48,Computer Science,Unit Test 2,25,22.6
11351,473,48,Computer Science,Half Yearly,100,51.1
11352,473,48,Computer Science,Annual Exam,100,71.1
11353,474,43,Mathematics,Unit Test 1,25,21.1
11354,474,43,Mathematics,Unit Test 2,25,18.1
11355,474,43,Mathematics,Half Yearly,100,70.6
11356,474,43,Mathematics,Annual Exam,100,69.5
11357,474,44,Science,Unit Test 1,25,17.3
11358,474,44,Science,Unit Test 2,25,18.6
11359,474,44,Science,Half Yearly,100,78.5
11360,474,44,Science,Annual Exam,100,70.2
11361,474,45,English,Unit Test 1,25,13.4
11362,474,45,English,Unit Test 2,25,14.8
11363,474,45,English,Half Yearly,100,78.8
11364,474,45,English,Annual Exam,100,66.7
11365,474,46,Social Studies,Unit Test 1,25,15.7
11366,474,46,Social Studies,Unit Test 2,25,17.4
11367,474,46,Social Studies,Half Yearly,100,67.5
11368,474,46,Social Studies,Annual Exam,100,59.9
11369,474,47,Telugu,Unit Test 1,25,16.8
11370,474,47,Telugu,Unit Test 2,25,17.3
11371,474,47,Telugu,Half Yearly,100,70.4
11372,474,47,Telugu,Annual Exam,100,61.4
11373,474,48,Computer Science,Unit Test 1,25,15.9
11374,474,48,Computer Science,Unit Test 2,25,24.1
11375,474,48,Computer Science,Half Yearly,100,79.1
11376,474,48,Computer Science,Annual Exam,100,73.7
11377,475,43,Mathematics,Unit Test 1,25,20.3
11378,475,43,Mathematics,Unit Test 2,25,18.7
11379,475,43,Mathematics,Half Yearly,100,75.8
11380,475,43,Mathematics,Annual Exam,100,71.8
11381,475,44,Science,Unit Test 1,25,17.6
11382,475,44,Science,Unit Test 2,25,15.3
11383,475,44,Science,Half Yearly,100,83.3
11384,475,44,Science,Annual Exam,100,74.8
11385,475,45,English,Unit Test 1,25,16.6
11386,475,45,English,Unit Test 2,25,17.9
11387,475,45,English,Half Yearly,100,71.0
11388,475,45,English,Annual Exam,100,69.4
11389,475,46,Social Studies,Unit Test 1,25,17.5
11390,475,46,Social Studies,Unit Test 2,25,20.9
11391,475,46,Social Studies,Half Yearly,100,65.4
11392,475,46,Social Studies,Annual Exam,100,66.8
11393,475,47,Telugu,Unit Test 1,25,17.5
11394,475,47,Telugu,Unit Test 2,25,16.0
11395,475,47,Telugu,Half Yearly,100,82.1
11396,475,47,Telugu,Annual Exam,100,91.7
11397,475,48,Computer Science,Unit Test 1,25,20.6
11398,475,48,Computer Science,Unit Test 2,25,16.4
11399,475,48,Computer Science,Half Yearly,100,50.8
11400,475,48,Computer Science,Annual Exam,100,61.0
11401,476,43,Mathematics,Unit Test 1,25,20.7
11402,476,43,Mathematics,Unit Test 2,25,23.8
11403,476,43,Mathematics,Half Yearly,100,91.1
11404,476,43,Mathematics,Annual Exam,100,90.1
11405,476,44,Science,Unit Test 1,25,16.3
11406,476,44,Science,Unit Test 2,25,25.0
11407,476,44,Science,Half Yearly,100,86.7
11408,476,44,Science,Annual Exam,100,83.9
11409,476,45,English,Unit Test 1,25,21.1
11410,476,45,English,Unit Test 2,25,23.4
11411,476,45,English,Half Yearly,100,100.0
11412,476,45,English,Annual Exam,100,97.6
11413,476,46,Social Studies,Unit Test 1,25,23.0
11414,476,46,Social Studies,Unit Test 2,25,18.3
11415,476,46,Social Studies,Half Yearly,100,82.9
11416,476,46,Social Studies,Annual Exam,100,88.6
11417,476,47,Telugu,Unit Test 1,25,23.6
11418,476,47,Telugu,Unit Test 2,25,23.8
11419,476,47,Telugu,Half Yearly,100,96.2
11420,476,47,Telugu,Annual Exam,100,83.9
11421,476,48,Computer Science,Unit Test 1,25,22.9
11422,476,48,Computer Science,Unit Test 2,25,21.8
11423,476,48,Computer Science,Half Yearly,100,95.9
11424,476,48,Computer Science,Annual Exam,100,86.0
11425,477,43,Mathematics,Unit Test 1,25,21.5
11426,477,43,Mathematics,Unit Test 2,25,22.9
11427,477,43,Mathematics,Half Yearly,100,77.7
11428,477,43,Mathematics,Annual Exam,100,94.6
11429,477,44,Science,Unit Test 1,25,15.5
11430,477,44,Science,Unit Test 2,25,19.2
11431,477,44,Science,Half Yearly,100,89.8
11432,477,44,Science,Annual Exam,100,75.7
11433,477,45,English,Unit Test 1,25,18.3
11434,477,45,English,Unit Test 2,25,23.9
11435,477,45,English,Half Yearly,100,87.7
11436,477,45,English,Annual Exam,100,89.8
11437,477,46,Social Studies,Unit Test 1,25,18.2
11438,477,46,Social Studies,Unit Test 2,25,21.5
11439,477,46,Social Studies,Half Yearly,100,77.3
11440,477,46,Social Studies,Annual Exam,100,74.0
11441,477,47,Telugu,Unit Test 1,25,18.3
11442,477,47,Telugu,Unit Test 2,25,22.8
11443,477,47,Telugu,Half Yearly,100,79.1
11444,477,47,Telugu,Annual Exam,100,75.8
11445,477,48,Computer Science,Unit Test 1,25,24.4
11446,477,48,Computer Science,Unit Test 2,25,21.7
11447,477,48,Computer Science,Half Yearly,100,78.3
11448,477,48,Computer Science,Annual Exam,100,71.1
11449,478,43,Mathematics,Unit Test 1,25,8.6
11450,478,43,Mathematics,Unit Test 2,25,10.4
11451,478,43,Mathematics,Half Yearly,100,57.1
11452,478,43,Mathematics,Annual Exam,100,38.3
11453,478,44,Science,Unit Test 1,25,9.7
11454,478,44,Science,Unit Test 2,25,13.9
11455,478,44,Science,Half Yearly,100,61.0
11456,478,44,Science,Annual Exam,100,60.7
11457,478,45,English,Unit Test 1,25,13.9
11458,478,45,English,Unit Test 2,25,14.0
11459,478,45,English,Half Yearly,100,43.6
11460,478,45,English,Annual Exam,100,37.5
11461,478,46,Social Studies,Unit Test 1,25,13.8
11462,478,46,Social Studies,Unit Test 2,25,13.3
11463,478,46,Social Studies,Half Yearly,100,56.9
11464,478,46,Social Studies,Annual Exam,100,60.0
11465,478,47,Telugu,Unit Test 1,25,10.2
11466,478,47,Telugu,Unit Test 2,25,12.6
11467,478,47,Telugu,Half Yearly,100,50.5
11468,478,47,Telugu,Annual Exam,100,46.1
11469,478,48,Computer Science,Unit Test 1,25,14.3
11470,478,48,Computer Science,Unit Test 2,25,12.1
11471,478,48,Computer Science,Half Yearly,100,52.2
11472,478,48,Computer Science,Annual Exam,100,31.5
11473,479,43,Mathematics,Unit Test 1,25,23.3
11474,479,43,Mathematics,Unit Test 2,25,22.2
11475,479,43,Mathematics,Half Yearly,100,94.5
11476,479,43,Mathematics,Annual Exam,100,73.1
11477,479,44,Science,Unit Test 1,25,20.2
11478,479,44,Science,Unit Test 2,25,18.9
11479,479,44,Science,Half Yearly,100,85.5
11480,479,44,Science,Annual Exam,100,87.3
11481,479,45,English,Unit Test 1,25,23.5
11482,479,45,English,Unit Test 2,25,25.0
11483,479,45,English,Half Yearly,100,98.3
11484,479,45,English,Annual Exam,100,79.6
11485,479,46,Social Studies,Unit Test 1,25,24.4
11486,479,46,Social Studies,Unit Test 2,25,21.2
11487,479,46,Social Studies,Half Yearly,100,93.8
11488,479,46,Social Studies,Annual Exam,100,87.9
11489,479,47,Telugu,Unit Test 1,25,24.9
11490,479,47,Telugu,Unit Test 2,25,23.2
11491,479,47,Telugu,Half Yearly,100,96.6
11492,479,47,Telugu,Annual Exam,100,93.0
11493,479,48,Computer Science,Unit Test 1,25,21.5
11494,479,48,Computer Science,Unit Test 2,25,20.5
11495,479,48,Computer Science,Half Yearly,100,82.9
11496,479,48,Computer Science,Annual Exam,100,78.1
11497,480,43,Mathematics,Unit Test 1,25,18.2
11498,480,43,Mathematics,Unit Test 2,25,14.8
11499,480,43,Mathematics,Half Yearly,100,69.3
11500,480,43,Mathematics,Annual Exam,100,80.8
11501,480,44,Science,Unit Test 1,25,16.4
11502,480,44,Science,Unit Test 2,25,15.1
11503,480,44,Science,Half Yearly,100,62.3
11504,480,44,Science,Annual Exam,100,73.1
11505,480,45,English,Unit Test 1,25,20.9
11506,480,45,English,Unit Test 2,25,16.0
11507,480,45,English,Half Yearly,100,91.1
11508,480,45,English,Annual Exam,100,79.3
11509,480,46,Social Studies,Unit Test 1,25,20.6
11510,480,46,Social Studies,Unit Test 2,25,19.8
11511,480,46,Social Studies,Half Yearly,100,79.3
11512,480,46,Social Studies,Annual Exam,100,70.0
11513,480,47,Telugu,Unit Test 1,25,12.6
11514,480,47,Telugu,Unit Test 2,25,13.3
11515,480,47,Telugu,Half Yearly,100,63.4
11516,480,47,Telugu,Annual Exam,100,67.5
11517,480,48,Computer Science,Unit Test 1,25,18.3
11518,480,48,Computer Science,Unit Test 2,25,18.6
11519,480,48,Computer Science,Half Yearly,100,70.5
11520,480,48,Computer Science,Annual Exam,100,82.9
11521,481,49,Mathematics,Unit Test 1,25,16.4
11522,481,49,Mathematics,Unit Test 2,25,17.4
11523,481,49,Mathematics,Half Yearly,100,62.6
11524,481,49,Mathematics,Annual Exam,100,70.3
11525,481,50,Science,Unit Test 1,25,15.9
11526,481,50,Science,Unit Test 2,25,17.1
11527,481,50,Science,Half Yearly,100,56.0
11528,481,50,Science,Annual Exam,100,61.8
11529,481,51,English,Unit Test 1,25,12.0
11530,481,51,English,Unit Test 2,25,11.1
11531,481,51,English,Half Yearly,100,43.9
11532,481,51,English,Annual Exam,100,41.6
11533,481,52,Social Studies,Unit Test 1,25,15.7
11534,481,52,Social Studies,Unit Test 2,25,16.1
11535,481,52,Social Studies,Half Yearly,100,52.4
11536,481,52,Social Studies,Annual Exam,100,64.9
11537,481,53,Telugu,Unit Test 1,25,14.9
11538,481,53,Telugu,Unit Test 2,25,14.5
11539,481,53,Telugu,Half Yearly,100,47.4
11540,481,53,Telugu,Annual Exam,100,58.4
11541,481,54,Computer Science,Unit Test 1,25,13.6
11542,481,54,Computer Science,Unit Test 2,25,12.7
11543,481,54,Computer Science,Half Yearly,100,59.9
11544,481,54,Computer Science,Annual Exam,100,63.2
11545,482,49,Mathematics,Unit Test 1,25,16.0
11546,482,49,Mathematics,Unit Test 2,25,9.7
11547,482,49,Mathematics,Half Yearly,100,67.2
11548,482,49,Mathematics,Annual Exam,100,71.6
11549,482,50,Science,Unit Test 1,25,11.1
11550,482,50,Science,Unit Test 2,25,13.5
11551,482,50,Science,Half Yearly,100,46.7
11552,482,50,Science,Annual Exam,100,61.3
11553,482,51,English,Unit Test 1,25,15.4
11554,482,51,English,Unit Test 2,25,12.9
11555,482,51,English,Half Yearly,100,59.1
11556,482,51,English,Annual Exam,100,64.3
11557,482,52,Social Studies,Unit Test 1,25,12.3
11558,482,52,Social Studies,Unit Test 2,25,13.9
11559,482,52,Social Studies,Half Yearly,100,62.1
11560,482,52,Social Studies,Annual Exam,100,77.9
11561,482,53,Telugu,Unit Test 1,25,13.2
11562,482,53,Telugu,Unit Test 2,25,12.8
11563,482,53,Telugu,Half Yearly,100,56.2
11564,482,53,Telugu,Annual Exam,100,38.2
11565,482,54,Computer Science,Unit Test 1,25,17.6
11566,482,54,Computer Science,Unit Test 2,25,10.6
11567,482,54,Computer Science,Half Yearly,100,63.2
11568,482,54,Computer Science,Annual Exam,100,70.9
11569,483,49,Mathematics,Unit Test 1,25,21.8
11570,483,49,Mathematics,Unit Test 2,25,23.7
11571,483,49,Mathematics,Half Yearly,100,94.5
11572,483,49,Mathematics,Annual Exam,100,92.1
11573,483,50,Science,Unit Test 1,25,23.6
11574,483,50,Science,Unit Test 2,25,22.5
11575,483,50,Science,Half Yearly,100,94.4
11576,483,50,Science,Annual Exam,100,87.3
11577,483,51,English,Unit Test 1,25,22.2
11578,483,51,English,Unit Test 2,25,21.0
11579,483,51,English,Half Yearly,100,96.1
11580,483,51,English,Annual Exam,100,82.9
11581,483,52,Social Studies,Unit Test 1,25,21.6
11582,483,52,Social Studies,Unit Test 2,25,22.3
11583,483,52,Social Studies,Half Yearly,100,88.4
11584,483,52,Social Studies,Annual Exam,100,80.2
11585,483,53,Telugu,Unit Test 1,25,21.3
11586,483,53,Telugu,Unit Test 2,25,23.5
11587,483,53,Telugu,Half Yearly,100,74.1
11588,483,53,Telugu,Annual Exam,100,92.1
11589,483,54,Computer Science,Unit Test 1,25,20.6
11590,483,54,Computer Science,Unit Test 2,25,21.6
11591,483,54,Computer Science,Half Yearly,100,66.0
11592,483,54,Computer Science,Annual Exam,100,77.5
11593,484,49,Mathematics,Unit Test 1,25,11.5
11594,484,49,Mathematics,Unit Test 2,25,10.6
11595,484,49,Mathematics,Half Yearly,100,28.8
11596,484,49,Mathematics,Annual Exam,100,47.7
11597,484,50,Science,Unit Test 1,25,9.1
11598,484,50,Science,Unit Test 2,25,10.7
11599,484,50,Science,Half Yearly,100,50.3
11600,484,50,Science,Annual Exam,100,39.6
11601,484,51,English,Unit Test 1,25,14.3
11602,484,51,English,Unit Test 2,25,12.6
11603,484,51,English,Half Yearly,100,69.9
11604,484,51,English,Annual Exam,100,53.4
11605,484,52,Social Studies,Unit Test 1,25,9.0
11606,484,52,Social Studies,Unit Test 2,25,7.3
11607,484,52,Social Studies,Half Yearly,100,52.2
11608,484,52,Social Studies,Annual Exam,100,43.7
11609,484,53,Telugu,Unit Test 1,25,11.2
11610,484,53,Telugu,Unit Test 2,25,12.5
11611,484,53,Telugu,Half Yearly,100,55.7
11612,484,53,Telugu,Annual Exam,100,55.2
11613,484,54,Computer Science,Unit Test 1,25,13.1
11614,484,54,Computer Science,Unit Test 2,25,9.6
11615,484,54,Computer Science,Half Yearly,100,55.3
11616,484,54,Computer Science,Annual Exam,100,43.4
11617,485,49,Mathematics,Unit Test 1,25,21.3
11618,485,49,Mathematics,Unit Test 2,25,21.1
11619,485,49,Mathematics,Half Yearly,100,92.1
11620,485,49,Mathematics,Annual Exam,100,77.3
11621,485,50,Science,Unit Test 1,25,23.1
11622,485,50,Science,Unit Test 2,25,23.8
11623,485,50,Science,Half Yearly,100,70.1
11624,485,50,Science,Annual Exam,100,100.0
11625,485,51,English,Unit Test 1,25,20.7
11626,485,51,English,Unit Test 2,25,19.7
11627,485,51,English,Half Yearly,100,86.2
11628,485,51,English,Annual Exam,100,75.0
11629,485,52,Social Studies,Unit Test 1,25,25.0
11630,485,52,Social Studies,Unit Test 2,25,24.8
11631,485,52,Social Studies,Half Yearly,100,93.1
11632,485,52,Social Studies,Annual Exam,100,94.9
11633,485,53,Telugu,Unit Test 1,25,25.0
11634,485,53,Telugu,Unit Test 2,25,23.5
11635,485,53,Telugu,Half Yearly,100,100.0
11636,485,53,Telugu,Annual Exam,100,91.2
11637,485,54,Computer Science,Unit Test 1,25,21.9
11638,485,54,Computer Science,Unit Test 2,25,25.0
11639,485,54,Computer Science,Half Yearly,100,100.0
11640,485,54,Computer Science,Annual Exam,100,93.4
11641,486,49,Mathematics,Unit Test 1,25,16.5
11642,486,49,Mathematics,Unit Test 2,25,20.5
11643,486,49,Mathematics,Half Yearly,100,68.0
11644,486,49,Mathematics,Annual Exam,100,65.0
11645,486,50,Science,Unit Test 1,25,16.1
11646,486,50,Science,Unit Test 2,25,14.0
11647,486,50,Science,Half Yearly,100,67.8
11648,486,50,Science,Annual Exam,100,75.9
11649,486,51,English,Unit Test 1,25,18.9
11650,486,51,English,Unit Test 2,25,18.1
11651,486,51,English,Half Yearly,100,66.1
11652,486,51,English,Annual Exam,100,66.4
11653,486,52,Social Studies,Unit Test 1,25,16.9
11654,486,52,Social Studies,Unit Test 2,25,20.3
11655,486,52,Social Studies,Half Yearly,100,76.8
11656,486,52,Social Studies,Annual Exam,100,77.6
11657,486,53,Telugu,Unit Test 1,25,13.8
11658,486,53,Telugu,Unit Test 2,25,14.3
11659,486,53,Telugu,Half Yearly,100,65.3
11660,486,53,Telugu,Annual Exam,100,60.3
11661,486,54,Computer Science,Unit Test 1,25,15.8
11662,486,54,Computer Science,Unit Test 2,25,15.3
11663,486,54,Computer Science,Half Yearly,100,61.9
11664,486,54,Computer Science,Annual Exam,100,67.6
11665,487,49,Mathematics,Unit Test 1,25,19.5
11666,487,49,Mathematics,Unit Test 2,25,17.7
11667,487,49,Mathematics,Half Yearly,100,97.2
11668,487,49,Mathematics,Annual Exam,100,96.4
11669,487,50,Science,Unit Test 1,25,25.0
11670,487,50,Science,Unit Test 2,25,21.6
11671,487,50,Science,Half Yearly,100,92.9
11672,487,50,Science,Annual Exam,100,92.5
11673,487,51,English,Unit Test 1,25,20.2
11674,487,51,English,Unit Test 2,25,15.2
11675,487,51,English,Half Yearly,100,62.8
11676,487,51,English,Annual Exam,100,91.9
11677,487,52,Social Studies,Unit Test 1,25,20.0
11678,487,52,Social Studies,Unit Test 2,25,21.7
11679,487,52,Social Studies,Half Yearly,100,83.9
11680,487,52,Social Studies,Annual Exam,100,76.7
11681,487,53,Telugu,Unit Test 1,25,21.9
11682,487,53,Telugu,Unit Test 2,25,23.8
11683,487,53,Telugu,Half Yearly,100,82.8
11684,487,53,Telugu,Annual Exam,100,87.8
11685,487,54,Computer Science,Unit Test 1,25,24.1
11686,487,54,Computer Science,Unit Test 2,25,21.6
11687,487,54,Computer Science,Half Yearly,100,82.3
11688,487,54,Computer Science,Annual Exam,100,87.1
11689,488,49,Mathematics,Unit Test 1,25,14.2
11690,488,49,Mathematics,Unit Test 2,25,11.6
11691,488,49,Mathematics,Half Yearly,100,49.4
11692,488,49,Mathematics,Annual Exam,100,52.5
11693,488,50,Science,Unit Test 1,25,17.5
11694,488,50,Science,Unit Test 2,25,15.5
11695,488,50,Science,Half Yearly,100,60.9
11696,488,50,Science,Annual Exam,100,53.2
11697,488,51,English,Unit Test 1,25,6.8
11698,488,51,English,Unit Test 2,25,8.1
11699,488,51,English,Half Yearly,100,45.8
11700,488,51,English,Annual Exam,100,38.2
11701,488,52,Social Studies,Unit Test 1,25,15.8
11702,488,52,Social Studies,Unit Test 2,25,13.9
11703,488,52,Social Studies,Half Yearly,100,65.6
11704,488,52,Social Studies,Annual Exam,100,58.9
11705,488,53,Telugu,Unit Test 1,25,19.8
11706,488,53,Telugu,Unit Test 2,25,13.6
11707,488,53,Telugu,Half Yearly,100,55.2
11708,488,53,Telugu,Annual Exam,100,65.3
11709,488,54,Computer Science,Unit Test 1,25,11.9
11710,488,54,Computer Science,Unit Test 2,25,12.4
11711,488,54,Computer Science,Half Yearly,100,63.6
11712,488,54,Computer Science,Annual Exam,100,49.7
11713,489,49,Mathematics,Unit Test 1,25,16.6
11714,489,49,Mathematics,Unit Test 2,25,14.9
11715,489,49,Mathematics,Half Yearly,100,71.9
11716,489,49,Mathematics,Annual Exam,100,74.7
11717,489,50,Science,Unit Test 1,25,15.0
11718,489,50,Science,Unit Test 2,25,13.5
11719,489,50,Science,Half Yearly,100,52.5
11720,489,50,Science,Annual Exam,100,61.3
11721,489,51,English,Unit Test 1,25,20.8
11722,489,51,English,Unit Test 2,25,13.9
11723,489,51,English,Half Yearly,100,82.4
11724,489,51,English,Annual Exam,100,67.3
11725,489,52,Social Studies,Unit Test 1,25,16.0
11726,489,52,Social Studies,Unit Test 2,25,16.6
11727,489,52,Social Studies,Half Yearly,100,55.2
11728,489,52,Social Studies,Annual Exam,100,79.1
11729,489,53,Telugu,Unit Test 1,25,15.7
11730,489,53,Telugu,Unit Test 2,25,16.9
11731,489,53,Telugu,Half Yearly,100,70.1
11732,489,53,Telugu,Annual Exam,100,60.8
11733,489,54,Computer Science,Unit Test 1,25,13.2
11734,489,54,Computer Science,Unit Test 2,25,12.6
11735,489,54,Computer Science,Half Yearly,100,48.0
11736,489,54,Computer Science,Annual Exam,100,51.0
11737,490,49,Mathematics,Unit Test 1,25,15.9
11738,490,49,Mathematics,Unit Test 2,25,15.8
11739,490,49,Mathematics,Half Yearly,100,43.3
11740,490,49,Mathematics,Annual Exam,100,52.2
11741,490,50,Science,Unit Test 1,25,11.0
11742,490,50,Science,Unit Test 2,25,11.0
11743,490,50,Science,Half Yearly,100,46.6
11744,490,50,Science,Annual Exam,100,49.2
11745,490,51,English,Unit Test 1,25,12.6
11746,490,51,English,Unit Test 2,25,13.6
11747,490,51,English,Half Yearly,100,57.3
11748,490,51,English,Annual Exam,100,51.2
11749,490,52,Social Studies,Unit Test 1,25,16.1
11750,490,52,Social Studies,Unit Test 2,25,15.6
11751,490,52,Social Studies,Half Yearly,100,55.1
11752,490,52,Social Studies,Annual Exam,100,75.4
11753,490,53,Telugu,Unit Test 1,25,16.0
11754,490,53,Telugu,Unit Test 2,25,11.5
11755,490,53,Telugu,Half Yearly,100,63.2
11756,490,53,Telugu,Annual Exam,100,62.2
11757,490,54,Computer Science,Unit Test 1,25,14.9
11758,490,54,Computer Science,Unit Test 2,25,15.6
11759,490,54,Computer Science,Half Yearly,100,62.1
11760,490,54,Computer Science,Annual Exam,100,58.9
11761,491,49,Mathematics,Unit Test 1,25,15.1
11762,491,49,Mathematics,Unit Test 2,25,17.8
11763,491,49,Mathematics,Half Yearly,100,80.9
11764,491,49,Mathematics,Annual Exam,100,70.1
11765,491,50,Science,Unit Test 1,25,19.7
11766,491,50,Science,Unit Test 2,25,18.7
11767,491,50,Science,Half Yearly,100,75.7
11768,491,50,Science,Annual Exam,100,75.9
11769,491,51,English,Unit Test 1,25,21.3
11770,491,51,English,Unit Test 2,25,20.8
11771,491,51,English,Half Yearly,100,80.5
11772,491,51,English,Annual Exam,100,75.4
11773,491,52,Social Studies,Unit Test 1,25,20.5
11774,491,52,Social Studies,Unit Test 2,25,20.7
11775,491,52,Social Studies,Half Yearly,100,73.3
11776,491,52,Social Studies,Annual Exam,100,75.5
11777,491,53,Telugu,Unit Test 1,25,18.3
11778,491,53,Telugu,Unit Test 2,25,18.1
11779,491,53,Telugu,Half Yearly,100,78.9
11780,491,53,Telugu,Annual Exam,100,70.1
11781,491,54,Computer Science,Unit Test 1,25,18.9
11782,491,54,Computer Science,Unit Test 2,25,22.5
11783,491,54,Computer Science,Half Yearly,100,67.7
11784,491,54,Computer Science,Annual Exam,100,83.4
11785,492,49,Mathematics,Unit Test 1,25,13.7
11786,492,49,Mathematics,Unit Test 2,25,14.0
11787,492,49,Mathematics,Half Yearly,100,54.9
11788,492,49,Mathematics,Annual Exam,100,65.5
11789,492,50,Science,Unit Test 1,25,15.7
11790,492,50,Science,Unit Test 2,25,12.9
11791,492,50,Science,Half Yearly,100,49.4
11792,492,50,Science,Annual Exam,100,53.0
11793,492,51,English,Unit Test 1,25,17.3
11794,492,51,English,Unit Test 2,25,15.3
11795,492,51,English,Half Yearly,100,57.3
11796,492,51,English,Annual Exam,100,62.3
11797,492,52,Social Studies,Unit Test 1,25,15.0
11798,492,52,Social Studies,Unit Test 2,25,10.7
11799,492,52,Social Studies,Half Yearly,100,55.9
11800,492,52,Social Studies,Annual Exam,100,50.9
11801,492,53,Telugu,Unit Test 1,25,10.0
11802,492,53,Telugu,Unit Test 2,25,8.3
11803,492,53,Telugu,Half Yearly,100,42.3
11804,492,53,Telugu,Annual Exam,100,41.7
11805,492,54,Computer Science,Unit Test 1,25,12.6
11806,492,54,Computer Science,Unit Test 2,25,15.7
11807,492,54,Computer Science,Half Yearly,100,61.2
11808,492,54,Computer Science,Annual Exam,100,58.2
11809,493,49,Mathematics,Unit Test 1,25,25.0
11810,493,49,Mathematics,Unit Test 2,25,25.0
11811,493,49,Mathematics,Half Yearly,100,85.2
11812,493,49,Mathematics,Annual Exam,100,94.7
11813,493,50,Science,Unit Test 1,25,22.0
11814,493,50,Science,Unit Test 2,25,24.3
11815,493,50,Science,Half Yearly,100,100.0
11816,493,50,Science,Annual Exam,100,92.8
11817,493,51,English,Unit Test 1,25,19.3
11818,493,51,English,Unit Test 2,25,25.0
11819,493,51,English,Half Yearly,100,100.0
11820,493,51,English,Annual Exam,100,87.3
11821,493,52,Social Studies,Unit Test 1,25,20.6
11822,493,52,Social Studies,Unit Test 2,25,21.9
11823,493,52,Social Studies,Half Yearly,100,89.1
11824,493,52,Social Studies,Annual Exam,100,93.9
11825,493,53,Telugu,Unit Test 1,25,17.1
11826,493,53,Telugu,Unit Test 2,25,23.9
11827,493,53,Telugu,Half Yearly,100,90.3
11828,493,53,Telugu,Annual Exam,100,82.4
11829,493,54,Computer Science,Unit Test 1,25,25.0
11830,493,54,Computer Science,Unit Test 2,25,25.0
11831,493,54,Computer Science,Half Yearly,100,99.0
11832,493,54,Computer Science,Annual Exam,100,99.3
11833,494,49,Mathematics,Unit Test 1,25,17.4
11834,494,49,Mathematics,Unit Test 2,25,16.2
11835,494,49,Mathematics,Half Yearly,100,69.5
11836,494,49,Mathematics,Annual Exam,100,73.3
11837,494,50,Science,Unit Test 1,25,16.4
11838,494,50,Science,Unit Test 2,25,13.5
11839,494,50,Science,Half Yearly,100,55.9
11840,494,50,Science,Annual Exam,100,62.7
11841,494,51,English,Unit Test 1,25,14.1
11842,494,51,English,Unit Test 2,25,16.1
11843,494,51,English,Half Yearly,100,70.2
11844,494,51,English,Annual Exam,100,60.0
11845,494,52,Social Studies,Unit Test 1,25,12.9
11846,494,52,Social Studies,Unit Test 2,25,22.6
11847,494,52,Social Studies,Half Yearly,100,45.6
11848,494,52,Social Studies,Annual Exam,100,54.0
11849,494,53,Telugu,Unit Test 1,25,11.2
11850,494,53,Telugu,Unit Test 2,25,14.7
11851,494,53,Telugu,Half Yearly,100,36.5
11852,494,53,Telugu,Annual Exam,100,41.5
11853,494,54,Computer Science,Unit Test 1,25,14.4
11854,494,54,Computer Science,Unit Test 2,25,16.1
11855,494,54,Computer Science,Half Yearly,100,69.4
11856,494,54,Computer Science,Annual Exam,100,71.8
11857,495,49,Mathematics,Unit Test 1,25,14.1
11858,495,49,Mathematics,Unit Test 2,25,13.2
11859,495,49,Mathematics,Half Yearly,100,49.7
11860,495,49,Mathematics,Annual Exam,100,56.0
11861,495,50,Science,Unit Test 1,25,15.2
11862,495,50,Science,Unit Test 2,25,16.1
11863,495,50,Science,Half Yearly,100,48.5
11864,495,50,Science,Annual Exam,100,48.9
11865,495,51,English,Unit Test 1,25,14.9
11866,495,51,English,Unit Test 2,25,12.6
11867,495,51,English,Half Yearly,100,42.2
11868,495,51,English,Annual Exam,100,64.1
11869,495,52,Social Studies,Unit Test 1,25,16.2
11870,495,52,Social Studies,Unit Test 2,25,11.5
11871,495,52,Social Studies,Half Yearly,100,60.9
11872,495,52,Social Studies,Annual Exam,100,45.8
11873,495,53,Telugu,Unit Test 1,25,17.2
11874,495,53,Telugu,Unit Test 2,25,12.4
11875,495,53,Telugu,Half Yearly,100,72.4
11876,495,53,Telugu,Annual Exam,100,64.9
11877,495,54,Computer Science,Unit Test 1,25,9.4
11878,495,54,Computer Science,Unit Test 2,25,14.1
11879,495,54,Computer Science,Half Yearly,100,37.2
11880,495,54,Computer Science,Annual Exam,100,33.2
11881,496,49,Mathematics,Unit Test 1,25,20.8
11882,496,49,Mathematics,Unit Test 2,25,20.0
11883,496,49,Mathematics,Half Yearly,100,85.4
11884,496,49,Mathematics,Annual Exam,100,81.8
11885,496,50,Science,Unit Test 1,25,19.1
11886,496,50,Science,Unit Test 2,25,21.8
11887,496,50,Science,Half Yearly,100,80.8
11888,496,50,Science,Annual Exam,100,84.9
11889,496,51,English,Unit Test 1,25,15.2
11890,496,51,English,Unit Test 2,25,12.2
11891,496,51,English,Half Yearly,100,64.5
11892,496,51,English,Annual Exam,100,52.4
11893,496,52,Social Studies,Unit Test 1,25,20.0
11894,496,52,Social Studies,Unit Test 2,25,14.7
11895,496,52,Social Studies,Half Yearly,100,63.0
11896,496,52,Social Studies,Annual Exam,100,55.6
11897,496,53,Telugu,Unit Test 1,25,16.7
11898,496,53,Telugu,Unit Test 2,25,16.8
11899,496,53,Telugu,Half Yearly,100,57.5
11900,496,53,Telugu,Annual Exam,100,66.0
11901,496,54,Computer Science,Unit Test 1,25,20.1
11902,496,54,Computer Science,Unit Test 2,25,17.0
11903,496,54,Computer Science,Half Yearly,100,68.0
11904,496,54,Computer Science,Annual Exam,100,69.9
11905,497,49,Mathematics,Unit Test 1,25,23.4
11906,497,49,Mathematics,Unit Test 2,25,24.1
11907,497,49,Mathematics,Half Yearly,100,80.4
11908,497,49,Mathematics,Annual Exam,100,75.0
11909,497,50,Science,Unit Test 1,25,18.5
11910,497,50,Science,Unit Test 2,25,20.3
11911,497,50,Science,Half Yearly,100,76.0
11912,497,50,Science,Annual Exam,100,86.0
11913,497,51,English,Unit Test 1,25,16.5
11914,497,51,English,Unit Test 2,25,17.1
11915,497,51,English,Half Yearly,100,70.6
11916,497,51,English,Annual Exam,100,86.0
11917,497,52,Social Studies,Unit Test 1,25,23.9
11918,497,52,Social Studies,Unit Test 2,25,21.9
11919,497,52,Social Studies,Half Yearly,100,88.8
11920,497,52,Social Studies,Annual Exam,100,80.5
11921,497,53,Telugu,Unit Test 1,25,19.1
11922,497,53,Telugu,Unit Test 2,25,21.8
11923,497,53,Telugu,Half Yearly,100,77.9
11924,497,53,Telugu,Annual Exam,100,80.2
11925,497,54,Computer Science,Unit Test 1,25,24.5
11926,497,54,Computer Science,Unit Test 2,25,21.5
11927,497,54,Computer Science,Half Yearly,100,79.4
11928,497,54,Computer Science,Annual Exam,100,64.3
11929,498,49,Mathematics,Unit Test 1,25,13.3
11930,498,49,Mathematics,Unit Test 2,25,17.0
11931,498,49,Mathematics,Half Yearly,100,67.2
11932,498,49,Mathematics,Annual Exam,100,59.7
11933,498,50,Science,Unit Test 1,25,16.5
11934,498,50,Science,Unit Test 2,25,16.1
11935,498,50,Science,Half Yearly,100,69.5
11936,498,50,Science,Annual Exam,100,60.0
11937,498,51,English,Unit Test 1,25,16.0
11938,498,51,English,Unit Test 2,25,17.8
11939,498,51,English,Half Yearly,100,60.4
11940,498,51,English,Annual Exam,100,55.6
11941,498,52,Social Studies,Unit Test 1,25,17.9
11942,498,52,Social Studies,Unit Test 2,25,16.2
11943,498,52,Social Studies,Half Yearly,100,57.1
11944,498,52,Social Studies,Annual Exam,100,61.4
11945,498,53,Telugu,Unit Test 1,25,17.3
11946,498,53,Telugu,Unit Test 2,25,16.5
11947,498,53,Telugu,Half Yearly,100,62.4
11948,498,53,Telugu,Annual Exam,100,73.0
11949,498,54,Computer Science,Unit Test 1,25,14.4
11950,498,54,Computer Science,Unit Test 2,25,16.8
11951,498,54,Computer Science,Half Yearly,100,80.5
11952,498,54,Computer Science,Annual Exam,100,60.1
11953,499,49,Mathematics,Unit Test 1,25,25.0
11954,499,49,Mathematics,Unit Test 2,25,25.0
11955,499,49,Mathematics,Half Yearly,100,99.6
11956,499,49,Mathematics,Annual Exam,100,89.7
11957,499,50,Science,Unit Test 1,25,23.4
11958,499,50,Science,Unit Test 2,25,25.0
11959,499,50,Science,Half Yearly,100,100.0
11960,499,50,Science,Annual Exam,100,100.0
11961,499,51,English,Unit Test 1,25,21.7
11962,499,51,English,Unit Test 2,25,23.9
11963,499,51,English,Half Yearly,100,90.1
11964,499,51,English,Annual Exam,100,93.1
11965,499,52,Social Studies,Unit Test 1,25,25.0
11966,499,52,Social Studies,Unit Test 2,25,25.0
11967,499,52,Social Studies,Half Yearly,100,92.0
11968,499,52,Social Studies,Annual Exam,100,97.7
11969,499,53,Telugu,Unit Test 1,25,25.0
11970,499,53,Telugu,Unit Test 2,25,22.9
11971,499,53,Telugu,Half Yearly,100,100.0
11972,499,53,Telugu,Annual Exam,100,99.1
11973,499,54,Computer Science,Unit Test 1,25,24.7
11974,499,54,Computer Science,Unit Test 2,25,25.0
11975,499,54,Computer Science,Half Yearly,100,96.9
11976,499,54,Computer Science,Annual Exam,100,100.0
11977,500,49,Mathematics,Unit Test 1,25,7.1
11978,500,49,Mathematics,Unit Test 2,25,12.9
11979,500,49,Mathematics,Half Yearly,100,39.3
11980,500,49,Mathematics,Annual Exam,100,50.7
11981,500,50,Science,Unit Test 1,25,10.2
11982,500,50,Science,Unit Test 2,25,8.1
11983,500,50,Science,Half Yearly,100,56.0
11984,500,50,Science,Annual Exam,100,45.6
11985,500,51,English,Unit Test 1,25,8.6
11986,500,51,English,Unit Test 2,25,9.8
11987,500,51,English,Half Yearly,100,38.2
11988,500,51,English,Annual Exam,100,43.6
11989,500,52,Social Studies,Unit Test 1,25,12.0
11990,500,52,Social Studies,Unit Test 2,25,6.9
11991,500,52,Social Studies,Half Yearly,100,24.3
11992,500,52,Social Studies,Annual Exam,100,41.4
11993,500,53,Telugu,Unit Test 1,25,3.8
11994,500,53,Telugu,Unit Test 2,25,8.7
11995,500,53,Telugu,Half Yearly,100,26.8
11996,500,53,Telugu,Annual Exam,100,34.7
11997,500,54,Computer Science,Unit Test 1,25,10.4
11998,500,54,Computer Science,Unit Test 2,25,9.4
11999,500,54,Computer Science,Half Yearly,100,39.5
12000,500,54,Computer Science,Annual Exam,100,36.8
12001,501,49,Mathematics,Unit Test 1,25,20.5
12002,501,49,Mathematics,Unit Test 2,25,19.0
12003,501,49,Mathematics,Half Yearly,100,89.7
12004,501,49,Mathematics,Annual Exam,100,78.0
12005,501,50,Science,Unit Test 1,25,20.8
12006,501,50,Science,Unit Test 2,25,18.1
12007,501,50,Science,Half Yearly,100,75.4
12008,501,50,Science,Annual Exam,100,79.1
12009,501,51,English,Unit Test 1,25,20.6
12010,501,51,English,Unit Test 2,25,19.4
12011,501,51,English,Half Yearly,100,76.4
12012,501,51,English,Annual Exam,100,87.8
12013,501,52,Social Studies,Unit Test 1,25,22.2
12014,501,52,Social Studies,Unit Test 2,25,19.7
12015,501,52,Social Studies,Half Yearly,100,86.5
12016,501,52,Social Studies,Annual Exam,100,70.0
12017,501,53,Telugu,Unit Test 1,25,20.6
12018,501,53,Telugu,Unit Test 2,25,17.1
12019,501,53,Telugu,Half Yearly,100,67.1
12020,501,53,Telugu,Annual Exam,100,71.0
12021,501,54,Computer Science,Unit Test 1,25,21.2
12022,501,54,Computer Science,Unit Test 2,25,18.3
12023,501,54,Computer Science,Half Yearly,100,79.8
12024,501,54,Computer Science,Annual Exam,100,74.5
12025,502,49,Mathematics,Unit Test 1,25,23.5
12026,502,49,Mathematics,Unit Test 2,25,22.4
12027,502,49,Mathematics,Half Yearly,100,94.9
12028,502,49,Mathematics,Annual Exam,100,70.7
12029,502,50,Science,Unit Test 1,25,22.9
12030,502,50,Science,Unit Test 2,25,19.1
12031,502,50,Science,Half Yearly,100,89.6
12032,502,50,Science,Annual Exam,100,100.0
12033,502,51,English,Unit Test 1,25,14.0
12034,502,51,English,Unit Test 2,25,20.7
12035,502,51,English,Half Yearly,100,81.2
12036,502,51,English,Annual Exam,100,93.8
12037,502,52,Social Studies,Unit Test 1,25,22.9
12038,502,52,Social Studies,Unit Test 2,25,25.0
12039,502,52,Social Studies,Half Yearly,100,88.6
12040,502,52,Social Studies,Annual Exam,100,100.0
12041,502,53,Telugu,Unit Test 1,25,19.5
12042,502,53,Telugu,Unit Test 2,25,18.9
12043,502,53,Telugu,Half Yearly,100,73.6
12044,502,53,Telugu,Annual Exam,100,90.5
12045,502,54,Computer Science,Unit Test 1,25,23.3
12046,502,54,Computer Science,Unit Test 2,25,25.0
12047,502,54,Computer Science,Half Yearly,100,96.4
12048,502,54,Computer Science,Annual Exam,100,96.8
12049,503,49,Mathematics,Unit Test 1,25,24.1
12050,503,49,Mathematics,Unit Test 2,25,21.0
12051,503,49,Mathematics,Half Yearly,100,79.0
12052,503,49,Mathematics,Annual Exam,100,100.0
12053,503,50,Science,Unit Test 1,25,16.3
12054,503,50,Science,Unit Test 2,25,19.8
12055,503,50,Science,Half Yearly,100,74.2
12056,503,50,Science,Annual Exam,100,60.4
12057,503,51,English,Unit Test 1,25,21.8
12058,503,51,English,Unit Test 2,25,25.0
12059,503,51,English,Half Yearly,100,100.0
12060,503,51,English,Annual Exam,100,100.0
12061,503,52,Social Studies,Unit Test 1,25,22.2
12062,503,52,Social Studies,Unit Test 2,25,21.3
12063,503,52,Social Studies,Half Yearly,100,83.0
12064,503,52,Social Studies,Annual Exam,100,79.4
12065,503,53,Telugu,Unit Test 1,25,18.4
12066,503,53,Telugu,Unit Test 2,25,19.8
12067,503,53,Telugu,Half Yearly,100,85.9
12068,503,53,Telugu,Annual Exam,100,85.4
12069,503,54,Computer Science,Unit Test 1,25,21.8
12070,503,54,Computer Science,Unit Test 2,25,21.7
12071,503,54,Computer Science,Half Yearly,100,95.4
12072,503,54,Computer Science,Annual Exam,100,75.1
12073,504,49,Mathematics,Unit Test 1,25,14.0
12074,504,49,Mathematics,Unit Test 2,25,15.9
12075,504,49,Mathematics,Half Yearly,100,67.7
12076,504,49,Mathematics,Annual Exam,100,64.4
12077,504,50,Science,Unit Test 1,25,16.2
12078,504,50,Science,Unit Test 2,25,12.8
12079,504,50,Science,Half Yearly,100,73.7
12080,504,50,Science,Annual Exam,100,66.2
12081,504,51,English,Unit Test 1,25,15.3
12082,504,51,English,Unit Test 2,25,15.4
12083,504,51,English,Half Yearly,100,48.8
12084,504,51,English,Annual Exam,100,66.7
12085,504,52,Social Studies,Unit Test 1,25,16.3
12086,504,52,Social Studies,Unit Test 2,25,14.9
12087,504,52,Social Studies,Half Yearly,100,52.8
12088,504,52,Social Studies,Annual Exam,100,52.1
12089,504,53,Telugu,Unit Test 1,25,12.2
12090,504,53,Telugu,Unit Test 2,25,18.7
12091,504,53,Telugu,Half Yearly,100,52.1
12092,504,53,Telugu,Annual Exam,100,52.5
12093,504,54,Computer Science,Unit Test 1,25,15.0
12094,504,54,Computer Science,Unit Test 2,25,16.5
12095,504,54,Computer Science,Half Yearly,100,52.7
12096,504,54,Computer Science,Annual Exam,100,59.0
12097,505,49,Mathematics,Unit Test 1,25,17.8
12098,505,49,Mathematics,Unit Test 2,25,16.8
12099,505,49,Mathematics,Half Yearly,100,80.0
12100,505,49,Mathematics,Annual Exam,100,61.1
12101,505,50,Science,Unit Test 1,25,19.5
12102,505,50,Science,Unit Test 2,25,20.5
12103,505,50,Science,Half Yearly,100,82.9
12104,505,50,Science,Annual Exam,100,72.1
12105,505,51,English,Unit Test 1,25,19.5
12106,505,51,English,Unit Test 2,25,16.9
12107,505,51,English,Half Yearly,100,73.9
12108,505,51,English,Annual Exam,100,85.4
12109,505,52,Social Studies,Unit Test 1,25,19.0
12110,505,52,Social Studies,Unit Test 2,25,19.2
12111,505,52,Social Studies,Half Yearly,100,67.4
12112,505,52,Social Studies,Annual Exam,100,56.1
12113,505,53,Telugu,Unit Test 1,25,23.3
12114,505,53,Telugu,Unit Test 2,25,23.2
12115,505,53,Telugu,Half Yearly,100,73.3
12116,505,53,Telugu,Annual Exam,100,96.3
12117,505,54,Computer Science,Unit Test 1,25,17.2
12118,505,54,Computer Science,Unit Test 2,25,18.0
12119,505,54,Computer Science,Half Yearly,100,67.3
12120,505,54,Computer Science,Annual Exam,100,48.5
12121,506,49,Mathematics,Unit Test 1,25,17.2
12122,506,49,Mathematics,Unit Test 2,25,16.5
12123,506,49,Mathematics,Half Yearly,100,82.5
12124,506,49,Mathematics,Annual Exam,100,63.3
12125,506,50,Science,Unit Test 1,25,19.9
12126,506,50,Science,Unit Test 2,25,17.7
12127,506,50,Science,Half Yearly,100,76.5
12128,506,50,Science,Annual Exam,100,85.0
12129,506,51,English,Unit Test 1,25,18.5
12130,506,51,English,Unit Test 2,25,20.4
12131,506,51,English,Half Yearly,100,83.9
12132,506,51,English,Annual Exam,100,84.6
12133,506,52,Social Studies,Unit Test 1,25,16.7
12134,506,52,Social Studies,Unit Test 2,25,17.3
12135,506,52,Social Studies,Half Yearly,100,95.1
12136,506,52,Social Studies,Annual Exam,100,83.8
12137,506,53,Telugu,Unit Test 1,25,16.8
12138,506,53,Telugu,Unit Test 2,25,17.0
12139,506,53,Telugu,Half Yearly,100,86.5
12140,506,53,Telugu,Annual Exam,100,74.1
12141,506,54,Computer Science,Unit Test 1,25,12.7
12142,506,54,Computer Science,Unit Test 2,25,14.6
12143,506,54,Computer Science,Half Yearly,100,60.1
12144,506,54,Computer Science,Annual Exam,100,57.4
12145,507,49,Mathematics,Unit Test 1,25,19.6
12146,507,49,Mathematics,Unit Test 2,25,19.9
12147,507,49,Mathematics,Half Yearly,100,66.8
12148,507,49,Mathematics,Annual Exam,100,84.6
12149,507,50,Science,Unit Test 1,25,17.9
12150,507,50,Science,Unit Test 2,25,20.6
12151,507,50,Science,Half Yearly,100,76.4
12152,507,50,Science,Annual Exam,100,65.8
12153,507,51,English,Unit Test 1,25,20.3
12154,507,51,English,Unit Test 2,25,18.6
12155,507,51,English,Half Yearly,100,72.1
12156,507,51,English,Annual Exam,100,84.4
12157,507,52,Social Studies,Unit Test 1,25,21.0
12158,507,52,Social Studies,Unit Test 2,25,17.5
12159,507,52,Social Studies,Half Yearly,100,71.3
12160,507,52,Social Studies,Annual Exam,100,79.8
12161,507,53,Telugu,Unit Test 1,25,20.2
12162,507,53,Telugu,Unit Test 2,25,18.4
12163,507,53,Telugu,Half Yearly,100,88.4
12164,507,53,Telugu,Annual Exam,100,87.5
12165,507,54,Computer Science,Unit Test 1,25,18.2
12166,507,54,Computer Science,Unit Test 2,25,16.6
12167,507,54,Computer Science,Half Yearly,100,77.8
12168,507,54,Computer Science,Annual Exam,100,68.8
12169,508,49,Mathematics,Unit Test 1,25,18.3
12170,508,49,Mathematics,Unit Test 2,25,16.5
12171,508,49,Mathematics,Half Yearly,100,42.7
12172,508,49,Mathematics,Annual Exam,100,63.2
12173,508,50,Science,Unit Test 1,25,13.5
12174,508,50,Science,Unit Test 2,25,10.4
12175,508,50,Science,Half Yearly,100,57.6
12176,508,50,Science,Annual Exam,100,52.6
12177,508,51,English,Unit Test 1,25,15.0
12178,508,51,English,Unit Test 2,25,17.9
12179,508,51,English,Half Yearly,100,60.5
12180,508,51,English,Annual Exam,100,66.9
12181,508,52,Social Studies,Unit Test 1,25,17.7
12182,508,52,Social Studies,Unit Test 2,25,20.9
12183,508,52,Social Studies,Half Yearly,100,78.4
12184,508,52,Social Studies,Annual Exam,100,97.4
12185,508,53,Telugu,Unit Test 1,25,13.4
12186,508,53,Telugu,Unit Test 2,25,16.2
12187,508,53,Telugu,Half Yearly,100,59.3
12188,508,53,Telugu,Annual Exam,100,57.6
12189,508,54,Computer Science,Unit Test 1,25,17.9
12190,508,54,Computer Science,Unit Test 2,25,16.5
12191,508,54,Computer Science,Half Yearly,100,71.0
12192,508,54,Computer Science,Annual Exam,100,59.6
12193,509,49,Mathematics,Unit Test 1,25,20.3
12194,509,49,Mathematics,Unit Test 2,25,15.4
12195,509,49,Mathematics,Half Yearly,100,58.0
12196,509,49,Mathematics,Annual Exam,100,59.8
12197,509,50,Science,Unit Test 1,25,16.0
12198,509,50,Science,Unit Test 2,25,13.8
12199,509,50,Science,Half Yearly,100,62.3
12200,509,50,Science,Annual Exam,100,48.2
12201,509,51,English,Unit Test 1,25,12.4
12202,509,51,English,Unit Test 2,25,12.4
12203,509,51,English,Half Yearly,100,48.7
12204,509,51,English,Annual Exam,100,61.4
12205,509,52,Social Studies,Unit Test 1,25,15.6
12206,509,52,Social Studies,Unit Test 2,25,18.7
12207,509,52,Social Studies,Half Yearly,100,63.5
12208,509,52,Social Studies,Annual Exam,100,65.0
12209,509,53,Telugu,Unit Test 1,25,20.0
12210,509,53,Telugu,Unit Test 2,25,18.9
12211,509,53,Telugu,Half Yearly,100,55.4
12212,509,53,Telugu,Annual Exam,100,69.6
12213,509,54,Computer Science,Unit Test 1,25,15.4
12214,509,54,Computer Science,Unit Test 2,25,15.1
12215,509,54,Computer Science,Half Yearly,100,69.1
12216,509,54,Computer Science,Annual Exam,100,56.7
12217,510,49,Mathematics,Unit Test 1,25,21.4
12218,510,49,Mathematics,Unit Test 2,25,24.5
12219,510,49,Mathematics,Half Yearly,100,82.2
12220,510,49,Mathematics,Annual Exam,100,96.0
12221,510,50,Science,Unit Test 1,25,20.1
12222,510,50,Science,Unit Test 2,25,23.0
12223,510,50,Science,Half Yearly,100,82.9
12224,510,50,Science,Annual Exam,100,87.1
12225,510,51,English,Unit Test 1,25,18.3
12226,510,51,English,Unit Test 2,25,15.4
12227,510,51,English,Half Yearly,100,77.6
12228,510,51,English,Annual Exam,100,71.2
12229,510,52,Social Studies,Unit Test 1,25,18.4
12230,510,52,Social Studies,Unit Test 2,25,25.0
12231,510,52,Social Studies,Half Yearly,100,83.0
12232,510,52,Social Studies,Annual Exam,100,96.7
12233,510,53,Telugu,Unit Test 1,25,19.2
12234,510,53,Telugu,Unit Test 2,25,19.0
12235,510,53,Telugu,Half Yearly,100,84.3
12236,510,53,Telugu,Annual Exam,100,78.1
12237,510,54,Computer Science,Unit Test 1,25,17.7
12238,510,54,Computer Science,Unit Test 2,25,16.9
12239,510,54,Computer Science,Half Yearly,100,90.9
12240,510,54,Computer Science,Annual Exam,100,79.3
12241,511,49,Mathematics,Unit Test 1,25,17.1
12242,511,49,Mathematics,Unit Test 2,25,15.4
12243,511,49,Mathematics,Half Yearly,100,56.4
12244,511,49,Mathematics,Annual Exam,100,63.7
12245,511,50,Science,Unit Test 1,25,20.8
12246,511,50,Science,Unit Test 2,25,16.2
12247,511,50,Science,Half Yearly,100,60.2
12248,511,50,Science,Annual Exam,100,77.1
12249,511,51,English,Unit Test 1,25,17.4
12250,511,51,English,Unit Test 2,25,14.9
12251,511,51,English,Half Yearly,100,60.1
12252,511,51,English,Annual Exam,100,58.4
12253,511,52,Social Studies,Unit Test 1,25,19.1
12254,511,52,Social Studies,Unit Test 2,25,14.9
12255,511,52,Social Studies,Half Yearly,100,71.8
12256,511,52,Social Studies,Annual Exam,100,69.1
12257,511,53,Telugu,Unit Test 1,25,13.4
12258,511,53,Telugu,Unit Test 2,25,18.0
12259,511,53,Telugu,Half Yearly,100,54.1
12260,511,53,Telugu,Annual Exam,100,63.5
12261,511,54,Computer Science,Unit Test 1,25,16.8
12262,511,54,Computer Science,Unit Test 2,25,21.6
12263,511,54,Computer Science,Half Yearly,100,78.9
12264,511,54,Computer Science,Annual Exam,100,80.2
12265,512,49,Mathematics,Unit Test 1,25,12.5
12266,512,49,Mathematics,Unit Test 2,25,8.3
12267,512,49,Mathematics,Half Yearly,100,52.9
12268,512,49,Mathematics,Annual Exam,100,48.0
12269,512,50,Science,Unit Test 1,25,11.0
12270,512,50,Science,Unit Test 2,25,13.7
12271,512,50,Science,Half Yearly,100,59.2
12272,512,50,Science,Annual Exam,100,59.5
12273,512,51,English,Unit Test 1,25,13.6
12274,512,51,English,Unit Test 2,25,14.8
12275,512,51,English,Half Yearly,100,53.3
12276,512,51,English,Annual Exam,100,58.5
12277,512,52,Social Studies,Unit Test 1,25,12.8
12278,512,52,Social Studies,Unit Test 2,25,16.6
12279,512,52,Social Studies,Half Yearly,100,52.1
12280,512,52,Social Studies,Annual Exam,100,70.6
12281,512,53,Telugu,Unit Test 1,25,17.3
12282,512,53,Telugu,Unit Test 2,25,16.5
12283,512,53,Telugu,Half Yearly,100,76.9
12284,512,53,Telugu,Annual Exam,100,60.2
12285,512,54,Computer Science,Unit Test 1,25,12.5
12286,512,54,Computer Science,Unit Test 2,25,10.8
12287,512,54,Computer Science,Half Yearly,100,46.7
12288,512,54,Computer Science,Annual Exam,100,62.5
12289,513,49,Mathematics,Unit Test 1,25,22.8
12290,513,49,Mathematics,Unit Test 2,25,20.8
12291,513,49,Mathematics,Half Yearly,100,90.2
12292,513,49,Mathematics,Annual Exam,100,99.5
12293,513,50,Science,Unit Test 1,25,22.7
12294,513,50,Science,Unit Test 2,25,24.1
12295,513,50,Science,Half Yearly,100,86.2
12296,513,50,Science,Annual Exam,100,100.0
12297,513,51,English,Unit Test 1,25,24.0
12298,513,51,English,Unit Test 2,25,24.4
12299,513,51,English,Half Yearly,100,95.0
12300,513,51,English,Annual Exam,100,92.1
12301,513,52,Social Studies,Unit Test 1,25,19.8
12302,513,52,Social Studies,Unit Test 2,25,22.4
12303,513,52,Social Studies,Half Yearly,100,87.1
12304,513,52,Social Studies,Annual Exam,100,77.1
12305,513,53,Telugu,Unit Test 1,25,22.6
12306,513,53,Telugu,Unit Test 2,25,23.4
12307,513,53,Telugu,Half Yearly,100,72.4
12308,513,53,Telugu,Annual Exam,100,85.5
12309,513,54,Computer Science,Unit Test 1,25,22.7
12310,513,54,Computer Science,Unit Test 2,25,20.7
12311,513,54,Computer Science,Half Yearly,100,87.2
12312,513,54,Computer Science,Annual Exam,100,84.3
12313,514,49,Mathematics,Unit Test 1,25,16.4
12314,514,49,Mathematics,Unit Test 2,25,16.9
12315,514,49,Mathematics,Half Yearly,100,100.0
12316,514,49,Mathematics,Annual Exam,100,83.9
12317,514,50,Science,Unit Test 1,25,17.8
12318,514,50,Science,Unit Test 2,25,16.2
12319,514,50,Science,Half Yearly,100,81.8
12320,514,50,Science,Annual Exam,100,73.5
12321,514,51,English,Unit Test 1,25,18.1
12322,514,51,English,Unit Test 2,25,16.6
12323,514,51,English,Half Yearly,100,57.2
12324,514,51,English,Annual Exam,100,61.2
12325,514,52,Social Studies,Unit Test 1,25,17.2
12326,514,52,Social Studies,Unit Test 2,25,14.0
12327,514,52,Social Studies,Half Yearly,100,57.0
12328,514,52,Social Studies,Annual Exam,100,58.6
12329,514,53,Telugu,Unit Test 1,25,14.3
12330,514,53,Telugu,Unit Test 2,25,15.6
12331,514,53,Telugu,Half Yearly,100,64.1
12332,514,53,Telugu,Annual Exam,100,60.6
12333,514,54,Computer Science,Unit Test 1,25,15.9
12334,514,54,Computer Science,Unit Test 2,25,15.2
12335,514,54,Computer Science,Half Yearly,100,65.8
12336,514,54,Computer Science,Annual Exam,100,50.7
12337,515,49,Mathematics,Unit Test 1,25,18.0
12338,515,49,Mathematics,Unit Test 2,25,19.9
12339,515,49,Mathematics,Half Yearly,100,63.5
12340,515,49,Mathematics,Annual Exam,100,62.8
12341,515,50,Science,Unit Test 1,25,15.1
12342,515,50,Science,Unit Test 2,25,16.8
12343,515,50,Science,Half Yearly,100,64.9
12344,515,50,Science,Annual Exam,100,58.5
12345,515,51,English,Unit Test 1,25,17.5
12346,515,51,English,Unit Test 2,25,18.2
12347,515,51,English,Half Yearly,100,63.3
12348,515,51,English,Annual Exam,100,76.6
12349,515,52,Social Studies,Unit Test 1,25,11.0
12350,515,52,Social Studies,Unit Test 2,25,11.8
12351,515,52,Social Studies,Half Yearly,100,43.1
12352,515,52,Social Studies,Annual Exam,100,51.5
12353,515,53,Telugu,Unit Test 1,25,16.2
12354,515,53,Telugu,Unit Test 2,25,16.5
12355,515,53,Telugu,Half Yearly,100,79.2
12356,515,53,Telugu,Annual Exam,100,88.5
12357,515,54,Computer Science,Unit Test 1,25,19.2
12358,515,54,Computer Science,Unit Test 2,25,17.1
12359,515,54,Computer Science,Half Yearly,100,77.1
12360,515,54,Computer Science,Annual Exam,100,70.0
12361,516,49,Mathematics,Unit Test 1,25,20.9
12362,516,49,Mathematics,Unit Test 2,25,24.7
12363,516,49,Mathematics,Half Yearly,100,92.4
12364,516,49,Mathematics,Annual Exam,100,94.4
12365,516,50,Science,Unit Test 1,25,23.3
12366,516,50,Science,Unit Test 2,25,24.1
12367,516,50,Science,Half Yearly,100,91.3
12368,516,50,Science,Annual Exam,100,83.8
12369,516,51,English,Unit Test 1,25,19.8
12370,516,51,English,Unit Test 2,25,19.3
12371,516,51,English,Half Yearly,100,72.9
12372,516,51,English,Annual Exam,100,84.1
12373,516,52,Social Studies,Unit Test 1,25,24.7
12374,516,52,Social Studies,Unit Test 2,25,22.9
12375,516,52,Social Studies,Half Yearly,100,86.4
12376,516,52,Social Studies,Annual Exam,100,99.0
12377,516,53,Telugu,Unit Test 1,25,20.2
12378,516,53,Telugu,Unit Test 2,25,25.0
12379,516,53,Telugu,Half Yearly,100,93.7
12380,516,53,Telugu,Annual Exam,100,90.4
12381,516,54,Computer Science,Unit Test 1,25,25.0
12382,516,54,Computer Science,Unit Test 2,25,23.2
12383,516,54,Computer Science,Half Yearly,100,94.5
12384,516,54,Computer Science,Annual Exam,100,100.0
12385,517,49,Mathematics,Unit Test 1,25,24.3
12386,517,49,Mathematics,Unit Test 2,25,23.2
12387,517,49,Mathematics,Half Yearly,100,85.3
12388,517,49,Mathematics,Annual Exam,100,91.3
12389,517,50,Science,Unit Test 1,25,15.0
12390,517,50,Science,Unit Test 2,25,21.4
12391,517,50,Science,Half Yearly,100,66.1
12392,517,50,Science,Annual Exam,100,75.1
12393,517,51,English,Unit Test 1,25,16.2
12394,517,51,English,Unit Test 2,25,16.3
12395,517,51,English,Half Yearly,100,95.1
12396,517,51,English,Annual Exam,100,41.8
12397,517,52,Social Studies,Unit Test 1,25,18.8
12398,517,52,Social Studies,Unit Test 2,25,23.8
12399,517,52,Social Studies,Half Yearly,100,97.2
12400,517,52,Social Studies,Annual Exam,100,89.7
12401,517,53,Telugu,Unit Test 1,25,20.2
12402,517,53,Telugu,Unit Test 2,25,21.9
12403,517,53,Telugu,Half Yearly,100,79.5
12404,517,53,Telugu,Annual Exam,100,81.2
12405,517,54,Computer Science,Unit Test 1,25,19.4
12406,517,54,Computer Science,Unit Test 2,25,20.1
12407,517,54,Computer Science,Half Yearly,100,65.9
12408,517,54,Computer Science,Annual Exam,100,70.9
12409,518,49,Mathematics,Unit Test 1,25,20.0
12410,518,49,Mathematics,Unit Test 2,25,19.4
12411,518,49,Mathematics,Half Yearly,100,70.8
12412,518,49,Mathematics,Annual Exam,100,77.3
12413,518,50,Science,Unit Test 1,25,21.5
12414,518,50,Science,Unit Test 2,25,21.2
12415,518,50,Science,Half Yearly,100,92.0
12416,518,50,Science,Annual Exam,100,85.7
12417,518,51,English,Unit Test 1,25,19.2
12418,518,51,English,Unit Test 2,25,21.0
12419,518,51,English,Half Yearly,100,89.3
12420,518,51,English,Annual Exam,100,87.6
12421,518,52,Social Studies,Unit Test 1,25,21.4
12422,518,52,Social Studies,Unit Test 2,25,20.2
12423,518,52,Social Studies,Half Yearly,100,79.8
12424,518,52,Social Studies,Annual Exam,100,73.7
12425,518,53,Telugu,Unit Test 1,25,18.5
12426,518,53,Telugu,Unit Test 2,25,17.2
12427,518,53,Telugu,Half Yearly,100,73.9
12428,518,53,Telugu,Annual Exam,100,72.5
12429,518,54,Computer Science,Unit Test 1,25,17.1
12430,518,54,Computer Science,Unit Test 2,25,16.2
12431,518,54,Computer Science,Half Yearly,100,71.3
12432,518,54,Computer Science,Annual Exam,100,70.3
12433,519,49,Mathematics,Unit Test 1,25,14.2
12434,519,49,Mathematics,Unit Test 2,25,13.1
12435,519,49,Mathematics,Half Yearly,100,57.6
12436,519,49,Mathematics,Annual Exam,100,55.1
12437,519,50,Science,Unit Test 1,25,11.6
12438,519,50,Science,Unit Test 2,25,9.5
12439,519,50,Science,Half Yearly,100,56.6
12440,519,50,Science,Annual Exam,100,58.1
12441,519,51,English,Unit Test 1,25,13.8
12442,519,51,English,Unit Test 2,25,10.9
12443,519,51,English,Half Yearly,100,53.9
12444,519,51,English,Annual Exam,100,59.0
12445,519,52,Social Studies,Unit Test 1,25,10.1
12446,519,52,Social Studies,Unit Test 2,25,12.4
12447,519,52,Social Studies,Half Yearly,100,56.8
12448,519,52,Social Studies,Annual Exam,100,40.4
12449,519,53,Telugu,Unit Test 1,25,18.1
12450,519,53,Telugu,Unit Test 2,25,13.2
12451,519,53,Telugu,Half Yearly,100,65.3
12452,519,53,Telugu,Annual Exam,100,55.7
12453,519,54,Computer Science,Unit Test 1,25,19.4
12454,519,54,Computer Science,Unit Test 2,25,15.3
12455,519,54,Computer Science,Half Yearly,100,59.2
12456,519,54,Computer Science,Annual Exam,100,64.8
12457,520,49,Mathematics,Unit Test 1,25,24.3
12458,520,49,Mathematics,Unit Test 2,25,24.4
12459,520,49,Mathematics,Half Yearly,100,100.0
12460,520,49,Mathematics,Annual Exam,100,100.0
12461,520,50,Science,Unit Test 1,25,23.4
12462,520,50,Science,Unit Test 2,25,24.0
12463,520,50,Science,Half Yearly,100,96.8
12464,520,50,Science,Annual Exam,100,94.8
12465,520,51,English,Unit Test 1,25,24.9
12466,520,51,English,Unit Test 2,25,25.0
12467,520,51,English,Half Yearly,100,95.9
12468,520,51,English,Annual Exam,100,100.0
12469,520,52,Social Studies,Unit Test 1,25,23.6
12470,520,52,Social Studies,Unit Test 2,25,24.6
12471,520,52,Social Studies,Half Yearly,100,94.4
12472,520,52,Social Studies,Annual Exam,100,94.5
12473,520,53,Telugu,Unit Test 1,25,23.4
12474,520,53,Telugu,Unit Test 2,25,25.0
12475,520,53,Telugu,Half Yearly,100,100.0
12476,520,53,Telugu,Annual Exam,100,96.7
12477,520,54,Computer Science,Unit Test 1,25,24.0
12478,520,54,Computer Science,Unit Test 2,25,25.0
12479,520,54,Computer Science,Half Yearly,100,83.3
12480,520,54,Computer Science,Annual Exam,100,100.0
12481,521,49,Mathematics,Unit Test 1,25,16.2
12482,521,49,Mathematics,Unit Test 2,25,13.2
12483,521,49,Mathematics,Half Yearly,100,71.6
12484,521,49,Mathematics,Annual Exam,100,64.3
12485,521,50,Science,Unit Test 1,25,12.5
12486,521,50,Science,Unit Test 2,25,13.5
12487,521,50,Science,Half Yearly,100,60.0
12488,521,50,Science,Annual Exam,100,54.4
12489,521,51,English,Unit Test 1,25,18.3
12490,521,51,English,Unit Test 2,25,15.1
12491,521,51,English,Half Yearly,100,58.6
12492,521,51,English,Annual Exam,100,57.2
12493,521,52,Social Studies,Unit Test 1,25,14.3
12494,521,52,Social Studies,Unit Test 2,25,12.5
12495,521,52,Social Studies,Half Yearly,100,51.1
12496,521,52,Social Studies,Annual Exam,100,51.2
12497,521,53,Telugu,Unit Test 1,25,18.5
12498,521,53,Telugu,Unit Test 2,25,16.5
12499,521,53,Telugu,Half Yearly,100,78.1
12500,521,53,Telugu,Annual Exam,100,70.2
12501,521,54,Computer Science,Unit Test 1,25,11.6
12502,521,54,Computer Science,Unit Test 2,25,15.1
12503,521,54,Computer Science,Half Yearly,100,46.6
12504,521,54,Computer Science,Annual Exam,100,45.7
12505,522,49,Mathematics,Unit Test 1,25,18.0
12506,522,49,Mathematics,Unit Test 2,25,22.0
12507,522,49,Mathematics,Half Yearly,100,92.0
12508,522,49,Mathematics,Annual Exam,100,92.8
12509,522,50,Science,Unit Test 1,25,19.4
12510,522,50,Science,Unit Test 2,25,25.0
12511,522,50,Science,Half Yearly,100,94.7
12512,522,50,Science,Annual Exam,100,100.0
12513,522,51,English,Unit Test 1,25,20.5
12514,522,51,English,Unit Test 2,25,20.3
12515,522,51,English,Half Yearly,100,75.0
12516,522,51,English,Annual Exam,100,58.7
12517,522,52,Social Studies,Unit Test 1,25,16.8
12518,522,52,Social Studies,Unit Test 2,25,18.4
12519,522,52,Social Studies,Half Yearly,100,83.5
12520,522,52,Social Studies,Annual Exam,100,92.7
12521,522,53,Telugu,Unit Test 1,25,17.5
12522,522,53,Telugu,Unit Test 2,25,16.6
12523,522,53,Telugu,Half Yearly,100,70.8
12524,522,53,Telugu,Annual Exam,100,75.5
12525,522,54,Computer Science,Unit Test 1,25,15.8
12526,522,54,Computer Science,Unit Test 2,25,16.3
12527,522,54,Computer Science,Half Yearly,100,77.3
12528,522,54,Computer Science,Annual Exam,100,80.2
12529,523,49,Mathematics,Unit Test 1,25,12.7
12530,523,49,Mathematics,Unit Test 2,25,14.1
12531,523,49,Mathematics,Half Yearly,100,37.0
12532,523,49,Mathematics,Annual Exam,100,48.1
12533,523,50,Science,Unit Test 1,25,15.3
12534,523,50,Science,Unit Test 2,25,12.9
12535,523,50,Science,Half Yearly,100,60.2
12536,523,50,Science,Annual Exam,100,70.3
12537,523,51,English,Unit Test 1,25,10.9
12538,523,51,English,Unit Test 2,25,15.5
12539,523,51,English,Half Yearly,100,64.5
12540,523,51,English,Annual Exam,100,54.7
12541,523,52,Social Studies,Unit Test 1,25,13.3
12542,523,52,Social Studies,Unit Test 2,25,13.8
12543,523,52,Social Studies,Half Yearly,100,50.1
12544,523,52,Social Studies,Annual Exam,100,64.2
12545,523,53,Telugu,Unit Test 1,25,10.9
12546,523,53,Telugu,Unit Test 2,25,8.6
12547,523,53,Telugu,Half Yearly,100,55.1
12548,523,53,Telugu,Annual Exam,100,44.6
12549,523,54,Computer Science,Unit Test 1,25,14.1
12550,523,54,Computer Science,Unit Test 2,25,15.8
12551,523,54,Computer Science,Half Yearly,100,75.9
12552,523,54,Computer Science,Annual Exam,100,50.5
12553,524,49,Mathematics,Unit Test 1,25,14.0
12554,524,49,Mathematics,Unit Test 2,25,15.0
12555,524,49,Mathematics,Half Yearly,100,43.6
12556,524,49,Mathematics,Annual Exam,100,37.0
12557,524,50,Science,Unit Test 1,25,11.0
12558,524,50,Science,Unit Test 2,25,13.3
12559,524,50,Science,Half Yearly,100,64.0
12560,524,50,Science,Annual Exam,100,59.0
12561,524,51,English,Unit Test 1,25,15.9
12562,524,51,English,Unit Test 2,25,12.0
12563,524,51,English,Half Yearly,100,56.9
12564,524,51,English,Annual Exam,100,51.1
12565,524,52,Social Studies,Unit Test 1,25,10.7
12566,524,52,Social Studies,Unit Test 2,25,9.4
12567,524,52,Social Studies,Half Yearly,100,48.5
12568,524,52,Social Studies,Annual Exam,100,46.8
12569,524,53,Telugu,Unit Test 1,25,14.6
12570,524,53,Telugu,Unit Test 2,25,12.5
12571,524,53,Telugu,Half Yearly,100,62.9
12572,524,53,Telugu,Annual Exam,100,78.2
12573,524,54,Computer Science,Unit Test 1,25,17.3
12574,524,54,Computer Science,Unit Test 2,25,16.8
12575,524,54,Computer Science,Half Yearly,100,48.1
12576,524,54,Computer Science,Annual Exam,100,61.4
12577,525,49,Mathematics,Unit Test 1,25,25.0
12578,525,49,Mathematics,Unit Test 2,25,25.0
12579,525,49,Mathematics,Half Yearly,100,98.2
12580,525,49,Mathematics,Annual Exam,100,96.5
12581,525,50,Science,Unit Test 1,25,25.0
12582,525,50,Science,Unit Test 2,25,24.4
12583,525,50,Science,Half Yearly,100,98.9
12584,525,50,Science,Annual Exam,100,97.1
12585,525,51,English,Unit Test 1,25,25.0
12586,525,51,English,Unit Test 2,25,25.0
12587,525,51,English,Half Yearly,100,100.0
12588,525,51,English,Annual Exam,100,97.1
12589,525,52,Social Studies,Unit Test 1,25,25.0
12590,525,52,Social Studies,Unit Test 2,25,25.0
12591,525,52,Social Studies,Half Yearly,100,100.0
12592,525,52,Social Studies,Annual Exam,100,100.0
12593,525,53,Telugu,Unit Test 1,25,23.0
12594,525,53,Telugu,Unit Test 2,25,25.0
12595,525,53,Telugu,Half Yearly,100,87.6
12596,525,53,Telugu,Annual Exam,100,91.0
12597,525,54,Computer Science,Unit Test 1,25,25.0
12598,525,54,Computer Science,Unit Test 2,25,25.0
12599,525,54,Computer Science,Half Yearly,100,100.0
12600,525,54,Computer Science,Annual Exam,100,100.0
12601,526,49,Mathematics,Unit Test 1,25,20.2
12602,526,49,Mathematics,Unit Test 2,25,18.9
12603,526,49,Mathematics,Half Yearly,100,78.8
12604,526,49,Mathematics,Annual Exam,100,84.7
12605,526,50,Science,Unit Test 1,25,22.4
12606,526,50,Science,Unit Test 2,25,23.4
12607,526,50,Science,Half Yearly,100,98.5
12608,526,50,Science,Annual Exam,100,76.9
12609,526,51,English,Unit Test 1,25,24.6
12610,526,51,English,Unit Test 2,25,15.3
12611,526,51,English,Half Yearly,100,90.5
12612,526,51,English,Annual Exam,100,74.7
12613,526,52,Social Studies,Unit Test 1,25,17.2
12614,526,52,Social Studies,Unit Test 2,25,20.7
12615,526,52,Social Studies,Half Yearly,100,84.3
12616,526,52,Social Studies,Annual Exam,100,87.5
12617,526,53,Telugu,Unit Test 1,25,22.9
12618,526,53,Telugu,Unit Test 2,25,25.0
12619,526,53,Telugu,Half Yearly,100,80.3
12620,526,53,Telugu,Annual Exam,100,85.6
12621,526,54,Computer Science,Unit Test 1,25,18.8
12622,526,54,Computer Science,Unit Test 2,25,15.2
12623,526,54,Computer Science,Half Yearly,100,53.0
12624,526,54,Computer Science,Annual Exam,100,60.2
12625,527,49,Mathematics,Unit Test 1,25,18.2
12626,527,49,Mathematics,Unit Test 2,25,17.7
12627,527,49,Mathematics,Half Yearly,100,64.3
12628,527,49,Mathematics,Annual Exam,100,67.3
12629,527,50,Science,Unit Test 1,25,13.5
12630,527,50,Science,Unit Test 2,25,14.9
12631,527,50,Science,Half Yearly,100,62.9
12632,527,50,Science,Annual Exam,100,64.1
12633,527,51,English,Unit Test 1,25,14.8
12634,527,51,English,Unit Test 2,25,12.1
12635,527,51,English,Half Yearly,100,67.5
12636,527,51,English,Annual Exam,100,63.3
12637,527,52,Social Studies,Unit Test 1,25,12.0
12638,527,52,Social Studies,Unit Test 2,25,19.0
12639,527,52,Social Studies,Half Yearly,100,65.7
12640,527,52,Social Studies,Annual Exam,100,65.1
12641,527,53,Telugu,Unit Test 1,25,14.7
12642,527,53,Telugu,Unit Test 2,25,15.8
12643,527,53,Telugu,Half Yearly,100,76.2
12644,527,53,Telugu,Annual Exam,100,64.4
12645,527,54,Computer Science,Unit Test 1,25,4.9
12646,527,54,Computer Science,Unit Test 2,25,13.4
12647,527,54,Computer Science,Half Yearly,100,50.9
12648,527,54,Computer Science,Annual Exam,100,40.5
12649,528,49,Mathematics,Unit Test 1,25,14.6
12650,528,49,Mathematics,Unit Test 2,25,17.1
12651,528,49,Mathematics,Half Yearly,100,47.8
12652,528,49,Mathematics,Annual Exam,100,60.4
12653,528,50,Science,Unit Test 1,25,17.9
12654,528,50,Science,Unit Test 2,25,11.0
12655,528,50,Science,Half Yearly,100,42.4
12656,528,50,Science,Annual Exam,100,52.3
12657,528,51,English,Unit Test 1,25,13.4
12658,528,51,English,Unit Test 2,25,15.0
12659,528,51,English,Half Yearly,100,61.0
12660,528,51,English,Annual Exam,100,63.3
12661,528,52,Social Studies,Unit Test 1,25,14.8
12662,528,52,Social Studies,Unit Test 2,25,16.9
12663,528,52,Social Studies,Half Yearly,100,40.3
12664,528,52,Social Studies,Annual Exam,100,50.4
12665,528,53,Telugu,Unit Test 1,25,12.4
12666,528,53,Telugu,Unit Test 2,25,17.6
12667,528,53,Telugu,Half Yearly,100,74.3
12668,528,53,Telugu,Annual Exam,100,61.3
12669,528,54,Computer Science,Unit Test 1,25,13.7
12670,528,54,Computer Science,Unit Test 2,25,13.3
12671,528,54,Computer Science,Half Yearly,100,59.9
12672,528,54,Computer Science,Annual Exam,100,58.3
12673,529,49,Mathematics,Unit Test 1,25,24.1
12674,529,49,Mathematics,Unit Test 2,25,22.8
12675,529,49,Mathematics,Half Yearly,100,97.1
12676,529,49,Mathematics,Annual Exam,100,96.3
12677,529,50,Science,Unit Test 1,25,18.9
12678,529,50,Science,Unit Test 2,25,18.6
12679,529,50,Science,Half Yearly,100,77.3
12680,529,50,Science,Annual Exam,100,72.5
12681,529,51,English,Unit Test 1,25,24.5
12682,529,51,English,Unit Test 2,25,25.0
12683,529,51,English,Half Yearly,100,91.1
12684,529,51,English,Annual Exam,100,98.6
12685,529,52,Social Studies,Unit Test 1,25,22.3
12686,529,52,Social Studies,Unit Test 2,25,20.2
12687,529,52,Social Studies,Half Yearly,100,100.0
12688,529,52,Social Studies,Annual Exam,100,81.2
12689,529,53,Telugu,Unit Test 1,25,21.1
12690,529,53,Telugu,Unit Test 2,25,23.7
12691,529,53,Telugu,Half Yearly,100,87.3
12692,529,53,Telugu,Annual Exam,100,92.9
12693,529,54,Computer Science,Unit Test 1,25,20.3
12694,529,54,Computer Science,Unit Test 2,25,22.0
12695,529,54,Computer Science,Half Yearly,100,100.0
12696,529,54,Computer Science,Annual Exam,100,77.5
12697,530,49,Mathematics,Unit Test 1,25,16.3
12698,530,49,Mathematics,Unit Test 2,25,14.4
12699,530,49,Mathematics,Half Yearly,100,60.5
12700,530,49,Mathematics,Annual Exam,100,52.0
12701,530,50,Science,Unit Test 1,25,16.7
12702,530,50,Science,Unit Test 2,25,14.8
12703,530,50,Science,Half Yearly,100,45.9
12704,530,50,Science,Annual Exam,100,73.3
12705,530,51,English,Unit Test 1,25,12.8
12706,530,51,English,Unit Test 2,25,13.8
12707,530,51,English,Half Yearly,100,70.5
12708,530,51,English,Annual Exam,100,59.1
12709,530,52,Social Studies,Unit Test 1,25,11.8
12710,530,52,Social Studies,Unit Test 2,25,14.2
12711,530,52,Social Studies,Half Yearly,100,48.8
12712,530,52,Social Studies,Annual Exam,100,58.5
12713,530,53,Telugu,Unit Test 1,25,11.7
12714,530,53,Telugu,Unit Test 2,25,13.3
12715,530,53,Telugu,Half Yearly,100,46.3
12716,530,53,Telugu,Annual Exam,100,49.2
12717,530,54,Computer Science,Unit Test 1,25,9.9
12718,530,54,Computer Science,Unit Test 2,25,13.3
12719,530,54,Computer Science,Half Yearly,100,62.3
12720,530,54,Computer Science,Annual Exam,100,64.0
12721,531,49,Mathematics,Unit Test 1,25,17.7
12722,531,49,Mathematics,Unit Test 2,25,18.1
12723,531,49,Mathematics,Half Yearly,100,71.1
12724,531,49,Mathematics,Annual Exam,100,67.9
12725,531,50,Science,Unit Test 1,25,22.3
12726,531,50,Science,Unit Test 2,25,20.5
12727,531,50,Science,Half Yearly,100,85.3
12728,531,50,Science,Annual Exam,100,73.2
12729,531,51,English,Unit Test 1,25,23.1
12730,531,51,English,Unit Test 2,25,25.0
12731,531,51,English,Half Yearly,100,96.9
12732,531,51,English,Annual Exam,100,89.3
12733,531,52,Social Studies,Unit Test 1,25,19.9
12734,531,52,Social Studies,Unit Test 2,25,22.5
12735,531,52,Social Studies,Half Yearly,100,80.6
12736,531,52,Social Studies,Annual Exam,100,80.5
12737,531,53,Telugu,Unit Test 1,25,19.2
12738,531,53,Telugu,Unit Test 2,25,22.4
12739,531,53,Telugu,Half Yearly,100,89.2
12740,531,53,Telugu,Annual Exam,100,63.7
12741,531,54,Computer Science,Unit Test 1,25,18.9
12742,531,54,Computer Science,Unit Test 2,25,24.0
12743,531,54,Computer Science,Half Yearly,100,65.3
12744,531,54,Computer Science,Annual Exam,100,69.4
12745,532,49,Mathematics,Unit Test 1,25,13.5
12746,532,49,Mathematics,Unit Test 2,25,15.0
12747,532,49,Mathematics,Half Yearly,100,58.0
12748,532,49,Mathematics,Annual Exam,100,56.6
12749,532,50,Science,Unit Test 1,25,9.7
12750,532,50,Science,Unit Test 2,25,11.8
12751,532,50,Science,Half Yearly,100,29.0
12752,532,50,Science,Annual Exam,100,50.0
12753,532,51,English,Unit Test 1,25,16.9
12754,532,51,English,Unit Test 2,25,10.0
12755,532,51,English,Half Yearly,100,58.0
12756,532,51,English,Annual Exam,100,63.2
12757,532,52,Social Studies,Unit Test 1,25,16.0
12758,532,52,Social Studies,Unit Test 2,25,15.9
12759,532,52,Social Studies,Half Yearly,100,65.3
12760,532,52,Social Studies,Annual Exam,100,59.6
12761,532,53,Telugu,Unit Test 1,25,16.5
12762,532,53,Telugu,Unit Test 2,25,11.4
12763,532,53,Telugu,Half Yearly,100,58.4
12764,532,53,Telugu,Annual Exam,100,65.5
12765,532,54,Computer Science,Unit Test 1,25,15.1
12766,532,54,Computer Science,Unit Test 2,25,17.4
12767,532,54,Computer Science,Half Yearly,100,50.1
12768,532,54,Computer Science,Annual Exam,100,70.9
12769,533,49,Mathematics,Unit Test 1,25,16.8
12770,533,49,Mathematics,Unit Test 2,25,17.0
12771,533,49,Mathematics,Half Yearly,100,59.1
12772,533,49,Mathematics,Annual Exam,100,55.3
12773,533,50,Science,Unit Test 1,25,15.4
12774,533,50,Science,Unit Test 2,25,12.2
12775,533,50,Science,Half Yearly,100,71.4
12776,533,50,Science,Annual Exam,100,57.2
12777,533,51,English,Unit Test 1,25,15.5
12778,533,51,English,Unit Test 2,25,12.9
12779,533,51,English,Half Yearly,100,62.6
12780,533,51,English,Annual Exam,100,69.8
12781,533,52,Social Studies,Unit Test 1,25,12.9
12782,533,52,Social Studies,Unit Test 2,25,15.5
12783,533,52,Social Studies,Half Yearly,100,40.8
12784,533,52,Social Studies,Annual Exam,100,65.9
12785,533,53,Telugu,Unit Test 1,25,16.6
12786,533,53,Telugu,Unit Test 2,25,16.8
12787,533,53,Telugu,Half Yearly,100,57.0
12788,533,53,Telugu,Annual Exam,100,67.4
12789,533,54,Computer Science,Unit Test 1,25,18.0
12790,533,54,Computer Science,Unit Test 2,25,16.3
12791,533,54,Computer Science,Half Yearly,100,75.5
12792,533,54,Computer Science,Annual Exam,100,56.5
12793,534,49,Mathematics,Unit Test 1,25,25.0
12794,534,49,Mathematics,Unit Test 2,25,23.0
12795,534,49,Mathematics,Half Yearly,100,100.0
12796,534,49,Mathematics,Annual Exam,100,84.4
12797,534,50,Science,Unit Test 1,25,23.4
12798,534,50,Science,Unit Test 2,25,17.3
12799,534,50,Science,Half Yearly,100,82.9
12800,534,50,Science,Annual Exam,100,92.1
12801,534,51,English,Unit Test 1,25,23.9
12802,534,51,English,Unit Test 2,25,25.0
12803,534,51,English,Half Yearly,100,93.8
12804,534,51,English,Annual Exam,100,99.0
12805,534,52,Social Studies,Unit Test 1,25,19.9
12806,534,52,Social Studies,Unit Test 2,25,25.0
12807,534,52,Social Studies,Half Yearly,100,97.1
12808,534,52,Social Studies,Annual Exam,100,91.4
12809,534,53,Telugu,Unit Test 1,25,23.6
12810,534,53,Telugu,Unit Test 2,25,25.0
12811,534,53,Telugu,Half Yearly,100,89.8
12812,534,53,Telugu,Annual Exam,100,100.0
12813,534,54,Computer Science,Unit Test 1,25,24.7
12814,534,54,Computer Science,Unit Test 2,25,18.4
12815,534,54,Computer Science,Half Yearly,100,88.5
12816,534,54,Computer Science,Annual Exam,100,100.0
12817,535,49,Mathematics,Unit Test 1,25,16.8
12818,535,49,Mathematics,Unit Test 2,25,16.2
12819,535,49,Mathematics,Half Yearly,100,60.4
12820,535,49,Mathematics,Annual Exam,100,67.3
12821,535,50,Science,Unit Test 1,25,14.6
12822,535,50,Science,Unit Test 2,25,18.5
12823,535,50,Science,Half Yearly,100,67.0
12824,535,50,Science,Annual Exam,100,68.9
12825,535,51,English,Unit Test 1,25,20.1
12826,535,51,English,Unit Test 2,25,14.9
12827,535,51,English,Half Yearly,100,40.0
12828,535,51,English,Annual Exam,100,59.7
12829,535,52,Social Studies,Unit Test 1,25,16.2
12830,535,52,Social Studies,Unit Test 2,25,16.9
12831,535,52,Social Studies,Half Yearly,100,59.0
12832,535,52,Social Studies,Annual Exam,100,58.5
12833,535,53,Telugu,Unit Test 1,25,13.6
12834,535,53,Telugu,Unit Test 2,25,15.2
12835,535,53,Telugu,Half Yearly,100,54.6
12836,535,53,Telugu,Annual Exam,100,40.3
12837,535,54,Computer Science,Unit Test 1,25,13.5
12838,535,54,Computer Science,Unit Test 2,25,12.0
12839,535,54,Computer Science,Half Yearly,100,44.4
12840,535,54,Computer Science,Annual Exam,100,60.0
12841,536,49,Mathematics,Unit Test 1,25,15.5
12842,536,49,Mathematics,Unit Test 2,25,13.0
12843,536,49,Mathematics,Half Yearly,100,50.5
12844,536,49,Mathematics,Annual Exam,100,62.4
12845,536,50,Science,Unit Test 1,25,13.4
12846,536,50,Science,Unit Test 2,25,10.0
12847,536,50,Science,Half Yearly,100,52.5
12848,536,50,Science,Annual Exam,100,35.6
12849,536,51,English,Unit Test 1,25,11.0
12850,536,51,English,Unit Test 2,25,13.9
12851,536,51,English,Half Yearly,100,73.5
12852,536,51,English,Annual Exam,100,59.1
12853,536,52,Social Studies,Unit Test 1,25,12.5
12854,536,52,Social Studies,Unit Test 2,25,9.5
12855,536,52,Social Studies,Half Yearly,100,44.2
12856,536,52,Social Studies,Annual Exam,100,46.3
12857,536,53,Telugu,Unit Test 1,25,14.1
12858,536,53,Telugu,Unit Test 2,25,13.0
12859,536,53,Telugu,Half Yearly,100,65.1
12860,536,53,Telugu,Annual Exam,100,64.2
12861,536,54,Computer Science,Unit Test 1,25,14.7
12862,536,54,Computer Science,Unit Test 2,25,14.4
12863,536,54,Computer Science,Half Yearly,100,61.8
12864,536,54,Computer Science,Annual Exam,100,62.5
12865,537,49,Mathematics,Unit Test 1,25,16.9
12866,537,49,Mathematics,Unit Test 2,25,18.2
12867,537,49,Mathematics,Half Yearly,100,67.8
12868,537,49,Mathematics,Annual Exam,100,60.0
12869,537,50,Science,Unit Test 1,25,23.7
12870,537,50,Science,Unit Test 2,25,20.5
12871,537,50,Science,Half Yearly,100,79.0
12872,537,50,Science,Annual Exam,100,90.3
12873,537,51,English,Unit Test 1,25,22.3
12874,537,51,English,Unit Test 2,25,22.6
12875,537,51,English,Half Yearly,100,90.1
12876,537,51,English,Annual Exam,100,100.0
12877,537,52,Social Studies,Unit Test 1,25,21.0
12878,537,52,Social Studies,Unit Test 2,25,20.7
12879,537,52,Social Studies,Half Yearly,100,92.0
12880,537,52,Social Studies,Annual Exam,100,84.1
12881,537,53,Telugu,Unit Test 1,25,19.1
12882,537,53,Telugu,Unit Test 2,25,13.8
12883,537,53,Telugu,Half Yearly,100,75.0
12884,537,53,Telugu,Annual Exam,100,74.2
12885,537,54,Computer Science,Unit Test 1,25,20.6
12886,537,54,Computer Science,Unit Test 2,25,18.3
12887,537,54,Computer Science,Half Yearly,100,72.5
12888,537,54,Computer Science,Annual Exam,100,60.8
12889,538,49,Mathematics,Unit Test 1,25,18.4
12890,538,49,Mathematics,Unit Test 2,25,18.4
12891,538,49,Mathematics,Half Yearly,100,62.8
12892,538,49,Mathematics,Annual Exam,100,69.4
12893,538,50,Science,Unit Test 1,25,16.4
12894,538,50,Science,Unit Test 2,25,17.2
12895,538,50,Science,Half Yearly,100,65.4
12896,538,50,Science,Annual Exam,100,90.0
12897,538,51,English,Unit Test 1,25,17.0
12898,538,51,English,Unit Test 2,25,22.2
12899,538,51,English,Half Yearly,100,82.1
12900,538,51,English,Annual Exam,100,83.0
12901,538,52,Social Studies,Unit Test 1,25,18.4
12902,538,52,Social Studies,Unit Test 2,25,18.2
12903,538,52,Social Studies,Half Yearly,100,58.1
12904,538,52,Social Studies,Annual Exam,100,81.5
12905,538,53,Telugu,Unit Test 1,25,14.5
12906,538,53,Telugu,Unit Test 2,25,14.1
12907,538,53,Telugu,Half Yearly,100,61.4
12908,538,53,Telugu,Annual Exam,100,55.1
12909,538,54,Computer Science,Unit Test 1,25,15.1
12910,538,54,Computer Science,Unit Test 2,25,15.7
12911,538,54,Computer Science,Half Yearly,100,66.4
12912,538,54,Computer Science,Annual Exam,100,62.2
12913,539,49,Mathematics,Unit Test 1,25,25.0
12914,539,49,Mathematics,Unit Test 2,25,21.3
12915,539,49,Mathematics,Half Yearly,100,80.0
12916,539,49,Mathematics,Annual Exam,100,84.0
12917,539,50,Science,Unit Test 1,25,20.0
12918,539,50,Science,Unit Test 2,25,23.1
12919,539,50,Science,Half Yearly,100,84.6
12920,539,50,Science,Annual Exam,100,98.1
12921,539,51,English,Unit Test 1,25,23.6
12922,539,51,English,Unit Test 2,25,25.0
12923,539,51,English,Half Yearly,100,97.9
12924,539,51,English,Annual Exam,100,100.0
12925,539,52,Social Studies,Unit Test 1,25,20.7
12926,539,52,Social Studies,Unit Test 2,25,17.1
12927,539,52,Social Studies,Half Yearly,100,66.1
12928,539,52,Social Studies,Annual Exam,100,83.9
12929,539,53,Telugu,Unit Test 1,25,21.9
12930,539,53,Telugu,Unit Test 2,25,21.1
12931,539,53,Telugu,Half Yearly,100,77.2
12932,539,53,Telugu,Annual Exam,100,71.0
12933,539,54,Computer Science,Unit Test 1,25,22.4
12934,539,54,Computer Science,Unit Test 2,25,22.9
12935,539,54,Computer Science,Half Yearly,100,70.5
12936,539,54,Computer Science,Annual Exam,100,82.7
12937,540,49,Mathematics,Unit Test 1,25,12.7
12938,540,49,Mathematics,Unit Test 2,25,12.2
12939,540,49,Mathematics,Half Yearly,100,50.3
12940,540,49,Mathematics,Annual Exam,100,37.3
12941,540,50,Science,Unit Test 1,25,18.6
12942,540,50,Science,Unit Test 2,25,11.9
12943,540,50,Science,Half Yearly,100,52.6
12944,540,50,Science,Annual Exam,100,56.6
12945,540,51,English,Unit Test 1,25,12.2
12946,540,51,English,Unit Test 2,25,12.5
12947,540,51,English,Half Yearly,100,42.2
12948,540,51,English,Annual Exam,100,47.3
12949,540,52,Social Studies,Unit Test 1,25,13.1
12950,540,52,Social Studies,Unit Test 2,25,13.8
12951,540,52,Social Studies,Half Yearly,100,54.5
12952,540,52,Social Studies,Annual Exam,100,51.6
12953,540,53,Telugu,Unit Test 1,25,14.5
12954,540,53,Telugu,Unit Test 2,25,16.0
12955,540,53,Telugu,Half Yearly,100,66.3
12956,540,53,Telugu,Annual Exam,100,61.5
12957,540,54,Computer Science,Unit Test 1,25,11.4
12958,540,54,Computer Science,Unit Test 2,25,11.8
12959,540,54,Computer Science,Half Yearly,100,61.1
12960,540,54,Computer Science,Annual Exam,100,54.3
12961,541,55,Mathematics,Unit Test 1,25,19.1
12962,541,55,Mathematics,Unit Test 2,25,15.3
12963,541,55,Mathematics,Half Yearly,100,63.2
12964,541,55,Mathematics,Annual Exam,100,70.2
12965,541,56,Science,Unit Test 1,25,17.7
12966,541,56,Science,Unit Test 2,25,18.5
12967,541,56,Science,Half Yearly,100,69.6
12968,541,56,Science,Annual Exam,100,82.5
12969,541,57,English,Unit Test 1,25,16.4
12970,541,57,English,Unit Test 2,25,20.6
12971,541,57,English,Half Yearly,100,65.9
12972,541,57,English,Annual Exam,100,83.9
12973,541,58,Social Studies,Unit Test 1,25,14.1
12974,541,58,Social Studies,Unit Test 2,25,17.6
12975,541,58,Social Studies,Half Yearly,100,68.7
12976,541,58,Social Studies,Annual Exam,100,73.2
12977,541,59,Telugu,Unit Test 1,25,22.9
12978,541,59,Telugu,Unit Test 2,25,20.1
12979,541,59,Telugu,Half Yearly,100,76.7
12980,541,59,Telugu,Annual Exam,100,76.8
12981,541,60,Computer Science,Unit Test 1,25,19.3
12982,541,60,Computer Science,Unit Test 2,25,17.9
12983,541,60,Computer Science,Half Yearly,100,64.4
12984,541,60,Computer Science,Annual Exam,100,72.8
12985,542,55,Mathematics,Unit Test 1,25,9.0
12986,542,55,Mathematics,Unit Test 2,25,12.7
12987,542,55,Mathematics,Half Yearly,100,29.6
12988,542,55,Mathematics,Annual Exam,100,25.8
12989,542,56,Science,Unit Test 1,25,11.0
12990,542,56,Science,Unit Test 2,25,8.5
12991,542,56,Science,Half Yearly,100,33.4
12992,542,56,Science,Annual Exam,100,44.0
12993,542,57,English,Unit Test 1,25,10.1
12994,542,57,English,Unit Test 2,25,7.0
12995,542,57,English,Half Yearly,100,35.7
12996,542,57,English,Annual Exam,100,25.2
12997,542,58,Social Studies,Unit Test 1,25,9.0
12998,542,58,Social Studies,Unit Test 2,25,10.7
12999,542,58,Social Studies,Half Yearly,100,32.4
13000,542,58,Social Studies,Annual Exam,100,35.5
13001,542,59,Telugu,Unit Test 1,25,13.1
13002,542,59,Telugu,Unit Test 2,25,7.9
13003,542,59,Telugu,Half Yearly,100,34.0
13004,542,59,Telugu,Annual Exam,100,45.0
13005,542,60,Computer Science,Unit Test 1,25,13.6
13006,542,60,Computer Science,Unit Test 2,25,11.4
13007,542,60,Computer Science,Half Yearly,100,46.6
13008,542,60,Computer Science,Annual Exam,100,39.8
13009,543,55,Mathematics,Unit Test 1,25,15.7
13010,543,55,Mathematics,Unit Test 2,25,18.3
13011,543,55,Mathematics,Half Yearly,100,68.2
13012,543,55,Mathematics,Annual Exam,100,63.2
13013,543,56,Science,Unit Test 1,25,17.2
13014,543,56,Science,Unit Test 2,25,16.2
13015,543,56,Science,Half Yearly,100,68.3
13016,543,56,Science,Annual Exam,100,53.7
13017,543,57,English,Unit Test 1,25,17.6
13018,543,57,English,Unit Test 2,25,18.2
13019,543,57,English,Half Yearly,100,59.4
13020,543,57,English,Annual Exam,100,68.0
13021,543,58,Social Studies,Unit Test 1,25,15.1
13022,543,58,Social Studies,Unit Test 2,25,22.0
13023,543,58,Social Studies,Half Yearly,100,80.9
13024,543,58,Social Studies,Annual Exam,100,75.9
13025,543,59,Telugu,Unit Test 1,25,14.7
13026,543,59,Telugu,Unit Test 2,25,16.0
13027,543,59,Telugu,Half Yearly,100,55.9
13028,543,59,Telugu,Annual Exam,100,51.3
13029,543,60,Computer Science,Unit Test 1,25,16.7
13030,543,60,Computer Science,Unit Test 2,25,17.0
13031,543,60,Computer Science,Half Yearly,100,60.1
13032,543,60,Computer Science,Annual Exam,100,60.8
13033,544,55,Mathematics,Unit Test 1,25,19.6
13034,544,55,Mathematics,Unit Test 2,25,14.6
13035,544,55,Mathematics,Half Yearly,100,55.9
13036,544,55,Mathematics,Annual Exam,100,69.1
13037,544,56,Science,Unit Test 1,25,17.9
13038,544,56,Science,Unit Test 2,25,20.2
13039,544,56,Science,Half Yearly,100,59.1
13040,544,56,Science,Annual Exam,100,70.3
13041,544,57,English,Unit Test 1,25,25.0
13042,544,57,English,Unit Test 2,25,20.9
13043,544,57,English,Half Yearly,100,86.7
13044,544,57,English,Annual Exam,100,72.4
13045,544,58,Social Studies,Unit Test 1,25,23.8
13046,544,58,Social Studies,Unit Test 2,25,20.1
13047,544,58,Social Studies,Half Yearly,100,78.6
13048,544,58,Social Studies,Annual Exam,100,74.5
13049,544,59,Telugu,Unit Test 1,25,21.9
13050,544,59,Telugu,Unit Test 2,25,21.6
13051,544,59,Telugu,Half Yearly,100,66.8
13052,544,59,Telugu,Annual Exam,100,84.9
13053,544,60,Computer Science,Unit Test 1,25,22.8
13054,544,60,Computer Science,Unit Test 2,25,23.6
13055,544,60,Computer Science,Half Yearly,100,77.2
13056,544,60,Computer Science,Annual Exam,100,80.0
13057,545,55,Mathematics,Unit Test 1,25,22.8
13058,545,55,Mathematics,Unit Test 2,25,17.7
13059,545,55,Mathematics,Half Yearly,100,71.4
13060,545,55,Mathematics,Annual Exam,100,92.7
13061,545,56,Science,Unit Test 1,25,22.5
13062,545,56,Science,Unit Test 2,25,23.0
13063,545,56,Science,Half Yearly,100,85.7
13064,545,56,Science,Annual Exam,100,85.5
13065,545,57,English,Unit Test 1,25,16.3
13066,545,57,English,Unit Test 2,25,16.3
13067,545,57,English,Half Yearly,100,66.9
13068,545,57,English,Annual Exam,100,55.1
13069,545,58,Social Studies,Unit Test 1,25,16.5
13070,545,58,Social Studies,Unit Test 2,25,13.9
13071,545,58,Social Studies,Half Yearly,100,60.2
13072,545,58,Social Studies,Annual Exam,100,62.0
13073,545,59,Telugu,Unit Test 1,25,19.3
13074,545,59,Telugu,Unit Test 2,25,19.2
13075,545,59,Telugu,Half Yearly,100,68.5
13076,545,59,Telugu,Annual Exam,100,83.4
13077,545,60,Computer Science,Unit Test 1,25,18.7
13078,545,60,Computer Science,Unit Test 2,25,20.1
13079,545,60,Computer Science,Half Yearly,100,80.8
13080,545,60,Computer Science,Annual Exam,100,90.5
13081,546,55,Mathematics,Unit Test 1,25,20.0
13082,546,55,Mathematics,Unit Test 2,25,18.7
13083,546,55,Mathematics,Half Yearly,100,90.8
13084,546,55,Mathematics,Annual Exam,100,88.0
13085,546,56,Science,Unit Test 1,25,19.4
13086,546,56,Science,Unit Test 2,25,21.0
13087,546,56,Science,Half Yearly,100,78.9
13088,546,56,Science,Annual Exam,100,91.8
13089,546,57,English,Unit Test 1,25,16.0
13090,546,57,English,Unit Test 2,25,20.5
13091,546,57,English,Half Yearly,100,82.8
13092,546,57,English,Annual Exam,100,74.7
13093,546,58,Social Studies,Unit Test 1,25,16.5
13094,546,58,Social Studies,Unit Test 2,25,19.0
13095,546,58,Social Studies,Half Yearly,100,88.3
13096,546,58,Social Studies,Annual Exam,100,88.6
13097,546,59,Telugu,Unit Test 1,25,19.7
13098,546,59,Telugu,Unit Test 2,25,19.8
13099,546,59,Telugu,Half Yearly,100,77.7
13100,546,59,Telugu,Annual Exam,100,85.5
13101,546,60,Computer Science,Unit Test 1,25,16.1
13102,546,60,Computer Science,Unit Test 2,25,15.9
13103,546,60,Computer Science,Half Yearly,100,65.2
13104,546,60,Computer Science,Annual Exam,100,63.5
13105,547,55,Mathematics,Unit Test 1,25,14.7
13106,547,55,Mathematics,Unit Test 2,25,17.0
13107,547,55,Mathematics,Half Yearly,100,55.4
13108,547,55,Mathematics,Annual Exam,100,66.8
13109,547,56,Science,Unit Test 1,25,17.6
13110,547,56,Science,Unit Test 2,25,16.1
13111,547,56,Science,Half Yearly,100,67.0
13112,547,56,Science,Annual Exam,100,75.4
13113,547,57,English,Unit Test 1,25,15.1
13114,547,57,English,Unit Test 2,25,18.2
13115,547,57,English,Half Yearly,100,61.3
13116,547,57,English,Annual Exam,100,71.2
13117,547,58,Social Studies,Unit Test 1,25,17.2
13118,547,58,Social Studies,Unit Test 2,25,16.2
13119,547,58,Social Studies,Half Yearly,100,71.0
13120,547,58,Social Studies,Annual Exam,100,65.1
13121,547,59,Telugu,Unit Test 1,25,15.3
13122,547,59,Telugu,Unit Test 2,25,12.6
13123,547,59,Telugu,Half Yearly,100,63.4
13124,547,59,Telugu,Annual Exam,100,55.6
13125,547,60,Computer Science,Unit Test 1,25,17.1
13126,547,60,Computer Science,Unit Test 2,25,15.8
13127,547,60,Computer Science,Half Yearly,100,71.5
13128,547,60,Computer Science,Annual Exam,100,53.4
13129,548,55,Mathematics,Unit Test 1,25,4.9
13130,548,55,Mathematics,Unit Test 2,25,8.1
13131,548,55,Mathematics,Half Yearly,100,51.7
13132,548,55,Mathematics,Annual Exam,100,41.4
13133,548,56,Science,Unit Test 1,25,15.7
13134,548,56,Science,Unit Test 2,25,15.4
13135,548,56,Science,Half Yearly,100,44.8
13136,548,56,Science,Annual Exam,100,52.7
13137,548,57,English,Unit Test 1,25,14.2
13138,548,57,English,Unit Test 2,25,10.2
13139,548,57,English,Half Yearly,100,28.3
13140,548,57,English,Annual Exam,100,38.3
13141,548,58,Social Studies,Unit Test 1,25,9.6
13142,548,58,Social Studies,Unit Test 2,25,7.7
13143,548,58,Social Studies,Half Yearly,100,36.5
13144,548,58,Social Studies,Annual Exam,100,37.0
13145,548,59,Telugu,Unit Test 1,25,11.6
13146,548,59,Telugu,Unit Test 2,25,10.7
13147,548,59,Telugu,Half Yearly,100,41.9
13148,548,59,Telugu,Annual Exam,100,42.0
13149,548,60,Computer Science,Unit Test 1,25,10.2
13150,548,60,Computer Science,Unit Test 2,25,12.0
13151,548,60,Computer Science,Half Yearly,100,37.2
13152,548,60,Computer Science,Annual Exam,100,51.7
13153,549,55,Mathematics,Unit Test 1,25,15.6
13154,549,55,Mathematics,Unit Test 2,25,15.6
13155,549,55,Mathematics,Half Yearly,100,74.0
13156,549,55,Mathematics,Annual Exam,100,79.3
13157,549,56,Science,Unit Test 1,25,15.7
13158,549,56,Science,Unit Test 2,25,16.2
13159,549,56,Science,Half Yearly,100,66.1
13160,549,56,Science,Annual Exam,100,62.4
13161,549,57,English,Unit Test 1,25,17.1
13162,549,57,English,Unit Test 2,25,22.2
13163,549,57,English,Half Yearly,100,61.0
13164,549,57,English,Annual Exam,100,65.7
13165,549,58,Social Studies,Unit Test 1,25,17.6
13166,549,58,Social Studies,Unit Test 2,25,16.8
13167,549,58,Social Studies,Half Yearly,100,58.1
13168,549,58,Social Studies,Annual Exam,100,73.6
13169,549,59,Telugu,Unit Test 1,25,15.0
13170,549,59,Telugu,Unit Test 2,25,16.0
13171,549,59,Telugu,Half Yearly,100,84.7
13172,549,59,Telugu,Annual Exam,100,62.7
13173,549,60,Computer Science,Unit Test 1,25,22.5
13174,549,60,Computer Science,Unit Test 2,25,21.7
13175,549,60,Computer Science,Half Yearly,100,93.9
13176,549,60,Computer Science,Annual Exam,100,80.0
13177,550,55,Mathematics,Unit Test 1,25,24.7
13178,550,55,Mathematics,Unit Test 2,25,25.0
13179,550,55,Mathematics,Half Yearly,100,100.0
13180,550,55,Mathematics,Annual Exam,100,97.9
13181,550,56,Science,Unit Test 1,25,22.8
13182,550,56,Science,Unit Test 2,25,25.0
13183,550,56,Science,Half Yearly,100,95.7
13184,550,56,Science,Annual Exam,100,100.0
13185,550,57,English,Unit Test 1,25,22.0
13186,550,57,English,Unit Test 2,25,21.4
13187,550,57,English,Half Yearly,100,82.0
13188,550,57,English,Annual Exam,100,90.8
13189,550,58,Social Studies,Unit Test 1,25,24.2
13190,550,58,Social Studies,Unit Test 2,25,22.7
13191,550,58,Social Studies,Half Yearly,100,92.5
13192,550,58,Social Studies,Annual Exam,100,83.1
13193,550,59,Telugu,Unit Test 1,25,22.8
13194,550,59,Telugu,Unit Test 2,25,25.0
13195,550,59,Telugu,Half Yearly,100,100.0
13196,550,59,Telugu,Annual Exam,100,92.9
13197,550,60,Computer Science,Unit Test 1,25,21.1
13198,550,60,Computer Science,Unit Test 2,25,18.1
13199,550,60,Computer Science,Half Yearly,100,85.9
13200,550,60,Computer Science,Annual Exam,100,80.3
13201,551,55,Mathematics,Unit Test 1,25,20.9
13202,551,55,Mathematics,Unit Test 2,25,17.6
13203,551,55,Mathematics,Half Yearly,100,93.3
13204,551,55,Mathematics,Annual Exam,100,83.5
13205,551,56,Science,Unit Test 1,25,22.8
13206,551,56,Science,Unit Test 2,25,24.9
13207,551,56,Science,Half Yearly,100,86.8
13208,551,56,Science,Annual Exam,100,95.6
13209,551,57,English,Unit Test 1,25,20.3
13210,551,57,English,Unit Test 2,25,23.3
13211,551,57,English,Half Yearly,100,76.9
13212,551,57,English,Annual Exam,100,84.4
13213,551,58,Social Studies,Unit Test 1,25,23.2
13214,551,58,Social Studies,Unit Test 2,25,23.4
13215,551,58,Social Studies,Half Yearly,100,68.8
13216,551,58,Social Studies,Annual Exam,100,100.0
13217,551,59,Telugu,Unit Test 1,25,20.8
13218,551,59,Telugu,Unit Test 2,25,22.5
13219,551,59,Telugu,Half Yearly,100,73.6
13220,551,59,Telugu,Annual Exam,100,84.2
13221,551,60,Computer Science,Unit Test 1,25,21.0
13222,551,60,Computer Science,Unit Test 2,25,22.4
13223,551,60,Computer Science,Half Yearly,100,76.4
13224,551,60,Computer Science,Annual Exam,100,76.1
13225,552,55,Mathematics,Unit Test 1,25,22.3
13226,552,55,Mathematics,Unit Test 2,25,15.9
13227,552,55,Mathematics,Half Yearly,100,81.4
13228,552,55,Mathematics,Annual Exam,100,69.0
13229,552,56,Science,Unit Test 1,25,19.1
13230,552,56,Science,Unit Test 2,25,20.0
13231,552,56,Science,Half Yearly,100,75.7
13232,552,56,Science,Annual Exam,100,75.5
13233,552,57,English,Unit Test 1,25,16.7
13234,552,57,English,Unit Test 2,25,19.2
13235,552,57,English,Half Yearly,100,76.6
13236,552,57,English,Annual Exam,100,80.9
13237,552,58,Social Studies,Unit Test 1,25,14.7
13238,552,58,Social Studies,Unit Test 2,25,16.6
13239,552,58,Social Studies,Half Yearly,100,76.2
13240,552,58,Social Studies,Annual Exam,100,58.8
13241,552,59,Telugu,Unit Test 1,25,22.9
13242,552,59,Telugu,Unit Test 2,25,23.9
13243,552,59,Telugu,Half Yearly,100,76.4
13244,552,59,Telugu,Annual Exam,100,75.1
13245,552,60,Computer Science,Unit Test 1,25,19.3
13246,552,60,Computer Science,Unit Test 2,25,19.8
13247,552,60,Computer Science,Half Yearly,100,78.6
13248,552,60,Computer Science,Annual Exam,100,67.8
13249,553,55,Mathematics,Unit Test 1,25,24.3
13250,553,55,Mathematics,Unit Test 2,25,21.4
13251,553,55,Mathematics,Half Yearly,100,93.3
13252,553,55,Mathematics,Annual Exam,100,94.4
13253,553,56,Science,Unit Test 1,25,19.7
13254,553,56,Science,Unit Test 2,25,18.0
13255,553,56,Science,Half Yearly,100,63.1
13256,553,56,Science,Annual Exam,100,67.9
13257,553,57,English,Unit Test 1,25,16.9
13258,553,57,English,Unit Test 2,25,18.4
13259,553,57,English,Half Yearly,100,64.7
13260,553,57,English,Annual Exam,100,68.9
13261,553,58,Social Studies,Unit Test 1,25,19.8
13262,553,58,Social Studies,Unit Test 2,25,20.7
13263,553,58,Social Studies,Half Yearly,100,70.1
13264,553,58,Social Studies,Annual Exam,100,68.8
13265,553,59,Telugu,Unit Test 1,25,17.7
13266,553,59,Telugu,Unit Test 2,25,16.5
13267,553,59,Telugu,Half Yearly,100,66.2
13268,553,59,Telugu,Annual Exam,100,65.0
13269,553,60,Computer Science,Unit Test 1,25,21.5
13270,553,60,Computer Science,Unit Test 2,25,17.0
13271,553,60,Computer Science,Half Yearly,100,73.0
13272,553,60,Computer Science,Annual Exam,100,89.5
13273,554,55,Mathematics,Unit Test 1,25,18.1
13274,554,55,Mathematics,Unit Test 2,25,16.6
13275,554,55,Mathematics,Half Yearly,100,65.6
13276,554,55,Mathematics,Annual Exam,100,55.5
13277,554,56,Science,Unit Test 1,25,17.5
13278,554,56,Science,Unit Test 2,25,17.5
13279,554,56,Science,Half Yearly,100,67.9
13280,554,56,Science,Annual Exam,100,81.3
13281,554,57,English,Unit Test 1,25,14.7
13282,554,57,English,Unit Test 2,25,18.6
13283,554,57,English,Half Yearly,100,74.4
13284,554,57,English,Annual Exam,100,65.9
13285,554,58,Social Studies,Unit Test 1,25,17.4
13286,554,58,Social Studies,Unit Test 2,25,18.1
13287,554,58,Social Studies,Half Yearly,100,60.2
13288,554,58,Social Studies,Annual Exam,100,68.6
13289,554,59,Telugu,Unit Test 1,25,15.8
13290,554,59,Telugu,Unit Test 2,25,18.3
13291,554,59,Telugu,Half Yearly,100,82.0
13292,554,59,Telugu,Annual Exam,100,60.0
13293,554,60,Computer Science,Unit Test 1,25,11.8
13294,554,60,Computer Science,Unit Test 2,25,14.0
13295,554,60,Computer Science,Half Yearly,100,62.0
13296,554,60,Computer Science,Annual Exam,100,65.6
13297,555,55,Mathematics,Unit Test 1,25,22.1
13298,555,55,Mathematics,Unit Test 2,25,20.0
13299,555,55,Mathematics,Half Yearly,100,87.5
13300,555,55,Mathematics,Annual Exam,100,85.6
13301,555,56,Science,Unit Test 1,25,20.6
13302,555,56,Science,Unit Test 2,25,19.4
13303,555,56,Science,Half Yearly,100,86.6
13304,555,56,Science,Annual Exam,100,73.9
13305,555,57,English,Unit Test 1,25,20.2
13306,555,57,English,Unit Test 2,25,22.2
13307,555,57,English,Half Yearly,100,88.6
13308,555,57,English,Annual Exam,100,82.9
13309,555,58,Social Studies,Unit Test 1,25,21.0
13310,555,58,Social Studies,Unit Test 2,25,20.5
13311,555,58,Social Studies,Half Yearly,100,96.0
13312,555,58,Social Studies,Annual Exam,100,81.1
13313,555,59,Telugu,Unit Test 1,25,25.0
13314,555,59,Telugu,Unit Test 2,25,23.9
13315,555,59,Telugu,Half Yearly,100,100.0
13316,555,59,Telugu,Annual Exam,100,88.3
13317,555,60,Computer Science,Unit Test 1,25,20.0
13318,555,60,Computer Science,Unit Test 2,25,19.7
13319,555,60,Computer Science,Half Yearly,100,76.4
13320,555,60,Computer Science,Annual Exam,100,90.8
13321,556,55,Mathematics,Unit Test 1,25,22.2
13322,556,55,Mathematics,Unit Test 2,25,22.9
13323,556,55,Mathematics,Half Yearly,100,77.3
13324,556,55,Mathematics,Annual Exam,100,83.8
13325,556,56,Science,Unit Test 1,25,22.2
13326,556,56,Science,Unit Test 2,25,19.5
13327,556,56,Science,Half Yearly,100,88.8
13328,556,56,Science,Annual Exam,100,93.3
13329,556,57,English,Unit Test 1,25,20.4
13330,556,57,English,Unit Test 2,25,25.0
13331,556,57,English,Half Yearly,100,73.3
13332,556,57,English,Annual Exam,100,96.4
13333,556,58,Social Studies,Unit Test 1,25,22.0
13334,556,58,Social Studies,Unit Test 2,25,20.3
13335,556,58,Social Studies,Half Yearly,100,73.5
13336,556,58,Social Studies,Annual Exam,100,68.1
13337,556,59,Telugu,Unit Test 1,25,20.1
13338,556,59,Telugu,Unit Test 2,25,25.0
13339,556,59,Telugu,Half Yearly,100,100.0
13340,556,59,Telugu,Annual Exam,100,87.8
13341,556,60,Computer Science,Unit Test 1,25,21.9
13342,556,60,Computer Science,Unit Test 2,25,24.2
13343,556,60,Computer Science,Half Yearly,100,82.6
13344,556,60,Computer Science,Annual Exam,100,93.5
13345,557,55,Mathematics,Unit Test 1,25,14.5
13346,557,55,Mathematics,Unit Test 2,25,15.3
13347,557,55,Mathematics,Half Yearly,100,64.6
13348,557,55,Mathematics,Annual Exam,100,84.0
13349,557,56,Science,Unit Test 1,25,11.6
13350,557,56,Science,Unit Test 2,25,14.0
13351,557,56,Science,Half Yearly,100,55.2
13352,557,56,Science,Annual Exam,100,55.2
13353,557,57,English,Unit Test 1,25,12.9
13354,557,57,English,Unit Test 2,25,18.5
13355,557,57,English,Half Yearly,100,62.5
13356,557,57,English,Annual Exam,100,65.2
13357,557,58,Social Studies,Unit Test 1,25,10.2
13358,557,58,Social Studies,Unit Test 2,25,10.7
13359,557,58,Social Studies,Half Yearly,100,51.7
13360,557,58,Social Studies,Annual Exam,100,60.1
13361,557,59,Telugu,Unit Test 1,25,10.9
13362,557,59,Telugu,Unit Test 2,25,11.8
13363,557,59,Telugu,Half Yearly,100,46.6
13364,557,59,Telugu,Annual Exam,100,49.1
13365,557,60,Computer Science,Unit Test 1,25,16.5
13366,557,60,Computer Science,Unit Test 2,25,15.2
13367,557,60,Computer Science,Half Yearly,100,62.0
13368,557,60,Computer Science,Annual Exam,100,72.2
13369,558,55,Mathematics,Unit Test 1,25,19.6
13370,558,55,Mathematics,Unit Test 2,25,16.7
13371,558,55,Mathematics,Half Yearly,100,69.8
13372,558,55,Mathematics,Annual Exam,100,79.3
13373,558,56,Science,Unit Test 1,25,18.2
13374,558,56,Science,Unit Test 2,25,15.9
13375,558,56,Science,Half Yearly,100,80.2
13376,558,56,Science,Annual Exam,100,73.8
13377,558,57,English,Unit Test 1,25,18.9
13378,558,57,English,Unit Test 2,25,15.7
13379,558,57,English,Half Yearly,100,70.2
13380,558,57,English,Annual Exam,100,79.4
13381,558,58,Social Studies,Unit Test 1,25,20.2
13382,558,58,Social Studies,Unit Test 2,25,21.1
13383,558,58,Social Studies,Half Yearly,100,83.1
13384,558,58,Social Studies,Annual Exam,100,67.4
13385,558,59,Telugu,Unit Test 1,25,20.3
13386,558,59,Telugu,Unit Test 2,25,20.5
13387,558,59,Telugu,Half Yearly,100,65.9
13388,558,59,Telugu,Annual Exam,100,59.5
13389,558,60,Computer Science,Unit Test 1,25,19.7
13390,558,60,Computer Science,Unit Test 2,25,20.9
13391,558,60,Computer Science,Half Yearly,100,68.8
13392,558,60,Computer Science,Annual Exam,100,80.1
13393,559,55,Mathematics,Unit Test 1,25,16.8
13394,559,55,Mathematics,Unit Test 2,25,20.5
13395,559,55,Mathematics,Half Yearly,100,78.6
13396,559,55,Mathematics,Annual Exam,100,78.2
13397,559,56,Science,Unit Test 1,25,15.7
13398,559,56,Science,Unit Test 2,25,13.8
13399,559,56,Science,Half Yearly,100,63.3
13400,559,56,Science,Annual Exam,100,72.6
13401,559,57,English,Unit Test 1,25,12.3
13402,559,57,English,Unit Test 2,25,15.3
13403,559,57,English,Half Yearly,100,77.2
13404,559,57,English,Annual Exam,100,66.4
13405,559,58,Social Studies,Unit Test 1,25,12.4
13406,559,58,Social Studies,Unit Test 2,25,16.6
13407,559,58,Social Studies,Half Yearly,100,47.9
13408,559,58,Social Studies,Annual Exam,100,48.0
13409,559,59,Telugu,Unit Test 1,25,11.0
13410,559,59,Telugu,Unit Test 2,25,13.7
13411,559,59,Telugu,Half Yearly,100,49.0
13412,559,59,Telugu,Annual Exam,100,56.6
13413,559,60,Computer Science,Unit Test 1,25,17.9
13414,559,60,Computer Science,Unit Test 2,25,15.8
13415,559,60,Computer Science,Half Yearly,100,69.5
13416,559,60,Computer Science,Annual Exam,100,70.8
13417,560,55,Mathematics,Unit Test 1,25,12.5
13418,560,55,Mathematics,Unit Test 2,25,14.4
13419,560,55,Mathematics,Half Yearly,100,57.5
13420,560,55,Mathematics,Annual Exam,100,63.7
13421,560,56,Science,Unit Test 1,25,17.8
13422,560,56,Science,Unit Test 2,25,13.9
13423,560,56,Science,Half Yearly,100,75.4
13424,560,56,Science,Annual Exam,100,67.5
13425,560,57,English,Unit Test 1,25,16.0
13426,560,57,English,Unit Test 2,25,17.2
13427,560,57,English,Half Yearly,100,72.3
13428,560,57,English,Annual Exam,100,65.6
13429,560,58,Social Studies,Unit Test 1,25,19.2
13430,560,58,Social Studies,Unit Test 2,25,21.9
13431,560,58,Social Studies,Half Yearly,100,82.1
13432,560,58,Social Studies,Annual Exam,100,75.0
13433,560,59,Telugu,Unit Test 1,25,14.2
13434,560,59,Telugu,Unit Test 2,25,18.9
13435,560,59,Telugu,Half Yearly,100,69.0
13436,560,59,Telugu,Annual Exam,100,64.6
13437,560,60,Computer Science,Unit Test 1,25,20.6
13438,560,60,Computer Science,Unit Test 2,25,19.6
13439,560,60,Computer Science,Half Yearly,100,78.1
13440,560,60,Computer Science,Annual Exam,100,66.1
13441,561,55,Mathematics,Unit Test 1,25,10.5
13442,561,55,Mathematics,Unit Test 2,25,15.3
13443,561,55,Mathematics,Half Yearly,100,36.7
13444,561,55,Mathematics,Annual Exam,100,46.6
13445,561,56,Science,Unit Test 1,25,9.2
13446,561,56,Science,Unit Test 2,25,6.2
13447,561,56,Science,Half Yearly,100,37.9
13448,561,56,Science,Annual Exam,100,40.5
13449,561,57,English,Unit Test 1,25,9.1
13450,561,57,English,Unit Test 2,25,9.9
13451,561,57,English,Half Yearly,100,29.5
13452,561,57,English,Annual Exam,100,46.4
13453,561,58,Social Studies,Unit Test 1,25,13.7
13454,561,58,Social Studies,Unit Test 2,25,9.7
13455,561,58,Social Studies,Half Yearly,100,47.9
13456,561,58,Social Studies,Annual Exam,100,48.9
13457,561,59,Telugu,Unit Test 1,25,11.4
13458,561,59,Telugu,Unit Test 2,25,11.2
13459,561,59,Telugu,Half Yearly,100,47.3
13460,561,59,Telugu,Annual Exam,100,49.1
13461,561,60,Computer Science,Unit Test 1,25,11.0
13462,561,60,Computer Science,Unit Test 2,25,11.3
13463,561,60,Computer Science,Half Yearly,100,44.3
13464,561,60,Computer Science,Annual Exam,100,39.3
13465,562,55,Mathematics,Unit Test 1,25,25.0
13466,562,55,Mathematics,Unit Test 2,25,24.2
13467,562,55,Mathematics,Half Yearly,100,100.0
13468,562,55,Mathematics,Annual Exam,100,92.0
13469,562,56,Science,Unit Test 1,25,25.0
13470,562,56,Science,Unit Test 2,25,25.0
13471,562,56,Science,Half Yearly,100,100.0
13472,562,56,Science,Annual Exam,100,100.0
13473,562,57,English,Unit Test 1,25,25.0
13474,562,57,English,Unit Test 2,25,23.4
13475,562,57,English,Half Yearly,100,88.9
13476,562,57,English,Annual Exam,100,90.3
13477,562,58,Social Studies,Unit Test 1,25,23.6
13478,562,58,Social Studies,Unit Test 2,25,25.0
13479,562,58,Social Studies,Half Yearly,100,95.9
13480,562,58,Social Studies,Annual Exam,100,100.0
13481,562,59,Telugu,Unit Test 1,25,24.9
13482,562,59,Telugu,Unit Test 2,25,23.2
13483,562,59,Telugu,Half Yearly,100,85.0
13484,562,59,Telugu,Annual Exam,100,97.1
13485,562,60,Computer Science,Unit Test 1,25,24.9
13486,562,60,Computer Science,Unit Test 2,25,25.0
13487,562,60,Computer Science,Half Yearly,100,100.0
13488,562,60,Computer Science,Annual Exam,100,100.0
13489,563,55,Mathematics,Unit Test 1,25,17.9
13490,563,55,Mathematics,Unit Test 2,25,14.4
13491,563,55,Mathematics,Half Yearly,100,54.1
13492,563,55,Mathematics,Annual Exam,100,70.7
13493,563,56,Science,Unit Test 1,25,21.3
13494,563,56,Science,Unit Test 2,25,16.3
13495,563,56,Science,Half Yearly,100,48.9
13496,563,56,Science,Annual Exam,100,70.5
13497,563,57,English,Unit Test 1,25,16.6
13498,563,57,English,Unit Test 2,25,16.1
13499,563,57,English,Half Yearly,100,58.9
13500,563,57,English,Annual Exam,100,78.5
13501,563,58,Social Studies,Unit Test 1,25,16.8
13502,563,58,Social Studies,Unit Test 2,25,15.3
13503,563,58,Social Studies,Half Yearly,100,58.2
13504,563,58,Social Studies,Annual Exam,100,46.6
13505,563,59,Telugu,Unit Test 1,25,18.3
13506,563,59,Telugu,Unit Test 2,25,15.3
13507,563,59,Telugu,Half Yearly,100,84.9
13508,563,59,Telugu,Annual Exam,100,66.7
13509,563,60,Computer Science,Unit Test 1,25,18.3
13510,563,60,Computer Science,Unit Test 2,25,16.7
13511,563,60,Computer Science,Half Yearly,100,83.3
13512,563,60,Computer Science,Annual Exam,100,72.8
13513,564,55,Mathematics,Unit Test 1,25,13.5
13514,564,55,Mathematics,Unit Test 2,25,14.4
13515,564,55,Mathematics,Half Yearly,100,58.7
13516,564,55,Mathematics,Annual Exam,100,55.9
13517,564,56,Science,Unit Test 1,25,15.3
13518,564,56,Science,Unit Test 2,25,15.9
13519,564,56,Science,Half Yearly,100,53.9
13520,564,56,Science,Annual Exam,100,47.4
13521,564,57,English,Unit Test 1,25,11.1
13522,564,57,English,Unit Test 2,25,9.3
13523,564,57,English,Half Yearly,100,57.4
13524,564,57,English,Annual Exam,100,60.6
13525,564,58,Social Studies,Unit Test 1,25,12.8
13526,564,58,Social Studies,Unit Test 2,25,11.9
13527,564,58,Social Studies,Half Yearly,100,59.7
13528,564,58,Social Studies,Annual Exam,100,55.5
13529,564,59,Telugu,Unit Test 1,25,14.4
13530,564,59,Telugu,Unit Test 2,25,16.7
13531,564,59,Telugu,Half Yearly,100,55.1
13532,564,59,Telugu,Annual Exam,100,54.3
13533,564,60,Computer Science,Unit Test 1,25,13.2
13534,564,60,Computer Science,Unit Test 2,25,19.2
13535,564,60,Computer Science,Half Yearly,100,54.6
13536,564,60,Computer Science,Annual Exam,100,58.5
13537,565,55,Mathematics,Unit Test 1,25,17.8
13538,565,55,Mathematics,Unit Test 2,25,17.8
13539,565,55,Mathematics,Half Yearly,100,74.2
13540,565,55,Mathematics,Annual Exam,100,64.6
13541,565,56,Science,Unit Test 1,25,15.1
13542,565,56,Science,Unit Test 2,25,17.4
13543,565,56,Science,Half Yearly,100,61.4
13544,565,56,Science,Annual Exam,100,56.6
13545,565,57,English,Unit Test 1,25,20.7
13546,565,57,English,Unit Test 2,25,18.2
13547,565,57,English,Half Yearly,100,62.0
13548,565,57,English,Annual Exam,100,70.5
13549,565,58,Social Studies,Unit Test 1,25,14.7
13550,565,58,Social Studies,Unit Test 2,25,13.7
13551,565,58,Social Studies,Half Yearly,100,73.7
13552,565,58,Social Studies,Annual Exam,100,67.4
13553,565,59,Telugu,Unit Test 1,25,14.6
13554,565,59,Telugu,Unit Test 2,25,18.6
13555,565,59,Telugu,Half Yearly,100,76.2
13556,565,59,Telugu,Annual Exam,100,57.2
13557,565,60,Computer Science,Unit Test 1,25,19.2
13558,565,60,Computer Science,Unit Test 2,25,23.8
13559,565,60,Computer Science,Half Yearly,100,88.3
13560,565,60,Computer Science,Annual Exam,100,83.3
13561,566,55,Mathematics,Unit Test 1,25,7.5
13562,566,55,Mathematics,Unit Test 2,25,11.9
13563,566,55,Mathematics,Half Yearly,100,42.0
13564,566,55,Mathematics,Annual Exam,100,50.4
13565,566,56,Science,Unit Test 1,25,13.0
13566,566,56,Science,Unit Test 2,25,14.5
13567,566,56,Science,Half Yearly,100,54.0
13568,566,56,Science,Annual Exam,100,59.6
13569,566,57,English,Unit Test 1,25,17.5
13570,566,57,English,Unit Test 2,25,17.8
13571,566,57,English,Half Yearly,100,51.0
13572,566,57,English,Annual Exam,100,57.1
13573,566,58,Social Studies,Unit Test 1,25,10.8
13574,566,58,Social Studies,Unit Test 2,25,16.1
13575,566,58,Social Studies,Half Yearly,100,66.7
13576,566,58,Social Studies,Annual Exam,100,61.3
13577,566,59,Telugu,Unit Test 1,25,15.1
13578,566,59,Telugu,Unit Test 2,25,18.4
13579,566,59,Telugu,Half Yearly,100,65.5
13580,566,59,Telugu,Annual Exam,100,61.2
13581,566,60,Computer Science,Unit Test 1,25,16.3
13582,566,60,Computer Science,Unit Test 2,25,13.2
13583,566,60,Computer Science,Half Yearly,100,51.5
13584,566,60,Computer Science,Annual Exam,100,61.9
13585,567,55,Mathematics,Unit Test 1,25,16.2
13586,567,55,Mathematics,Unit Test 2,25,16.4
13587,567,55,Mathematics,Half Yearly,100,57.2
13588,567,55,Mathematics,Annual Exam,100,60.3
13589,567,56,Science,Unit Test 1,25,14.7
13590,567,56,Science,Unit Test 2,25,18.5
13591,567,56,Science,Half Yearly,100,57.0
13592,567,56,Science,Annual Exam,100,60.3
13593,567,57,English,Unit Test 1,25,14.5
13594,567,57,English,Unit Test 2,25,17.4
13595,567,57,English,Half Yearly,100,52.4
13596,567,57,English,Annual Exam,100,53.6
13597,567,58,Social Studies,Unit Test 1,25,14.2
13598,567,58,Social Studies,Unit Test 2,25,16.5
13599,567,58,Social Studies,Half Yearly,100,62.4
13600,567,58,Social Studies,Annual Exam,100,66.7
13601,567,59,Telugu,Unit Test 1,25,12.6
13602,567,59,Telugu,Unit Test 2,25,13.4
13603,567,59,Telugu,Half Yearly,100,73.1
13604,567,59,Telugu,Annual Exam,100,66.8
13605,567,60,Computer Science,Unit Test 1,25,18.4
13606,567,60,Computer Science,Unit Test 2,25,18.8
13607,567,60,Computer Science,Half Yearly,100,76.0
13608,567,60,Computer Science,Annual Exam,100,66.2
13609,568,55,Mathematics,Unit Test 1,25,22.8
13610,568,55,Mathematics,Unit Test 2,25,18.4
13611,568,55,Mathematics,Half Yearly,100,74.7
13612,568,55,Mathematics,Annual Exam,100,79.3
13613,568,56,Science,Unit Test 1,25,19.1
13614,568,56,Science,Unit Test 2,25,19.9
13615,568,56,Science,Half Yearly,100,61.9
13616,568,56,Science,Annual Exam,100,69.6
13617,568,57,English,Unit Test 1,25,21.8
13618,568,57,English,Unit Test 2,25,22.1
13619,568,57,English,Half Yearly,100,70.4
13620,568,57,English,Annual Exam,100,63.0
13621,568,58,Social Studies,Unit Test 1,25,17.6
13622,568,58,Social Studies,Unit Test 2,25,15.4
13623,568,58,Social Studies,Half Yearly,100,73.8
13624,568,58,Social Studies,Annual Exam,100,68.4
13625,568,59,Telugu,Unit Test 1,25,16.4
13626,568,59,Telugu,Unit Test 2,25,14.8
13627,568,59,Telugu,Half Yearly,100,51.6
13628,568,59,Telugu,Annual Exam,100,63.2
13629,568,60,Computer Science,Unit Test 1,25,16.1
13630,568,60,Computer Science,Unit Test 2,25,17.7
13631,568,60,Computer Science,Half Yearly,100,72.5
13632,568,60,Computer Science,Annual Exam,100,74.3
13633,569,55,Mathematics,Unit Test 1,25,14.6
13634,569,55,Mathematics,Unit Test 2,25,17.1
13635,569,55,Mathematics,Half Yearly,100,47.8
13636,569,55,Mathematics,Annual Exam,100,66.0
13637,569,56,Science,Unit Test 1,25,12.2
13638,569,56,Science,Unit Test 2,25,14.3
13639,569,56,Science,Half Yearly,100,56.4
13640,569,56,Science,Annual Exam,100,54.8
13641,569,57,English,Unit Test 1,25,15.0
13642,569,57,English,Unit Test 2,25,13.4
13643,569,57,English,Half Yearly,100,68.6
13644,569,57,English,Annual Exam,100,64.1
13645,569,58,Social Studies,Unit Test 1,25,13.7
13646,569,58,Social Studies,Unit Test 2,25,11.6
13647,569,58,Social Studies,Half Yearly,100,55.0
13648,569,58,Social Studies,Annual Exam,100,52.8
13649,569,59,Telugu,Unit Test 1,25,9.4
13650,569,59,Telugu,Unit Test 2,25,12.7
13651,569,59,Telugu,Half Yearly,100,49.2
13652,569,59,Telugu,Annual Exam,100,50.2
13653,569,60,Computer Science,Unit Test 1,25,11.5
13654,569,60,Computer Science,Unit Test 2,25,10.4
13655,569,60,Computer Science,Half Yearly,100,59.4
13656,569,60,Computer Science,Annual Exam,100,46.5
13657,570,55,Mathematics,Unit Test 1,25,12.5
13658,570,55,Mathematics,Unit Test 2,25,11.8
13659,570,55,Mathematics,Half Yearly,100,58.0
13660,570,55,Mathematics,Annual Exam,100,60.8
13661,570,56,Science,Unit Test 1,25,10.0
13662,570,56,Science,Unit Test 2,25,11.5
13663,570,56,Science,Half Yearly,100,69.2
13664,570,56,Science,Annual Exam,100,54.8
13665,570,57,English,Unit Test 1,25,9.4
13666,570,57,English,Unit Test 2,25,10.9
13667,570,57,English,Half Yearly,100,43.2
13668,570,57,English,Annual Exam,100,52.9
13669,570,58,Social Studies,Unit Test 1,25,14.5
13670,570,58,Social Studies,Unit Test 2,25,17.0
13671,570,58,Social Studies,Half Yearly,100,46.2
13672,570,58,Social Studies,Annual Exam,100,55.3
13673,570,59,Telugu,Unit Test 1,25,7.6
13674,570,59,Telugu,Unit Test 2,25,8.8
13675,570,59,Telugu,Half Yearly,100,19.0
13676,570,59,Telugu,Annual Exam,100,28.2
13677,570,60,Computer Science,Unit Test 1,25,10.3
13678,570,60,Computer Science,Unit Test 2,25,12.6
13679,570,60,Computer Science,Half Yearly,100,43.2
13680,570,60,Computer Science,Annual Exam,100,54.5
13681,571,55,Mathematics,Unit Test 1,25,18.2
13682,571,55,Mathematics,Unit Test 2,25,17.4
13683,571,55,Mathematics,Half Yearly,100,58.9
13684,571,55,Mathematics,Annual Exam,100,81.8
13685,571,56,Science,Unit Test 1,25,13.6
13686,571,56,Science,Unit Test 2,25,13.7
13687,571,56,Science,Half Yearly,100,43.0
13688,571,56,Science,Annual Exam,100,50.6
13689,571,57,English,Unit Test 1,25,13.0
13690,571,57,English,Unit Test 2,25,15.0
13691,571,57,English,Half Yearly,100,49.0
13692,571,57,English,Annual Exam,100,56.0
13693,571,58,Social Studies,Unit Test 1,25,15.5
13694,571,58,Social Studies,Unit Test 2,25,18.8
13695,571,58,Social Studies,Half Yearly,100,83.1
13696,571,58,Social Studies,Annual Exam,100,68.4
13697,571,59,Telugu,Unit Test 1,25,17.7
13698,571,59,Telugu,Unit Test 2,25,18.9
13699,571,59,Telugu,Half Yearly,100,57.7
13700,571,59,Telugu,Annual Exam,100,53.4
13701,571,60,Computer Science,Unit Test 1,25,17.8
13702,571,60,Computer Science,Unit Test 2,25,20.7
13703,571,60,Computer Science,Half Yearly,100,59.2
13704,571,60,Computer Science,Annual Exam,100,65.4
13705,572,55,Mathematics,Unit Test 1,25,19.0
13706,572,55,Mathematics,Unit Test 2,25,17.1
13707,572,55,Mathematics,Half Yearly,100,70.1
13708,572,55,Mathematics,Annual Exam,100,57.9
13709,572,56,Science,Unit Test 1,25,14.0
13710,572,56,Science,Unit Test 2,25,8.3
13711,572,56,Science,Half Yearly,100,61.8
13712,572,56,Science,Annual Exam,100,45.5
13713,572,57,English,Unit Test 1,25,13.7
13714,572,57,English,Unit Test 2,25,12.1
13715,572,57,English,Half Yearly,100,55.6
13716,572,57,English,Annual Exam,100,61.0
13717,572,58,Social Studies,Unit Test 1,25,19.0
13718,572,58,Social Studies,Unit Test 2,25,14.0
13719,572,58,Social Studies,Half Yearly,100,72.5
13720,572,58,Social Studies,Annual Exam,100,64.1
13721,572,59,Telugu,Unit Test 1,25,15.0
13722,572,59,Telugu,Unit Test 2,25,13.8
13723,572,59,Telugu,Half Yearly,100,53.8
13724,572,59,Telugu,Annual Exam,100,62.4
13725,572,60,Computer Science,Unit Test 1,25,12.4
13726,572,60,Computer Science,Unit Test 2,25,11.7
13727,572,60,Computer Science,Half Yearly,100,49.6
13728,572,60,Computer Science,Annual Exam,100,39.4
13729,573,55,Mathematics,Unit Test 1,25,13.6
13730,573,55,Mathematics,Unit Test 2,25,16.5
13731,573,55,Mathematics,Half Yearly,100,73.3
13732,573,55,Mathematics,Annual Exam,100,74.2
13733,573,56,Science,Unit Test 1,25,13.3
13734,573,56,Science,Unit Test 2,25,13.6
13735,573,56,Science,Half Yearly,100,46.5
13736,573,56,Science,Annual Exam,100,49.8
13737,573,57,English,Unit Test 1,25,15.7
13738,573,57,English,Unit Test 2,25,14.4
13739,573,57,English,Half Yearly,100,77.8
13740,573,57,English,Annual Exam,100,75.6
13741,573,58,Social Studies,Unit Test 1,25,11.6
13742,573,58,Social Studies,Unit Test 2,25,15.5
13743,573,58,Social Studies,Half Yearly,100,57.0
13744,573,58,Social Studies,Annual Exam,100,49.0
13745,573,59,Telugu,Unit Test 1,25,16.0
13746,573,59,Telugu,Unit Test 2,25,12.4
13747,573,59,Telugu,Half Yearly,100,65.9
13748,573,59,Telugu,Annual Exam,100,73.3
13749,573,60,Computer Science,Unit Test 1,25,15.9
13750,573,60,Computer Science,Unit Test 2,25,16.1
13751,573,60,Computer Science,Half Yearly,100,75.7
13752,573,60,Computer Science,Annual Exam,100,70.5
13753,574,55,Mathematics,Unit Test 1,25,15.0
13754,574,55,Mathematics,Unit Test 2,25,16.3
13755,574,55,Mathematics,Half Yearly,100,51.5
13756,574,55,Mathematics,Annual Exam,100,48.7
13757,574,56,Science,Unit Test 1,25,18.5
13758,574,56,Science,Unit Test 2,25,18.1
13759,574,56,Science,Half Yearly,100,50.4
13760,574,56,Science,Annual Exam,100,48.5
13761,574,57,English,Unit Test 1,25,11.7
13762,574,57,English,Unit Test 2,25,14.3
13763,574,57,English,Half Yearly,100,50.9
13764,574,57,English,Annual Exam,100,68.1
13765,574,58,Social Studies,Unit Test 1,25,12.8
13766,574,58,Social Studies,Unit Test 2,25,12.5
13767,574,58,Social Studies,Half Yearly,100,67.6
13768,574,58,Social Studies,Annual Exam,100,36.3
13769,574,59,Telugu,Unit Test 1,25,15.0
13770,574,59,Telugu,Unit Test 2,25,14.3
13771,574,59,Telugu,Half Yearly,100,55.8
13772,574,59,Telugu,Annual Exam,100,62.5
13773,574,60,Computer Science,Unit Test 1,25,13.9
13774,574,60,Computer Science,Unit Test 2,25,9.0
13775,574,60,Computer Science,Half Yearly,100,51.7
13776,574,60,Computer Science,Annual Exam,100,46.6
13777,575,55,Mathematics,Unit Test 1,25,24.2
13778,575,55,Mathematics,Unit Test 2,25,22.2
13779,575,55,Mathematics,Half Yearly,100,78.8
13780,575,55,Mathematics,Annual Exam,100,74.0
13781,575,56,Science,Unit Test 1,25,20.0
13782,575,56,Science,Unit Test 2,25,22.7
13783,575,56,Science,Half Yearly,100,77.0
13784,575,56,Science,Annual Exam,100,69.7
13785,575,57,English,Unit Test 1,25,13.8
13786,575,57,English,Unit Test 2,25,20.3
13787,575,57,English,Half Yearly,100,80.5
13788,575,57,English,Annual Exam,100,84.5
13789,575,58,Social Studies,Unit Test 1,25,19.9
13790,575,58,Social Studies,Unit Test 2,25,21.1
13791,575,58,Social Studies,Half Yearly,100,64.6
13792,575,58,Social Studies,Annual Exam,100,73.8
13793,575,59,Telugu,Unit Test 1,25,20.3
13794,575,59,Telugu,Unit Test 2,25,22.8
13795,575,59,Telugu,Half Yearly,100,90.3
13796,575,59,Telugu,Annual Exam,100,82.5
13797,575,60,Computer Science,Unit Test 1,25,13.1
13798,575,60,Computer Science,Unit Test 2,25,14.2
13799,575,60,Computer Science,Half Yearly,100,69.0
13800,575,60,Computer Science,Annual Exam,100,76.9
13801,576,55,Mathematics,Unit Test 1,25,25.0
13802,576,55,Mathematics,Unit Test 2,25,25.0
13803,576,55,Mathematics,Half Yearly,100,81.5
13804,576,55,Mathematics,Annual Exam,100,100.0
13805,576,56,Science,Unit Test 1,25,24.8
13806,576,56,Science,Unit Test 2,25,23.8
13807,576,56,Science,Half Yearly,100,87.8
13808,576,56,Science,Annual Exam,100,66.7
13809,576,57,English,Unit Test 1,25,23.4
13810,576,57,English,Unit Test 2,25,25.0
13811,576,57,English,Half Yearly,100,100.0
13812,576,57,English,Annual Exam,100,100.0
13813,576,58,Social Studies,Unit Test 1,25,25.0
13814,576,58,Social Studies,Unit Test 2,25,18.6
13815,576,58,Social Studies,Half Yearly,100,91.2
13816,576,58,Social Studies,Annual Exam,100,90.2
13817,576,59,Telugu,Unit Test 1,25,22.6
13818,576,59,Telugu,Unit Test 2,25,21.5
13819,576,59,Telugu,Half Yearly,100,72.9
13820,576,59,Telugu,Annual Exam,100,91.0
13821,576,60,Computer Science,Unit Test 1,25,22.6
13822,576,60,Computer Science,Unit Test 2,25,24.3
13823,576,60,Computer Science,Half Yearly,100,92.8
13824,576,60,Computer Science,Annual Exam,100,88.1
13825,577,55,Mathematics,Unit Test 1,25,15.3
13826,577,55,Mathematics,Unit Test 2,25,17.6
13827,577,55,Mathematics,Half Yearly,100,71.3
13828,577,55,Mathematics,Annual Exam,100,62.4
13829,577,56,Science,Unit Test 1,25,16.0
13830,577,56,Science,Unit Test 2,25,17.0
13831,577,56,Science,Half Yearly,100,76.6
13832,577,56,Science,Annual Exam,100,70.1
13833,577,57,English,Unit Test 1,25,20.5
13834,577,57,English,Unit Test 2,25,18.0
13835,577,57,English,Half Yearly,100,81.1
13836,577,57,English,Annual Exam,100,67.8
13837,577,58,Social Studies,Unit Test 1,25,19.5
13838,577,58,Social Studies,Unit Test 2,25,16.9
13839,577,58,Social Studies,Half Yearly,100,75.8
13840,577,58,Social Studies,Annual Exam,100,67.0
13841,577,59,Telugu,Unit Test 1,25,19.5
13842,577,59,Telugu,Unit Test 2,25,20.5
13843,577,59,Telugu,Half Yearly,100,76.5
13844,577,59,Telugu,Annual Exam,100,79.8
13845,577,60,Computer Science,Unit Test 1,25,17.6
13846,577,60,Computer Science,Unit Test 2,25,19.3
13847,577,60,Computer Science,Half Yearly,100,63.3
13848,577,60,Computer Science,Annual Exam,100,66.5
13849,578,55,Mathematics,Unit Test 1,25,15.8
13850,578,55,Mathematics,Unit Test 2,25,10.8
13851,578,55,Mathematics,Half Yearly,100,63.9
13852,578,55,Mathematics,Annual Exam,100,43.0
13853,578,56,Science,Unit Test 1,25,14.5
13854,578,56,Science,Unit Test 2,25,12.3
13855,578,56,Science,Half Yearly,100,56.9
13856,578,56,Science,Annual Exam,100,58.0
13857,578,57,English,Unit Test 1,25,14.8
13858,578,57,English,Unit Test 2,25,15.8
13859,578,57,English,Half Yearly,100,76.7
13860,578,57,English,Annual Exam,100,76.4
13861,578,58,Social Studies,Unit Test 1,25,13.7
13862,578,58,Social Studies,Unit Test 2,25,13.9
13863,578,58,Social Studies,Half Yearly,100,63.9
13864,578,58,Social Studies,Annual Exam,100,54.2
13865,578,59,Telugu,Unit Test 1,25,12.8
13866,578,59,Telugu,Unit Test 2,25,12.3
13867,578,59,Telugu,Half Yearly,100,52.1
13868,578,59,Telugu,Annual Exam,100,49.9
13869,578,60,Computer Science,Unit Test 1,25,14.5
13870,578,60,Computer Science,Unit Test 2,25,12.6
13871,578,60,Computer Science,Half Yearly,100,55.9
13872,578,60,Computer Science,Annual Exam,100,52.0
13873,579,55,Mathematics,Unit Test 1,25,18.4
13874,579,55,Mathematics,Unit Test 2,25,13.1
13875,579,55,Mathematics,Half Yearly,100,49.9
13876,579,55,Mathematics,Annual Exam,100,63.9
13877,579,56,Science,Unit Test 1,25,16.2
13878,579,56,Science,Unit Test 2,25,16.5
13879,579,56,Science,Half Yearly,100,75.7
13880,579,56,Science,Annual Exam,100,58.3
13881,579,57,English,Unit Test 1,25,21.5
13882,579,57,English,Unit Test 2,25,16.8
13883,579,57,English,Half Yearly,100,93.2
13884,579,57,English,Annual Exam,100,67.4
13885,579,58,Social Studies,Unit Test 1,25,19.5
13886,579,58,Social Studies,Unit Test 2,25,21.2
13887,579,58,Social Studies,Half Yearly,100,71.9
13888,579,58,Social Studies,Annual Exam,100,64.8
13889,579,59,Telugu,Unit Test 1,25,19.0
13890,579,59,Telugu,Unit Test 2,25,17.5
13891,579,59,Telugu,Half Yearly,100,57.7
13892,579,59,Telugu,Annual Exam,100,78.7
13893,579,60,Computer Science,Unit Test 1,25,16.3
13894,579,60,Computer Science,Unit Test 2,25,15.7
13895,579,60,Computer Science,Half Yearly,100,55.2
13896,579,60,Computer Science,Annual Exam,100,58.5
13897,580,55,Mathematics,Unit Test 1,25,10.7
13898,580,55,Mathematics,Unit Test 2,25,15.6
13899,580,55,Mathematics,Half Yearly,100,52.3
13900,580,55,Mathematics,Annual Exam,100,37.2
13901,580,56,Science,Unit Test 1,25,21.4
13902,580,56,Science,Unit Test 2,25,15.7
13903,580,56,Science,Half Yearly,100,71.6
13904,580,56,Science,Annual Exam,100,66.2
13905,580,57,English,Unit Test 1,25,9.9
13906,580,57,English,Unit Test 2,25,11.9
13907,580,57,English,Half Yearly,100,48.9
13908,580,57,English,Annual Exam,100,54.1
13909,580,58,Social Studies,Unit Test 1,25,14.0
13910,580,58,Social Studies,Unit Test 2,25,13.3
13911,580,58,Social Studies,Half Yearly,100,63.0
13912,580,58,Social Studies,Annual Exam,100,46.2
13913,580,59,Telugu,Unit Test 1,25,17.0
13914,580,59,Telugu,Unit Test 2,25,18.2
13915,580,59,Telugu,Half Yearly,100,68.4
13916,580,59,Telugu,Annual Exam,100,69.3
13917,580,60,Computer Science,Unit Test 1,25,13.3
13918,580,60,Computer Science,Unit Test 2,25,17.4
13919,580,60,Computer Science,Half Yearly,100,52.8
13920,580,60,Computer Science,Annual Exam,100,61.6
13921,581,55,Mathematics,Unit Test 1,25,15.4
13922,581,55,Mathematics,Unit Test 2,25,17.6
13923,581,55,Mathematics,Half Yearly,100,62.2
13924,581,55,Mathematics,Annual Exam,100,59.7
13925,581,56,Science,Unit Test 1,25,19.9
13926,581,56,Science,Unit Test 2,25,17.8
13927,581,56,Science,Half Yearly,100,91.5
13928,581,56,Science,Annual Exam,100,76.4
13929,581,57,English,Unit Test 1,25,17.6
13930,581,57,English,Unit Test 2,25,19.3
13931,581,57,English,Half Yearly,100,81.0
13932,581,57,English,Annual Exam,100,53.0
13933,581,58,Social Studies,Unit Test 1,25,16.1
13934,581,58,Social Studies,Unit Test 2,25,13.7
13935,581,58,Social Studies,Half Yearly,100,59.6
13936,581,58,Social Studies,Annual Exam,100,69.0
13937,581,59,Telugu,Unit Test 1,25,14.4
13938,581,59,Telugu,Unit Test 2,25,17.6
13939,581,59,Telugu,Half Yearly,100,76.1
13940,581,59,Telugu,Annual Exam,100,82.8
13941,581,60,Computer Science,Unit Test 1,25,10.2
13942,581,60,Computer Science,Unit Test 2,25,17.8
13943,581,60,Computer Science,Half Yearly,100,69.7
13944,581,60,Computer Science,Annual Exam,100,59.1
13945,582,55,Mathematics,Unit Test 1,25,15.4
13946,582,55,Mathematics,Unit Test 2,25,14.8
13947,582,55,Mathematics,Half Yearly,100,61.3
13948,582,55,Mathematics,Annual Exam,100,65.6
13949,582,56,Science,Unit Test 1,25,16.7
13950,582,56,Science,Unit Test 2,25,20.5
13951,582,56,Science,Half Yearly,100,78.1
13952,582,56,Science,Annual Exam,100,78.9
13953,582,57,English,Unit Test 1,25,19.5
13954,582,57,English,Unit Test 2,25,15.6
13955,582,57,English,Half Yearly,100,81.5
13956,582,57,English,Annual Exam,100,53.3
13957,582,58,Social Studies,Unit Test 1,25,9.6
13958,582,58,Social Studies,Unit Test 2,25,16.3
13959,582,58,Social Studies,Half Yearly,100,54.5
13960,582,58,Social Studies,Annual Exam,100,55.3
13961,582,59,Telugu,Unit Test 1,25,19.8
13962,582,59,Telugu,Unit Test 2,25,15.6
13963,582,59,Telugu,Half Yearly,100,79.7
13964,582,59,Telugu,Annual Exam,100,82.5
13965,582,60,Computer Science,Unit Test 1,25,16.2
13966,582,60,Computer Science,Unit Test 2,25,14.4
13967,582,60,Computer Science,Half Yearly,100,58.4
13968,582,60,Computer Science,Annual Exam,100,41.9
13969,583,55,Mathematics,Unit Test 1,25,15.3
13970,583,55,Mathematics,Unit Test 2,25,14.5
13971,583,55,Mathematics,Half Yearly,100,79.8
13972,583,55,Mathematics,Annual Exam,100,83.4
13973,583,56,Science,Unit Test 1,25,14.7
13974,583,56,Science,Unit Test 2,25,16.1
13975,583,56,Science,Half Yearly,100,49.5
13976,583,56,Science,Annual Exam,100,56.9
13977,583,57,English,Unit Test 1,25,20.3
13978,583,57,English,Unit Test 2,25,16.1
13979,583,57,English,Half Yearly,100,75.8
13980,583,57,English,Annual Exam,100,77.5
13981,583,58,Social Studies,Unit Test 1,25,17.0
13982,583,58,Social Studies,Unit Test 2,25,20.0
13983,583,58,Social Studies,Half Yearly,100,81.8
13984,583,58,Social Studies,Annual Exam,100,77.3
13985,583,59,Telugu,Unit Test 1,25,18.8
13986,583,59,Telugu,Unit Test 2,25,16.0
13987,583,59,Telugu,Half Yearly,100,78.9
13988,583,59,Telugu,Annual Exam,100,76.4
13989,583,60,Computer Science,Unit Test 1,25,16.3
13990,583,60,Computer Science,Unit Test 2,25,18.8
13991,583,60,Computer Science,Half Yearly,100,69.0
13992,583,60,Computer Science,Annual Exam,100,54.9
13993,584,55,Mathematics,Unit Test 1,25,20.4
13994,584,55,Mathematics,Unit Test 2,25,17.3
13995,584,55,Mathematics,Half Yearly,100,86.8
13996,584,55,Mathematics,Annual Exam,100,78.4
13997,584,56,Science,Unit Test 1,25,21.5
13998,584,56,Science,Unit Test 2,25,22.7
13999,584,56,Science,Half Yearly,100,74.6
14000,584,56,Science,Annual Exam,100,87.0
14001,584,57,English,Unit Test 1,25,16.6
14002,584,57,English,Unit Test 2,25,16.9
14003,584,57,English,Half Yearly,100,52.8
14004,584,57,English,Annual Exam,100,60.2
14005,584,58,Social Studies,Unit Test 1,25,18.8
14006,584,58,Social Studies,Unit Test 2,25,18.9
14007,584,58,Social Studies,Half Yearly,100,75.4
14008,584,58,Social Studies,Annual Exam,100,78.3
14009,584,59,Telugu,Unit Test 1,25,20.0
14010,584,59,Telugu,Unit Test 2,25,16.8
14011,584,59,Telugu,Half Yearly,100,67.9
14012,584,59,Telugu,Annual Exam,100,77.5
14013,584,60,Computer Science,Unit Test 1,25,18.8
14014,584,60,Computer Science,Unit Test 2,25,18.5
14015,584,60,Computer Science,Half Yearly,100,84.9
14016,584,60,Computer Science,Annual Exam,100,65.0
14017,585,55,Mathematics,Unit Test 1,25,18.1
14018,585,55,Mathematics,Unit Test 2,25,14.7
14019,585,55,Mathematics,Half Yearly,100,64.2
14020,585,55,Mathematics,Annual Exam,100,74.1
14021,585,56,Science,Unit Test 1,25,12.5
14022,585,56,Science,Unit Test 2,25,13.6
14023,585,56,Science,Half Yearly,100,54.1
14024,585,56,Science,Annual Exam,100,54.3
14025,585,57,English,Unit Test 1,25,14.8
14026,585,57,English,Unit Test 2,25,16.4
14027,585,57,English,Half Yearly,100,55.0
14028,585,57,English,Annual Exam,100,57.2
14029,585,58,Social Studies,Unit Test 1,25,10.6
14030,585,58,Social Studies,Unit Test 2,25,8.5
14031,585,58,Social Studies,Half Yearly,100,53.0
14032,585,58,Social Studies,Annual Exam,100,36.6
14033,585,59,Telugu,Unit Test 1,25,17.6
14034,585,59,Telugu,Unit Test 2,25,18.5
14035,585,59,Telugu,Half Yearly,100,62.9
14036,585,59,Telugu,Annual Exam,100,67.2
14037,585,60,Computer Science,Unit Test 1,25,13.8
14038,585,60,Computer Science,Unit Test 2,25,12.4
14039,585,60,Computer Science,Half Yearly,100,56.1
14040,585,60,Computer Science,Annual Exam,100,50.9
14041,586,55,Mathematics,Unit Test 1,25,25.0
14042,586,55,Mathematics,Unit Test 2,25,21.3
14043,586,55,Mathematics,Half Yearly,100,88.5
14044,586,55,Mathematics,Annual Exam,100,80.3
14045,586,56,Science,Unit Test 1,25,18.3
14046,586,56,Science,Unit Test 2,25,21.2
14047,586,56,Science,Half Yearly,100,89.9
14048,586,56,Science,Annual Exam,100,100.0
14049,586,57,English,Unit Test 1,25,23.9
14050,586,57,English,Unit Test 2,25,18.7
14051,586,57,English,Half Yearly,100,66.6
14052,586,57,English,Annual Exam,100,78.4
14053,586,58,Social Studies,Unit Test 1,25,18.6
14054,586,58,Social Studies,Unit Test 2,25,21.9
14055,586,58,Social Studies,Half Yearly,100,70.1
14056,586,58,Social Studies,Annual Exam,100,78.8
14057,586,59,Telugu,Unit Test 1,25,21.8
14058,586,59,Telugu,Unit Test 2,25,19.8
14059,586,59,Telugu,Half Yearly,100,78.2
14060,586,59,Telugu,Annual Exam,100,96.1
14061,586,60,Computer Science,Unit Test 1,25,23.6
14062,586,60,Computer Science,Unit Test 2,25,21.6
14063,586,60,Computer Science,Half Yearly,100,92.2
14064,586,60,Computer Science,Annual Exam,100,91.9
14065,587,55,Mathematics,Unit Test 1,25,25.0
14066,587,55,Mathematics,Unit Test 2,25,23.9
14067,587,55,Mathematics,Half Yearly,100,98.7
14068,587,55,Mathematics,Annual Exam,100,88.1
14069,587,56,Science,Unit Test 1,25,22.2
14070,587,56,Science,Unit Test 2,25,25.0
14071,587,56,Science,Half Yearly,100,92.9
14072,587,56,Science,Annual Exam,100,96.8
14073,587,57,English,Unit Test 1,25,22.6
14074,587,57,English,Unit Test 2,25,21.1
14075,587,57,English,Half Yearly,100,84.3
14076,587,57,English,Annual Exam,100,92.7
14077,587,58,Social Studies,Unit Test 1,25,24.3
14078,587,58,Social Studies,Unit Test 2,25,24.0
14079,587,58,Social Studies,Half Yearly,100,100.0
14080,587,58,Social Studies,Annual Exam,100,100.0
14081,587,59,Telugu,Unit Test 1,25,22.2
14082,587,59,Telugu,Unit Test 2,25,23.8
14083,587,59,Telugu,Half Yearly,100,100.0
14084,587,59,Telugu,Annual Exam,100,89.5
14085,587,60,Computer Science,Unit Test 1,25,22.3
14086,587,60,Computer Science,Unit Test 2,25,22.6
14087,587,60,Computer Science,Half Yearly,100,86.4
14088,587,60,Computer Science,Annual Exam,100,100.0
14089,588,55,Mathematics,Unit Test 1,25,14.4
14090,588,55,Mathematics,Unit Test 2,25,16.0
14091,588,55,Mathematics,Half Yearly,100,65.4
14092,588,55,Mathematics,Annual Exam,100,59.9
14093,588,56,Science,Unit Test 1,25,18.8
14094,588,56,Science,Unit Test 2,25,19.4
14095,588,56,Science,Half Yearly,100,86.6
14096,588,56,Science,Annual Exam,100,82.4
14097,588,57,English,Unit Test 1,25,18.1
14098,588,57,English,Unit Test 2,25,15.0
14099,588,57,English,Half Yearly,100,64.1
14100,588,57,English,Annual Exam,100,62.0
14101,588,58,Social Studies,Unit Test 1,25,15.2
14102,588,58,Social Studies,Unit Test 2,25,12.4
14103,588,58,Social Studies,Half Yearly,100,64.0
14104,588,58,Social Studies,Annual Exam,100,67.3
14105,588,59,Telugu,Unit Test 1,25,21.6
14106,588,59,Telugu,Unit Test 2,25,15.6
14107,588,59,Telugu,Half Yearly,100,70.3
14108,588,59,Telugu,Annual Exam,100,70.6
14109,588,60,Computer Science,Unit Test 1,25,17.5
14110,588,60,Computer Science,Unit Test 2,25,17.9
14111,588,60,Computer Science,Half Yearly,100,65.8
14112,588,60,Computer Science,Annual Exam,100,80.3
14113,589,55,Mathematics,Unit Test 1,25,19.9
14114,589,55,Mathematics,Unit Test 2,25,16.8
14115,589,55,Mathematics,Half Yearly,100,76.3
14116,589,55,Mathematics,Annual Exam,100,60.4
14117,589,56,Science,Unit Test 1,25,15.8
14118,589,56,Science,Unit Test 2,25,11.0
14119,589,56,Science,Half Yearly,100,68.1
14120,589,56,Science,Annual Exam,100,58.2
14121,589,57,English,Unit Test 1,25,17.7
14122,589,57,English,Unit Test 2,25,21.2
14123,589,57,English,Half Yearly,100,66.9
14124,589,57,English,Annual Exam,100,70.8
14125,589,58,Social Studies,Unit Test 1,25,12.4
14126,589,58,Social Studies,Unit Test 2,25,15.6
14127,589,58,Social Studies,Half Yearly,100,73.1
14128,589,58,Social Studies,Annual Exam,100,73.5
14129,589,59,Telugu,Unit Test 1,25,19.6
14130,589,59,Telugu,Unit Test 2,25,16.4
14131,589,59,Telugu,Half Yearly,100,67.2
14132,589,59,Telugu,Annual Exam,100,76.5
14133,589,60,Computer Science,Unit Test 1,25,21.9
14134,589,60,Computer Science,Unit Test 2,25,19.7
14135,589,60,Computer Science,Half Yearly,100,80.8
14136,589,60,Computer Science,Annual Exam,100,79.2
14137,590,55,Mathematics,Unit Test 1,25,11.7
14138,590,55,Mathematics,Unit Test 2,25,10.9
14139,590,55,Mathematics,Half Yearly,100,48.2
14140,590,55,Mathematics,Annual Exam,100,47.1
14141,590,56,Science,Unit Test 1,25,12.0
14142,590,56,Science,Unit Test 2,25,9.5
14143,590,56,Science,Half Yearly,100,31.9
14144,590,56,Science,Annual Exam,100,39.4
14145,590,57,English,Unit Test 1,25,10.7
14146,590,57,English,Unit Test 2,25,11.2
14147,590,57,English,Half Yearly,100,36.4
14148,590,57,English,Annual Exam,100,25.7
14149,590,58,Social Studies,Unit Test 1,25,8.6
14150,590,58,Social Studies,Unit Test 2,25,9.4
14151,590,58,Social Studies,Half Yearly,100,54.6
14152,590,58,Social Studies,Annual Exam,100,47.9
14153,590,59,Telugu,Unit Test 1,25,13.1
14154,590,59,Telugu,Unit Test 2,25,17.4
14155,590,59,Telugu,Half Yearly,100,50.2
14156,590,59,Telugu,Annual Exam,100,44.1
14157,590,60,Computer Science,Unit Test 1,25,9.5
14158,590,60,Computer Science,Unit Test 2,25,6.4
14159,590,60,Computer Science,Half Yearly,100,22.4
14160,590,60,Computer Science,Annual Exam,100,32.5
14161,591,55,Mathematics,Unit Test 1,25,23.3
14162,591,55,Mathematics,Unit Test 2,25,18.2
14163,591,55,Mathematics,Half Yearly,100,72.9
14164,591,55,Mathematics,Annual Exam,100,73.9
14165,591,56,Science,Unit Test 1,25,19.5
14166,591,56,Science,Unit Test 2,25,22.2
14167,591,56,Science,Half Yearly,100,68.9
14168,591,56,Science,Annual Exam,100,75.1
14169,591,57,English,Unit Test 1,25,15.6
14170,591,57,English,Unit Test 2,25,18.2
14171,591,57,English,Half Yearly,100,76.5
14172,591,57,English,Annual Exam,100,62.9
14173,591,58,Social Studies,Unit Test 1,25,18.5
14174,591,58,Social Studies,Unit Test 2,25,18.0
14175,591,58,Social Studies,Half Yearly,100,81.4
14176,591,58,Social Studies,Annual Exam,100,78.3
14177,591,59,Telugu,Unit Test 1,25,17.0
14178,591,59,Telugu,Unit Test 2,25,16.1
14179,591,59,Telugu,Half Yearly,100,65.6
14180,591,59,Telugu,Annual Exam,100,95.7
14181,591,60,Computer Science,Unit Test 1,25,20.6
14182,591,60,Computer Science,Unit Test 2,25,20.2
14183,591,60,Computer Science,Half Yearly,100,89.4
14184,591,60,Computer Science,Annual Exam,100,87.0
14185,592,55,Mathematics,Unit Test 1,25,14.0
14186,592,55,Mathematics,Unit Test 2,25,13.6
14187,592,55,Mathematics,Half Yearly,100,79.3
14188,592,55,Mathematics,Annual Exam,100,64.3
14189,592,56,Science,Unit Test 1,25,16.2
14190,592,56,Science,Unit Test 2,25,20.4
14191,592,56,Science,Half Yearly,100,70.6
14192,592,56,Science,Annual Exam,100,87.2
14193,592,57,English,Unit Test 1,25,16.4
14194,592,57,English,Unit Test 2,25,14.8
14195,592,57,English,Half Yearly,100,80.1
14196,592,57,English,Annual Exam,100,52.1
14197,592,58,Social Studies,Unit Test 1,25,16.0
14198,592,58,Social Studies,Unit Test 2,25,16.9
14199,592,58,Social Studies,Half Yearly,100,74.3
14200,592,58,Social Studies,Annual Exam,100,72.2
14201,592,59,Telugu,Unit Test 1,25,20.6
14202,592,59,Telugu,Unit Test 2,25,21.3
14203,592,59,Telugu,Half Yearly,100,78.5
14204,592,59,Telugu,Annual Exam,100,79.9
14205,592,60,Computer Science,Unit Test 1,25,15.7
14206,592,60,Computer Science,Unit Test 2,25,15.5
14207,592,60,Computer Science,Half Yearly,100,76.7
14208,592,60,Computer Science,Annual Exam,100,68.4
14209,593,55,Mathematics,Unit Test 1,25,23.8
14210,593,55,Mathematics,Unit Test 2,25,21.1
14211,593,55,Mathematics,Half Yearly,100,88.3
14212,593,55,Mathematics,Annual Exam,100,90.0
14213,593,56,Science,Unit Test 1,25,16.9
14214,593,56,Science,Unit Test 2,25,20.0
14215,593,56,Science,Half Yearly,100,81.7
14216,593,56,Science,Annual Exam,100,84.0
14217,593,57,English,Unit Test 1,25,25.0
14218,593,57,English,Unit Test 2,25,24.3
14219,593,57,English,Half Yearly,100,92.4
14220,593,57,English,Annual Exam,100,81.9
14221,593,58,Social Studies,Unit Test 1,25,20.9
14222,593,58,Social Studies,Unit Test 2,25,23.2
14223,593,58,Social Studies,Half Yearly,100,76.2
14224,593,58,Social Studies,Annual Exam,100,92.2
14225,593,59,Telugu,Unit Test 1,25,24.5
14226,593,59,Telugu,Unit Test 2,25,25.0
14227,593,59,Telugu,Half Yearly,100,100.0
14228,593,59,Telugu,Annual Exam,100,93.8
14229,593,60,Computer Science,Unit Test 1,25,23.5
14230,593,60,Computer Science,Unit Test 2,25,21.8
14231,593,60,Computer Science,Half Yearly,100,86.0
14232,593,60,Computer Science,Annual Exam,100,91.9
14233,594,55,Mathematics,Unit Test 1,25,20.4
14234,594,55,Mathematics,Unit Test 2,25,18.4
14235,594,55,Mathematics,Half Yearly,100,82.7
14236,594,55,Mathematics,Annual Exam,100,68.9
14237,594,56,Science,Unit Test 1,25,17.1
14238,594,56,Science,Unit Test 2,25,14.8
14239,594,56,Science,Half Yearly,100,55.4
14240,594,56,Science,Annual Exam,100,64.1
14241,594,57,English,Unit Test 1,25,18.3
14242,594,57,English,Unit Test 2,25,21.0
14243,594,57,English,Half Yearly,100,65.1
14244,594,57,English,Annual Exam,100,60.5
14245,594,58,Social Studies,Unit Test 1,25,21.4
14246,594,58,Social Studies,Unit Test 2,25,17.6
14247,594,58,Social Studies,Half Yearly,100,83.7
14248,594,58,Social Studies,Annual Exam,100,70.7
14249,594,59,Telugu,Unit Test 1,25,19.2
14250,594,59,Telugu,Unit Test 2,25,19.5
14251,594,59,Telugu,Half Yearly,100,80.4
14252,594,59,Telugu,Annual Exam,100,85.8
14253,594,60,Computer Science,Unit Test 1,25,16.3
14254,594,60,Computer Science,Unit Test 2,25,15.8
14255,594,60,Computer Science,Half Yearly,100,71.2
14256,594,60,Computer Science,Annual Exam,100,62.2
14257,595,55,Mathematics,Unit Test 1,25,23.0
14258,595,55,Mathematics,Unit Test 2,25,20.8
14259,595,55,Mathematics,Half Yearly,100,85.9
14260,595,55,Mathematics,Annual Exam,100,74.9
14261,595,56,Science,Unit Test 1,25,19.8
14262,595,56,Science,Unit Test 2,25,23.8
14263,595,56,Science,Half Yearly,100,100.0
14264,595,56,Science,Annual Exam,100,91.5
14265,595,57,English,Unit Test 1,25,23.2
14266,595,57,English,Unit Test 2,25,23.8
14267,595,57,English,Half Yearly,100,81.3
14268,595,57,English,Annual Exam,100,82.4
14269,595,58,Social Studies,Unit Test 1,25,25.0
14270,595,58,Social Studies,Unit Test 2,25,25.0
14271,595,58,Social Studies,Half Yearly,100,77.9
14272,595,58,Social Studies,Annual Exam,100,100.0
14273,595,59,Telugu,Unit Test 1,25,20.0
14274,595,59,Telugu,Unit Test 2,25,17.2
14275,595,59,Telugu,Half Yearly,100,70.5
14276,595,59,Telugu,Annual Exam,100,76.8
14277,595,60,Computer Science,Unit Test 1,25,18.8
14278,595,60,Computer Science,Unit Test 2,25,18.1
14279,595,60,Computer Science,Half Yearly,100,89.1
14280,595,60,Computer Science,Annual Exam,100,89.1
14281,596,55,Mathematics,Unit Test 1,25,15.8
14282,596,55,Mathematics,Unit Test 2,25,21.6
14283,596,55,Mathematics,Half Yearly,100,57.1
14284,596,55,Mathematics,Annual Exam,100,68.7
14285,596,56,Science,Unit Test 1,25,18.1
14286,596,56,Science,Unit Test 2,25,18.8
14287,596,56,Science,Half Yearly,100,80.6
14288,596,56,Science,Annual Exam,100,65.1
14289,596,57,English,Unit Test 1,25,19.7
14290,596,57,English,Unit Test 2,25,18.2
14291,596,57,English,Half Yearly,100,64.0
14292,596,57,English,Annual Exam,100,64.4
14293,596,58,Social Studies,Unit Test 1,25,19.3
14294,596,58,Social Studies,Unit Test 2,25,18.7
14295,596,58,Social Studies,Half Yearly,100,86.9
14296,596,58,Social Studies,Annual Exam,100,74.3
14297,596,59,Telugu,Unit Test 1,25,17.0
14298,596,59,Telugu,Unit Test 2,25,16.0
14299,596,59,Telugu,Half Yearly,100,85.1
14300,596,59,Telugu,Annual Exam,100,76.3
14301,596,60,Computer Science,Unit Test 1,25,20.0
14302,596,60,Computer Science,Unit Test 2,25,16.1
14303,596,60,Computer Science,Half Yearly,100,57.3
14304,596,60,Computer Science,Annual Exam,100,79.6
14305,597,55,Mathematics,Unit Test 1,25,21.5
14306,597,55,Mathematics,Unit Test 2,25,20.6
14307,597,55,Mathematics,Half Yearly,100,94.4
14308,597,55,Mathematics,Annual Exam,100,75.7
14309,597,56,Science,Unit Test 1,25,21.4
14310,597,56,Science,Unit Test 2,25,19.9
14311,597,56,Science,Half Yearly,100,89.4
14312,597,56,Science,Annual Exam,100,86.3
14313,597,57,English,Unit Test 1,25,23.0
14314,597,57,English,Unit Test 2,25,22.8
14315,597,57,English,Half Yearly,100,83.4
14316,597,57,English,Annual Exam,100,82.5
14317,597,58,Social Studies,Unit Test 1,25,20.5
14318,597,58,Social Studies,Unit Test 2,25,19.4
14319,597,58,Social Studies,Half Yearly,100,65.0
14320,597,58,Social Studies,Annual Exam,100,72.3
14321,597,59,Telugu,Unit Test 1,25,20.2
14322,597,59,Telugu,Unit Test 2,25,20.5
14323,597,59,Telugu,Half Yearly,100,76.1
14324,597,59,Telugu,Annual Exam,100,84.6
14325,597,60,Computer Science,Unit Test 1,25,20.9
14326,597,60,Computer Science,Unit Test 2,25,21.3
14327,597,60,Computer Science,Half Yearly,100,70.3
14328,597,60,Computer Science,Annual Exam,100,79.8
14329,598,55,Mathematics,Unit Test 1,25,16.8
14330,598,55,Mathematics,Unit Test 2,25,14.6
14331,598,55,Mathematics,Half Yearly,100,68.1
14332,598,55,Mathematics,Annual Exam,100,53.6
14333,598,56,Science,Unit Test 1,25,10.3
14334,598,56,Science,Unit Test 2,25,13.4
14335,598,56,Science,Half Yearly,100,58.5
14336,598,56,Science,Annual Exam,100,61.5
14337,598,57,English,Unit Test 1,25,19.1
14338,598,57,English,Unit Test 2,25,18.6
14339,598,57,English,Half Yearly,100,83.8
14340,598,57,English,Annual Exam,100,61.9
14341,598,58,Social Studies,Unit Test 1,25,16.4
14342,598,58,Social Studies,Unit Test 2,25,15.3
14343,598,58,Social Studies,Half Yearly,100,45.8
14344,598,58,Social Studies,Annual Exam,100,48.4
14345,598,59,Telugu,Unit Test 1,25,13.6
14346,598,59,Telugu,Unit Test 2,25,14.2
14347,598,59,Telugu,Half Yearly,100,45.4
14348,598,59,Telugu,Annual Exam,100,39.6
14349,598,60,Computer Science,Unit Test 1,25,14.5
14350,598,60,Computer Science,Unit Test 2,25,13.9
14351,598,60,Computer Science,Half Yearly,100,46.6
14352,598,60,Computer Science,Annual Exam,100,53.6
14353,599,55,Mathematics,Unit Test 1,25,13.9
14354,599,55,Mathematics,Unit Test 2,25,9.8
14355,599,55,Mathematics,Half Yearly,100,53.8
14356,599,55,Mathematics,Annual Exam,100,56.9
14357,599,56,Science,Unit Test 1,25,15.5
14358,599,56,Science,Unit Test 2,25,17.7
14359,599,56,Science,Half Yearly,100,64.8
14360,599,56,Science,Annual Exam,100,74.2
14361,599,57,English,Unit Test 1,25,16.7
14362,599,57,English,Unit Test 2,25,16.0
14363,599,57,English,Half Yearly,100,60.2
14364,599,57,English,Annual Exam,100,73.0
14365,599,58,Social Studies,Unit Test 1,25,19.6
14366,599,58,Social Studies,Unit Test 2,25,15.0
14367,599,58,Social Studies,Half Yearly,100,47.7
14368,599,58,Social Studies,Annual Exam,100,56.8
14369,599,59,Telugu,Unit Test 1,25,16.5
14370,599,59,Telugu,Unit Test 2,25,15.7
14371,599,59,Telugu,Half Yearly,100,67.8
14372,599,59,Telugu,Annual Exam,100,75.9
14373,599,60,Computer Science,Unit Test 1,25,13.7
14374,599,60,Computer Science,Unit Test 2,25,15.8
14375,599,60,Computer Science,Half Yearly,100,51.9
14376,599,60,Computer Science,Annual Exam,100,62.5
14377,600,55,Mathematics,Unit Test 1,25,3.8
14378,600,55,Mathematics,Unit Test 2,25,9.2
14379,600,55,Mathematics,Half Yearly,100,23.9
14380,600,55,Mathematics,Annual Exam,100,15.0
14381,600,56,Science,Unit Test 1,25,5.6
14382,600,56,Science,Unit Test 2,25,4.4
14383,600,56,Science,Half Yearly,100,15.0
14384,600,56,Science,Annual Exam,100,30.8
14385,600,57,English,Unit Test 1,25,5.3
14386,600,57,English,Unit Test 2,25,3.8
14387,600,57,English,Half Yearly,100,17.4
14388,600,57,English,Annual Exam,100,19.4
14389,600,58,Social Studies,Unit Test 1,25,5.8
14390,600,58,Social Studies,Unit Test 2,25,7.4
14391,600,58,Social Studies,Half Yearly,100,15.0
14392,600,58,Social Studies,Annual Exam,100,29.6
14393,600,59,Telugu,Unit Test 1,25,5.1
14394,600,59,Telugu,Unit Test 2,25,3.8
14395,600,59,Telugu,Half Yearly,100,36.2
14396,600,59,Telugu,Annual Exam,100,24.3
14397,600,60,Computer Science,Unit Test 1,25,10.1
14398,600,60,Computer Science,Unit Test 2,25,11.4
14399,600,60,Computer Science,Half Yearly,100,37.5
14400,600,60,Computer Science,Annual Exam,100,40.5
14401,601,61,Mathematics,Unit Test 1,25,25.0
14402,601,61,Mathematics,Unit Test 2,25,23.3
14403,601,61,Mathematics,Half Yearly,100,93.2
14404,601,61,Mathematics,Annual Exam,100,100.0
14405,601,62,Science,Unit Test 1,25,25.0
14406,601,62,Science,Unit Test 2,25,23.4
14407,601,62,Science,Half Yearly,100,99.9
14408,601,62,Science,Annual Exam,100,100.0
14409,601,63,English,Unit Test 1,25,25.0
14410,601,63,English,Unit Test 2,25,25.0
14411,601,63,English,Half Yearly,100,100.0
14412,601,63,English,Annual Exam,100,100.0
14413,601,64,Social Studies,Unit Test 1,25,23.6
14414,601,64,Social Studies,Unit Test 2,25,25.0
14415,601,64,Social Studies,Half Yearly,100,99.0
14416,601,64,Social Studies,Annual Exam,100,94.1
14417,601,65,Telugu,Unit Test 1,25,23.4
14418,601,65,Telugu,Unit Test 2,25,23.7
14419,601,65,Telugu,Half Yearly,100,92.5
14420,601,65,Telugu,Annual Exam,100,96.5
14421,601,66,Computer Science,Unit Test 1,25,25.0
14422,601,66,Computer Science,Unit Test 2,25,25.0
14423,601,66,Computer Science,Half Yearly,100,94.0
14424,601,66,Computer Science,Annual Exam,100,88.0
14425,602,61,Mathematics,Unit Test 1,25,21.3
14426,602,61,Mathematics,Unit Test 2,25,23.9
14427,602,61,Mathematics,Half Yearly,100,95.3
14428,602,61,Mathematics,Annual Exam,100,100.0
14429,602,62,Science,Unit Test 1,25,22.4
14430,602,62,Science,Unit Test 2,25,23.6
14431,602,62,Science,Half Yearly,100,85.0
14432,602,62,Science,Annual Exam,100,90.7
14433,602,63,English,Unit Test 1,25,23.8
14434,602,63,English,Unit Test 2,25,25.0
14435,602,63,English,Half Yearly,100,100.0
14436,602,63,English,Annual Exam,100,100.0
14437,602,64,Social Studies,Unit Test 1,25,22.5
14438,602,64,Social Studies,Unit Test 2,25,22.6
14439,602,64,Social Studies,Half Yearly,100,88.4
14440,602,64,Social Studies,Annual Exam,100,96.2
14441,602,65,Telugu,Unit Test 1,25,22.5
14442,602,65,Telugu,Unit Test 2,25,22.5
14443,602,65,Telugu,Half Yearly,100,81.7
14444,602,65,Telugu,Annual Exam,100,76.2
14445,602,66,Computer Science,Unit Test 1,25,24.8
14446,602,66,Computer Science,Unit Test 2,25,25.0
14447,602,66,Computer Science,Half Yearly,100,88.9
14448,602,66,Computer Science,Annual Exam,100,97.9
14449,603,61,Mathematics,Unit Test 1,25,21.4
14450,603,61,Mathematics,Unit Test 2,25,20.2
14451,603,61,Mathematics,Half Yearly,100,87.5
14452,603,61,Mathematics,Annual Exam,100,73.1
14453,603,62,Science,Unit Test 1,25,21.8
14454,603,62,Science,Unit Test 2,25,21.2
14455,603,62,Science,Half Yearly,100,80.5
14456,603,62,Science,Annual Exam,100,100.0
14457,603,63,English,Unit Test 1,25,20.5
14458,603,63,English,Unit Test 2,25,16.8
14459,603,63,English,Half Yearly,100,92.5
14460,603,63,English,Annual Exam,100,74.5
14461,603,64,Social Studies,Unit Test 1,25,20.6
14462,603,64,Social Studies,Unit Test 2,25,22.9
14463,603,64,Social Studies,Half Yearly,100,87.6
14464,603,64,Social Studies,Annual Exam,100,86.0
14465,603,65,Telugu,Unit Test 1,25,25.0
14466,603,65,Telugu,Unit Test 2,25,23.4
14467,603,65,Telugu,Half Yearly,100,97.3
14468,603,65,Telugu,Annual Exam,100,85.8
14469,603,66,Computer Science,Unit Test 1,25,22.2
14470,603,66,Computer Science,Unit Test 2,25,21.4
14471,603,66,Computer Science,Half Yearly,100,89.7
14472,603,66,Computer Science,Annual Exam,100,88.4
14473,604,61,Mathematics,Unit Test 1,25,13.4
14474,604,61,Mathematics,Unit Test 2,25,16.6
14475,604,61,Mathematics,Half Yearly,100,57.7
14476,604,61,Mathematics,Annual Exam,100,48.7
14477,604,62,Science,Unit Test 1,25,13.3
14478,604,62,Science,Unit Test 2,25,14.4
14479,604,62,Science,Half Yearly,100,54.2
14480,604,62,Science,Annual Exam,100,74.2
14481,604,63,English,Unit Test 1,25,12.9
14482,604,63,English,Unit Test 2,25,12.4
14483,604,63,English,Half Yearly,100,56.4
14484,604,63,English,Annual Exam,100,53.4
14485,604,64,Social Studies,Unit Test 1,25,16.1
14486,604,64,Social Studies,Unit Test 2,25,21.5
14487,604,64,Social Studies,Half Yearly,100,72.2
14488,604,64,Social Studies,Annual Exam,100,73.3
14489,604,65,Telugu,Unit Test 1,25,14.6
14490,604,65,Telugu,Unit Test 2,25,13.3
14491,604,65,Telugu,Half Yearly,100,66.1
14492,604,65,Telugu,Annual Exam,100,78.3
14493,604,66,Computer Science,Unit Test 1,25,9.8
14494,604,66,Computer Science,Unit Test 2,25,10.6
14495,604,66,Computer Science,Half Yearly,100,56.3
14496,604,66,Computer Science,Annual Exam,100,50.0
14497,605,61,Mathematics,Unit Test 1,25,17.0
14498,605,61,Mathematics,Unit Test 2,25,16.8
14499,605,61,Mathematics,Half Yearly,100,81.1
14500,605,61,Mathematics,Annual Exam,100,86.0
14501,605,62,Science,Unit Test 1,25,17.5
14502,605,62,Science,Unit Test 2,25,16.2
14503,605,62,Science,Half Yearly,100,71.4
14504,605,62,Science,Annual Exam,100,73.2
14505,605,63,English,Unit Test 1,25,14.1
14506,605,63,English,Unit Test 2,25,17.1
14507,605,63,English,Half Yearly,100,79.6
14508,605,63,English,Annual Exam,100,59.6
14509,605,64,Social Studies,Unit Test 1,25,14.5
14510,605,64,Social Studies,Unit Test 2,25,14.7
14511,605,64,Social Studies,Half Yearly,100,81.4
14512,605,64,Social Studies,Annual Exam,100,52.1
14513,605,65,Telugu,Unit Test 1,25,17.5
14514,605,65,Telugu,Unit Test 2,25,18.2
14515,605,65,Telugu,Half Yearly,100,72.9
14516,605,65,Telugu,Annual Exam,100,77.7
14517,605,66,Computer Science,Unit Test 1,25,17.0
14518,605,66,Computer Science,Unit Test 2,25,18.0
14519,605,66,Computer Science,Half Yearly,100,71.3
14520,605,66,Computer Science,Annual Exam,100,77.6
14521,606,61,Mathematics,Unit Test 1,25,23.6
14522,606,61,Mathematics,Unit Test 2,25,23.3
14523,606,61,Mathematics,Half Yearly,100,99.0
14524,606,61,Mathematics,Annual Exam,100,100.0
14525,606,62,Science,Unit Test 1,25,17.4
14526,606,62,Science,Unit Test 2,25,22.1
14527,606,62,Science,Half Yearly,100,77.7
14528,606,62,Science,Annual Exam,100,89.1
14529,606,63,English,Unit Test 1,25,23.8
14530,606,63,English,Unit Test 2,25,22.5
14531,606,63,English,Half Yearly,100,84.5
14532,606,63,English,Annual Exam,100,100.0
14533,606,64,Social Studies,Unit Test 1,25,23.0
14534,606,64,Social Studies,Unit Test 2,25,20.8
14535,606,64,Social Studies,Half Yearly,100,86.7
14536,606,64,Social Studies,Annual Exam,100,96.0
14537,606,65,Telugu,Unit Test 1,25,23.7
14538,606,65,Telugu,Unit Test 2,25,22.1
14539,606,65,Telugu,Half Yearly,100,93.2
14540,606,65,Telugu,Annual Exam,100,75.0
14541,606,66,Computer Science,Unit Test 1,25,23.0
14542,606,66,Computer Science,Unit Test 2,25,22.7
14543,606,66,Computer Science,Half Yearly,100,100.0
14544,606,66,Computer Science,Annual Exam,100,96.7
14545,607,61,Mathematics,Unit Test 1,25,12.3
14546,607,61,Mathematics,Unit Test 2,25,17.0
14547,607,61,Mathematics,Half Yearly,100,71.8
14548,607,61,Mathematics,Annual Exam,100,58.1
14549,607,62,Science,Unit Test 1,25,19.9
14550,607,62,Science,Unit Test 2,25,18.2
14551,607,62,Science,Half Yearly,100,75.5
14552,607,62,Science,Annual Exam,100,74.8
14553,607,63,English,Unit Test 1,25,14.9
14554,607,63,English,Unit Test 2,25,9.6
14555,607,63,English,Half Yearly,100,45.9
14556,607,63,English,Annual Exam,100,38.5
14557,607,64,Social Studies,Unit Test 1,25,17.7
14558,607,64,Social Studies,Unit Test 2,25,12.2
14559,607,64,Social Studies,Half Yearly,100,70.3
14560,607,64,Social Studies,Annual Exam,100,69.9
14561,607,65,Telugu,Unit Test 1,25,13.7
14562,607,65,Telugu,Unit Test 2,25,11.9
14563,607,65,Telugu,Half Yearly,100,55.3
14564,607,65,Telugu,Annual Exam,100,51.5
14565,607,66,Computer Science,Unit Test 1,25,14.1
14566,607,66,Computer Science,Unit Test 2,25,15.4
14567,607,66,Computer Science,Half Yearly,100,53.2
14568,607,66,Computer Science,Annual Exam,100,58.9
14569,608,61,Mathematics,Unit Test 1,25,14.8
14570,608,61,Mathematics,Unit Test 2,25,11.1
14571,608,61,Mathematics,Half Yearly,100,62.3
14572,608,61,Mathematics,Annual Exam,100,53.0
14573,608,62,Science,Unit Test 1,25,15.4
14574,608,62,Science,Unit Test 2,25,18.1
14575,608,62,Science,Half Yearly,100,64.4
14576,608,62,Science,Annual Exam,100,69.1
14577,608,63,English,Unit Test 1,25,14.5
14578,608,63,English,Unit Test 2,25,11.4
14579,608,63,English,Half Yearly,100,51.3
14580,608,63,English,Annual Exam,100,33.8
14581,608,64,Social Studies,Unit Test 1,25,10.2
14582,608,64,Social Studies,Unit Test 2,25,11.7
14583,608,64,Social Studies,Half Yearly,100,48.7
14584,608,64,Social Studies,Annual Exam,100,39.5
14585,608,65,Telugu,Unit Test 1,25,9.7
14586,608,65,Telugu,Unit Test 2,25,9.4
14587,608,65,Telugu,Half Yearly,100,62.7
14588,608,65,Telugu,Annual Exam,100,47.9
14589,608,66,Computer Science,Unit Test 1,25,9.5
14590,608,66,Computer Science,Unit Test 2,25,15.1
14591,608,66,Computer Science,Half Yearly,100,30.1
14592,608,66,Computer Science,Annual Exam,100,42.4
14593,609,61,Mathematics,Unit Test 1,25,8.8
14594,609,61,Mathematics,Unit Test 2,25,12.6
14595,609,61,Mathematics,Half Yearly,100,58.9
14596,609,61,Mathematics,Annual Exam,100,63.6
14597,609,62,Science,Unit Test 1,25,14.3
14598,609,62,Science,Unit Test 2,25,14.4
14599,609,62,Science,Half Yearly,100,41.8
14600,609,62,Science,Annual Exam,100,42.6
14601,609,63,English,Unit Test 1,25,11.1
14602,609,63,English,Unit Test 2,25,13.9
14603,609,63,English,Half Yearly,100,57.5
14604,609,63,English,Annual Exam,100,55.7
14605,609,64,Social Studies,Unit Test 1,25,17.6
14606,609,64,Social Studies,Unit Test 2,25,15.6
14607,609,64,Social Studies,Half Yearly,100,43.1
14608,609,64,Social Studies,Annual Exam,100,51.8
14609,609,65,Telugu,Unit Test 1,25,15.6
14610,609,65,Telugu,Unit Test 2,25,16.2
14611,609,65,Telugu,Half Yearly,100,37.5
14612,609,65,Telugu,Annual Exam,100,60.6
14613,609,66,Computer Science,Unit Test 1,25,9.2
14614,609,66,Computer Science,Unit Test 2,25,14.6
14615,609,66,Computer Science,Half Yearly,100,64.6
14616,609,66,Computer Science,Annual Exam,100,42.4
14617,610,61,Mathematics,Unit Test 1,25,22.8
14618,610,61,Mathematics,Unit Test 2,25,20.8
14619,610,61,Mathematics,Half Yearly,100,96.2
14620,610,61,Mathematics,Annual Exam,100,96.6
14621,610,62,Science,Unit Test 1,25,25.0
14622,610,62,Science,Unit Test 2,25,21.4
14623,610,62,Science,Half Yearly,100,79.2
14624,610,62,Science,Annual Exam,100,100.0
14625,610,63,English,Unit Test 1,25,23.4
14626,610,63,English,Unit Test 2,25,23.2
14627,610,63,English,Half Yearly,100,91.2
14628,610,63,English,Annual Exam,100,100.0
14629,610,64,Social Studies,Unit Test 1,25,23.9
14630,610,64,Social Studies,Unit Test 2,25,22.8
14631,610,64,Social Studies,Half Yearly,100,84.5
14632,610,64,Social Studies,Annual Exam,100,99.4
14633,610,65,Telugu,Unit Test 1,25,22.6
14634,610,65,Telugu,Unit Test 2,25,24.0
14635,610,65,Telugu,Half Yearly,100,92.4
14636,610,65,Telugu,Annual Exam,100,88.0
14637,610,66,Computer Science,Unit Test 1,25,23.7
14638,610,66,Computer Science,Unit Test 2,25,23.5
14639,610,66,Computer Science,Half Yearly,100,100.0
14640,610,66,Computer Science,Annual Exam,100,94.7
14641,611,61,Mathematics,Unit Test 1,25,18.2
14642,611,61,Mathematics,Unit Test 2,25,19.4
14643,611,61,Mathematics,Half Yearly,100,69.9
14644,611,61,Mathematics,Annual Exam,100,69.4
14645,611,62,Science,Unit Test 1,25,21.5
14646,611,62,Science,Unit Test 2,25,16.5
14647,611,62,Science,Half Yearly,100,71.9
14648,611,62,Science,Annual Exam,100,68.1
14649,611,63,English,Unit Test 1,25,17.8
14650,611,63,English,Unit Test 2,25,20.1
14651,611,63,English,Half Yearly,100,79.8
14652,611,63,English,Annual Exam,100,68.3
14653,611,64,Social Studies,Unit Test 1,25,21.5
14654,611,64,Social Studies,Unit Test 2,25,19.1
14655,611,64,Social Studies,Half Yearly,100,78.0
14656,611,64,Social Studies,Annual Exam,100,73.0
14657,611,65,Telugu,Unit Test 1,25,18.7
14658,611,65,Telugu,Unit Test 2,25,16.1
14659,611,65,Telugu,Half Yearly,100,66.7
14660,611,65,Telugu,Annual Exam,100,69.3
14661,611,66,Computer Science,Unit Test 1,25,19.9
14662,611,66,Computer Science,Unit Test 2,25,20.3
14663,611,66,Computer Science,Half Yearly,100,71.0
14664,611,66,Computer Science,Annual Exam,100,65.9
14665,612,61,Mathematics,Unit Test 1,25,16.7
14666,612,61,Mathematics,Unit Test 2,25,16.5
14667,612,61,Mathematics,Half Yearly,100,77.7
14668,612,61,Mathematics,Annual Exam,100,77.1
14669,612,62,Science,Unit Test 1,25,15.0
14670,612,62,Science,Unit Test 2,25,18.1
14671,612,62,Science,Half Yearly,100,70.6
14672,612,62,Science,Annual Exam,100,71.1
14673,612,63,English,Unit Test 1,25,16.1
14674,612,63,English,Unit Test 2,25,18.0
14675,612,63,English,Half Yearly,100,46.2
14676,612,63,English,Annual Exam,100,65.3
14677,612,64,Social Studies,Unit Test 1,25,16.1
14678,612,64,Social Studies,Unit Test 2,25,16.2
14679,612,64,Social Studies,Half Yearly,100,78.4
14680,612,64,Social Studies,Annual Exam,100,63.3
14681,612,65,Telugu,Unit Test 1,25,16.0
14682,612,65,Telugu,Unit Test 2,25,16.2
14683,612,65,Telugu,Half Yearly,100,55.5
14684,612,65,Telugu,Annual Exam,100,58.6
14685,612,66,Computer Science,Unit Test 1,25,19.3
14686,612,66,Computer Science,Unit Test 2,25,17.7
14687,612,66,Computer Science,Half Yearly,100,75.2
14688,612,66,Computer Science,Annual Exam,100,77.2
14689,613,61,Mathematics,Unit Test 1,25,10.6
14690,613,61,Mathematics,Unit Test 2,25,10.8
14691,613,61,Mathematics,Half Yearly,100,45.8
14692,613,61,Mathematics,Annual Exam,100,57.9
14693,613,62,Science,Unit Test 1,25,6.0
14694,613,62,Science,Unit Test 2,25,11.1
14695,613,62,Science,Half Yearly,100,39.5
14696,613,62,Science,Annual Exam,100,36.4
14697,613,63,English,Unit Test 1,25,14.9
14698,613,63,English,Unit Test 2,25,14.2
14699,613,63,English,Half Yearly,100,46.8
14700,613,63,English,Annual Exam,100,44.3
14701,613,64,Social Studies,Unit Test 1,25,5.3
14702,613,64,Social Studies,Unit Test 2,25,10.1
14703,613,64,Social Studies,Half Yearly,100,38.1
14704,613,64,Social Studies,Annual Exam,100,39.7
14705,613,65,Telugu,Unit Test 1,25,11.0
14706,613,65,Telugu,Unit Test 2,25,9.7
14707,613,65,Telugu,Half Yearly,100,38.6
14708,613,65,Telugu,Annual Exam,100,44.6
14709,613,66,Computer Science,Unit Test 1,25,12.9
14710,613,66,Computer Science,Unit Test 2,25,9.8
14711,613,66,Computer Science,Half Yearly,100,30.6
14712,613,66,Computer Science,Annual Exam,100,36.9
14713,614,61,Mathematics,Unit Test 1,25,21.2
14714,614,61,Mathematics,Unit Test 2,25,17.6
14715,614,61,Mathematics,Half Yearly,100,83.9
14716,614,61,Mathematics,Annual Exam,100,80.5
14717,614,62,Science,Unit Test 1,25,17.9
14718,614,62,Science,Unit Test 2,25,12.4
14719,614,62,Science,Half Yearly,100,63.4
14720,614,62,Science,Annual Exam,100,63.6
14721,614,63,English,Unit Test 1,25,16.5
14722,614,63,English,Unit Test 2,25,19.9
14723,614,63,English,Half Yearly,100,96.8
14724,614,63,English,Annual Exam,100,61.3
14725,614,64,Social Studies,Unit Test 1,25,15.5
14726,614,64,Social Studies,Unit Test 2,25,17.7
14727,614,64,Social Studies,Half Yearly,100,80.4
14728,614,64,Social Studies,Annual Exam,100,65.0
14729,614,65,Telugu,Unit Test 1,25,15.7
14730,614,65,Telugu,Unit Test 2,25,14.4
14731,614,65,Telugu,Half Yearly,100,80.9
14732,614,65,Telugu,Annual Exam,100,56.8
14733,614,66,Computer Science,Unit Test 1,25,16.4
14734,614,66,Computer Science,Unit Test 2,25,15.2
14735,614,66,Computer Science,Half Yearly,100,67.4
14736,614,66,Computer Science,Annual Exam,100,54.5
14737,615,61,Mathematics,Unit Test 1,25,7.7
14738,615,61,Mathematics,Unit Test 2,25,13.2
14739,615,61,Mathematics,Half Yearly,100,56.3
14740,615,61,Mathematics,Annual Exam,100,57.0
14741,615,62,Science,Unit Test 1,25,10.6
14742,615,62,Science,Unit Test 2,25,12.3
14743,615,62,Science,Half Yearly,100,51.2
14744,615,62,Science,Annual Exam,100,61.3
14745,615,63,English,Unit Test 1,25,13.6
14746,615,63,English,Unit Test 2,25,10.4
14747,615,63,English,Half Yearly,100,36.0
14748,615,63,English,Annual Exam,100,39.4
14749,615,64,Social Studies,Unit Test 1,25,13.0
14750,615,64,Social Studies,Unit Test 2,25,11.8
14751,615,64,Social Studies,Half Yearly,100,57.6
14752,615,64,Social Studies,Annual Exam,100,52.4
14753,615,65,Telugu,Unit Test 1,25,18.2
14754,615,65,Telugu,Unit Test 2,25,13.9
14755,615,65,Telugu,Half Yearly,100,54.8
14756,615,65,Telugu,Annual Exam,100,58.3
14757,615,66,Computer Science,Unit Test 1,25,9.8
14758,615,66,Computer Science,Unit Test 2,25,9.5
14759,615,66,Computer Science,Half Yearly,100,34.7
14760,615,66,Computer Science,Annual Exam,100,56.7
14761,616,61,Mathematics,Unit Test 1,25,17.8
14762,616,61,Mathematics,Unit Test 2,25,18.4
14763,616,61,Mathematics,Half Yearly,100,80.7
14764,616,61,Mathematics,Annual Exam,100,83.2
14765,616,62,Science,Unit Test 1,25,18.7
14766,616,62,Science,Unit Test 2,25,17.9
14767,616,62,Science,Half Yearly,100,63.6
14768,616,62,Science,Annual Exam,100,77.1
14769,616,63,English,Unit Test 1,25,17.3
14770,616,63,English,Unit Test 2,25,19.8
14771,616,63,English,Half Yearly,100,78.6
14772,616,63,English,Annual Exam,100,94.1
14773,616,64,Social Studies,Unit Test 1,25,17.5
14774,616,64,Social Studies,Unit Test 2,25,17.2
14775,616,64,Social Studies,Half Yearly,100,79.5
14776,616,64,Social Studies,Annual Exam,100,75.8
14777,616,65,Telugu,Unit Test 1,25,15.3
14778,616,65,Telugu,Unit Test 2,25,15.0
14779,616,65,Telugu,Half Yearly,100,66.7
14780,616,65,Telugu,Annual Exam,100,83.2
14781,616,66,Computer Science,Unit Test 1,25,17.4
14782,616,66,Computer Science,Unit Test 2,25,20.3
14783,616,66,Computer Science,Half Yearly,100,77.5
14784,616,66,Computer Science,Annual Exam,100,63.2
14785,617,61,Mathematics,Unit Test 1,25,17.6
14786,617,61,Mathematics,Unit Test 2,25,17.1
14787,617,61,Mathematics,Half Yearly,100,70.6
14788,617,61,Mathematics,Annual Exam,100,75.7
14789,617,62,Science,Unit Test 1,25,15.6
14790,617,62,Science,Unit Test 2,25,21.6
14791,617,62,Science,Half Yearly,100,62.4
14792,617,62,Science,Annual Exam,100,67.2
14793,617,63,English,Unit Test 1,25,18.6
14794,617,63,English,Unit Test 2,25,15.7
14795,617,63,English,Half Yearly,100,59.1
14796,617,63,English,Annual Exam,100,79.2
14797,617,64,Social Studies,Unit Test 1,25,17.6
14798,617,64,Social Studies,Unit Test 2,25,17.7
14799,617,64,Social Studies,Half Yearly,100,78.7
14800,617,64,Social Studies,Annual Exam,100,68.3
14801,617,65,Telugu,Unit Test 1,25,20.1
14802,617,65,Telugu,Unit Test 2,25,21.2
14803,617,65,Telugu,Half Yearly,100,89.7
14804,617,65,Telugu,Annual Exam,100,85.2
14805,617,66,Computer Science,Unit Test 1,25,20.8
14806,617,66,Computer Science,Unit Test 2,25,23.3
14807,617,66,Computer Science,Half Yearly,100,80.6
14808,617,66,Computer Science,Annual Exam,100,81.9
14809,618,61,Mathematics,Unit Test 1,25,16.3
14810,618,61,Mathematics,Unit Test 2,25,17.0
14811,618,61,Mathematics,Half Yearly,100,69.7
14812,618,61,Mathematics,Annual Exam,100,83.5
14813,618,62,Science,Unit Test 1,25,18.7
14814,618,62,Science,Unit Test 2,25,22.5
14815,618,62,Science,Half Yearly,100,66.4
14816,618,62,Science,Annual Exam,100,81.2
14817,618,63,English,Unit Test 1,25,24.8
14818,618,63,English,Unit Test 2,25,22.5
14819,618,63,English,Half Yearly,100,77.5
14820,618,63,English,Annual Exam,100,78.7
14821,618,64,Social Studies,Unit Test 1,25,20.0
14822,618,64,Social Studies,Unit Test 2,25,20.6
14823,618,64,Social Studies,Half Yearly,100,94.2
14824,618,64,Social Studies,Annual Exam,100,84.2
14825,618,65,Telugu,Unit Test 1,25,17.5
14826,618,65,Telugu,Unit Test 2,25,16.5
14827,618,65,Telugu,Half Yearly,100,85.1
14828,618,65,Telugu,Annual Exam,100,68.2
14829,618,66,Computer Science,Unit Test 1,25,20.2
14830,618,66,Computer Science,Unit Test 2,25,19.1
14831,618,66,Computer Science,Half Yearly,100,86.8
14832,618,66,Computer Science,Annual Exam,100,65.9
14833,619,61,Mathematics,Unit Test 1,25,18.6
14834,619,61,Mathematics,Unit Test 2,25,17.9
14835,619,61,Mathematics,Half Yearly,100,85.5
14836,619,61,Mathematics,Annual Exam,100,96.5
14837,619,62,Science,Unit Test 1,25,20.8
14838,619,62,Science,Unit Test 2,25,20.3
14839,619,62,Science,Half Yearly,100,99.7
14840,619,62,Science,Annual Exam,100,76.3
14841,619,63,English,Unit Test 1,25,22.5
14842,619,63,English,Unit Test 2,25,20.5
14843,619,63,English,Half Yearly,100,80.9
14844,619,63,English,Annual Exam,100,72.8
14845,619,64,Social Studies,Unit Test 1,25,19.3
14846,619,64,Social Studies,Unit Test 2,25,23.0
14847,619,64,Social Studies,Half Yearly,100,97.4
14848,619,64,Social Studies,Annual Exam,100,96.2
14849,619,65,Telugu,Unit Test 1,25,22.0
14850,619,65,Telugu,Unit Test 2,25,25.0
14851,619,65,Telugu,Half Yearly,100,89.7
14852,619,65,Telugu,Annual Exam,100,92.9
14853,619,66,Computer Science,Unit Test 1,25,22.5
14854,619,66,Computer Science,Unit Test 2,25,21.1
14855,619,66,Computer Science,Half Yearly,100,100.0
14856,619,66,Computer Science,Annual Exam,100,100.0
14857,620,61,Mathematics,Unit Test 1,25,14.9
14858,620,61,Mathematics,Unit Test 2,25,12.8
14859,620,61,Mathematics,Half Yearly,100,53.6
14860,620,61,Mathematics,Annual Exam,100,40.7
14861,620,62,Science,Unit Test 1,25,15.0
14862,620,62,Science,Unit Test 2,25,14.9
14863,620,62,Science,Half Yearly,100,59.6
14864,620,62,Science,Annual Exam,100,53.7
14865,620,63,English,Unit Test 1,25,16.2
14866,620,63,English,Unit Test 2,25,13.2
14867,620,63,English,Half Yearly,100,76.4
14868,620,63,English,Annual Exam,100,85.6
14869,620,64,Social Studies,Unit Test 1,25,13.8
14870,620,64,Social Studies,Unit Test 2,25,10.1
14871,620,64,Social Studies,Half Yearly,100,44.2
14872,620,64,Social Studies,Annual Exam,100,42.0
14873,620,65,Telugu,Unit Test 1,25,16.9
14874,620,65,Telugu,Unit Test 2,25,13.4
14875,620,65,Telugu,Half Yearly,100,51.5
14876,620,65,Telugu,Annual Exam,100,26.9
14877,620,66,Computer Science,Unit Test 1,25,10.8
14878,620,66,Computer Science,Unit Test 2,25,15.6
14879,620,66,Computer Science,Half Yearly,100,53.0
14880,620,66,Computer Science,Annual Exam,100,54.9
14881,621,61,Mathematics,Unit Test 1,25,19.4
14882,621,61,Mathematics,Unit Test 2,25,14.8
14883,621,61,Mathematics,Half Yearly,100,78.4
14884,621,61,Mathematics,Annual Exam,100,69.9
14885,621,62,Science,Unit Test 1,25,23.4
14886,621,62,Science,Unit Test 2,25,18.2
14887,621,62,Science,Half Yearly,100,68.6
14888,621,62,Science,Annual Exam,100,85.6
14889,621,63,English,Unit Test 1,25,21.3
14890,621,63,English,Unit Test 2,25,20.7
14891,621,63,English,Half Yearly,100,92.8
14892,621,63,English,Annual Exam,100,86.2
14893,621,64,Social Studies,Unit Test 1,25,17.7
14894,621,64,Social Studies,Unit Test 2,25,16.1
14895,621,64,Social Studies,Half Yearly,100,58.3
14896,621,64,Social Studies,Annual Exam,100,70.0
14897,621,65,Telugu,Unit Test 1,25,21.3
14898,621,65,Telugu,Unit Test 2,25,22.7
14899,621,65,Telugu,Half Yearly,100,78.8
14900,621,65,Telugu,Annual Exam,100,83.3
14901,621,66,Computer Science,Unit Test 1,25,16.6
14902,621,66,Computer Science,Unit Test 2,25,20.8
14903,621,66,Computer Science,Half Yearly,100,80.5
14904,621,66,Computer Science,Annual Exam,100,76.2
14905,622,61,Mathematics,Unit Test 1,25,13.9
14906,622,61,Mathematics,Unit Test 2,25,15.6
14907,622,61,Mathematics,Half Yearly,100,86.3
14908,622,61,Mathematics,Annual Exam,100,64.3
14909,622,62,Science,Unit Test 1,25,17.5
14910,622,62,Science,Unit Test 2,25,19.4
14911,622,62,Science,Half Yearly,100,72.5
14912,622,62,Science,Annual Exam,100,87.4
14913,622,63,English,Unit Test 1,25,15.3
14914,622,63,English,Unit Test 2,25,18.3
14915,622,63,English,Half Yearly,100,73.8
14916,622,63,English,Annual Exam,100,69.3
14917,622,64,Social Studies,Unit Test 1,25,19.4
14918,622,64,Social Studies,Unit Test 2,25,20.7
14919,622,64,Social Studies,Half Yearly,100,70.4
14920,622,64,Social Studies,Annual Exam,100,93.1
14921,622,65,Telugu,Unit Test 1,25,21.7
14922,622,65,Telugu,Unit Test 2,25,20.6
14923,622,65,Telugu,Half Yearly,100,78.2
14924,622,65,Telugu,Annual Exam,100,72.2
14925,622,66,Computer Science,Unit Test 1,25,16.8
14926,622,66,Computer Science,Unit Test 2,25,20.5
14927,622,66,Computer Science,Half Yearly,100,75.9
14928,622,66,Computer Science,Annual Exam,100,78.2
14929,623,61,Mathematics,Unit Test 1,25,17.8
14930,623,61,Mathematics,Unit Test 2,25,18.8
14931,623,61,Mathematics,Half Yearly,100,57.2
14932,623,61,Mathematics,Annual Exam,100,59.3
14933,623,62,Science,Unit Test 1,25,15.6
14934,623,62,Science,Unit Test 2,25,14.3
14935,623,62,Science,Half Yearly,100,50.5
14936,623,62,Science,Annual Exam,100,74.5
14937,623,63,English,Unit Test 1,25,23.6
14938,623,63,English,Unit Test 2,25,18.3
14939,623,63,English,Half Yearly,100,78.6
14940,623,63,English,Annual Exam,100,72.9
14941,623,64,Social Studies,Unit Test 1,25,19.4
14942,623,64,Social Studies,Unit Test 2,25,19.3
14943,623,64,Social Studies,Half Yearly,100,71.3
14944,623,64,Social Studies,Annual Exam,100,79.4
14945,623,65,Telugu,Unit Test 1,25,18.3
14946,623,65,Telugu,Unit Test 2,25,18.7
14947,623,65,Telugu,Half Yearly,100,64.4
14948,623,65,Telugu,Annual Exam,100,65.9
14949,623,66,Computer Science,Unit Test 1,25,13.0
14950,623,66,Computer Science,Unit Test 2,25,19.4
14951,623,66,Computer Science,Half Yearly,100,69.6
14952,623,66,Computer Science,Annual Exam,100,70.8
14953,624,61,Mathematics,Unit Test 1,25,19.8
14954,624,61,Mathematics,Unit Test 2,25,20.0
14955,624,61,Mathematics,Half Yearly,100,70.5
14956,624,61,Mathematics,Annual Exam,100,74.2
14957,624,62,Science,Unit Test 1,25,21.1
14958,624,62,Science,Unit Test 2,25,18.9
14959,624,62,Science,Half Yearly,100,78.3
14960,624,62,Science,Annual Exam,100,78.0
14961,624,63,English,Unit Test 1,25,17.6
14962,624,63,English,Unit Test 2,25,17.7
14963,624,63,English,Half Yearly,100,79.5
14964,624,63,English,Annual Exam,100,82.5
14965,624,64,Social Studies,Unit Test 1,25,22.7
14966,624,64,Social Studies,Unit Test 2,25,23.6
14967,624,64,Social Studies,Half Yearly,100,80.5
14968,624,64,Social Studies,Annual Exam,100,60.0
14969,624,65,Telugu,Unit Test 1,25,16.5
14970,624,65,Telugu,Unit Test 2,25,18.9
14971,624,65,Telugu,Half Yearly,100,76.8
14972,624,65,Telugu,Annual Exam,100,75.7
14973,624,66,Computer Science,Unit Test 1,25,17.8
14974,624,66,Computer Science,Unit Test 2,25,19.0
14975,624,66,Computer Science,Half Yearly,100,82.4
14976,624,66,Computer Science,Annual Exam,100,82.1
14977,625,61,Mathematics,Unit Test 1,25,21.4
14978,625,61,Mathematics,Unit Test 2,25,21.6
14979,625,61,Mathematics,Half Yearly,100,69.0
14980,625,61,Mathematics,Annual Exam,100,77.8
14981,625,62,Science,Unit Test 1,25,22.7
14982,625,62,Science,Unit Test 2,25,21.6
14983,625,62,Science,Half Yearly,100,95.1
14984,625,62,Science,Annual Exam,100,96.1
14985,625,63,English,Unit Test 1,25,21.4
14986,625,63,English,Unit Test 2,25,16.8
14987,625,63,English,Half Yearly,100,78.0
14988,625,63,English,Annual Exam,100,77.7
14989,625,64,Social Studies,Unit Test 1,25,22.3
14990,625,64,Social Studies,Unit Test 2,25,25.0
14991,625,64,Social Studies,Half Yearly,100,97.6
14992,625,64,Social Studies,Annual Exam,100,81.6
14993,625,65,Telugu,Unit Test 1,25,19.9
14994,625,65,Telugu,Unit Test 2,25,20.2
14995,625,65,Telugu,Half Yearly,100,70.4
14996,625,65,Telugu,Annual Exam,100,79.0
14997,625,66,Computer Science,Unit Test 1,25,22.8
14998,625,66,Computer Science,Unit Test 2,25,21.7
14999,625,66,Computer Science,Half Yearly,100,78.2
15000,625,66,Computer Science,Annual Exam,100,78.0
15001,626,61,Mathematics,Unit Test 1,25,16.3
15002,626,61,Mathematics,Unit Test 2,25,12.2
15003,626,61,Mathematics,Half Yearly,100,52.7
15004,626,61,Mathematics,Annual Exam,100,60.7
15005,626,62,Science,Unit Test 1,25,13.5
15006,626,62,Science,Unit Test 2,25,13.6
15007,626,62,Science,Half Yearly,100,63.2
15008,626,62,Science,Annual Exam,100,60.4
15009,626,63,English,Unit Test 1,25,14.7
15010,626,63,English,Unit Test 2,25,16.0
15011,626,63,English,Half Yearly,100,48.5
15012,626,63,English,Annual Exam,100,56.0
15013,626,64,Social Studies,Unit Test 1,25,13.7
15014,626,64,Social Studies,Unit Test 2,25,14.2
15015,626,64,Social Studies,Half Yearly,100,74.3
15016,626,64,Social Studies,Annual Exam,100,56.3
15017,626,65,Telugu,Unit Test 1,25,17.9
15018,626,65,Telugu,Unit Test 2,25,12.9
15019,626,65,Telugu,Half Yearly,100,60.7
15020,626,65,Telugu,Annual Exam,100,73.8
15021,626,66,Computer Science,Unit Test 1,25,10.6
15022,626,66,Computer Science,Unit Test 2,25,15.6
15023,626,66,Computer Science,Half Yearly,100,45.9
15024,626,66,Computer Science,Annual Exam,100,63.2
15025,627,61,Mathematics,Unit Test 1,25,14.2
15026,627,61,Mathematics,Unit Test 2,25,16.0
15027,627,61,Mathematics,Half Yearly,100,78.4
15028,627,61,Mathematics,Annual Exam,100,56.9
15029,627,62,Science,Unit Test 1,25,19.5
15030,627,62,Science,Unit Test 2,25,16.1
15031,627,62,Science,Half Yearly,100,76.6
15032,627,62,Science,Annual Exam,100,78.9
15033,627,63,English,Unit Test 1,25,14.0
15034,627,63,English,Unit Test 2,25,13.8
15035,627,63,English,Half Yearly,100,66.5
15036,627,63,English,Annual Exam,100,59.0
15037,627,64,Social Studies,Unit Test 1,25,14.9
15038,627,64,Social Studies,Unit Test 2,25,15.5
15039,627,64,Social Studies,Half Yearly,100,76.4
15040,627,64,Social Studies,Annual Exam,100,65.4
15041,627,65,Telugu,Unit Test 1,25,18.1
15042,627,65,Telugu,Unit Test 2,25,18.6
15043,627,65,Telugu,Half Yearly,100,80.2
15044,627,65,Telugu,Annual Exam,100,66.6
15045,627,66,Computer Science,Unit Test 1,25,16.1
15046,627,66,Computer Science,Unit Test 2,25,14.3
15047,627,66,Computer Science,Half Yearly,100,66.5
15048,627,66,Computer Science,Annual Exam,100,86.3
15049,628,61,Mathematics,Unit Test 1,25,10.9
15050,628,61,Mathematics,Unit Test 2,25,12.4
15051,628,61,Mathematics,Half Yearly,100,39.8
15052,628,61,Mathematics,Annual Exam,100,46.2
15053,628,62,Science,Unit Test 1,25,13.0
15054,628,62,Science,Unit Test 2,25,8.8
15055,628,62,Science,Half Yearly,100,51.2
15056,628,62,Science,Annual Exam,100,59.4
15057,628,63,English,Unit Test 1,25,11.6
15058,628,63,English,Unit Test 2,25,13.0
15059,628,63,English,Half Yearly,100,46.4
15060,628,63,English,Annual Exam,100,34.4
15061,628,64,Social Studies,Unit Test 1,25,7.8
15062,628,64,Social Studies,Unit Test 2,25,11.1
15063,628,64,Social Studies,Half Yearly,100,46.5
15064,628,64,Social Studies,Annual Exam,100,36.6
15065,628,65,Telugu,Unit Test 1,25,10.0
15066,628,65,Telugu,Unit Test 2,25,12.2
15067,628,65,Telugu,Half Yearly,100,58.3
15068,628,65,Telugu,Annual Exam,100,45.4
15069,628,66,Computer Science,Unit Test 1,25,12.8
15070,628,66,Computer Science,Unit Test 2,25,14.0
15071,628,66,Computer Science,Half Yearly,100,44.9
15072,628,66,Computer Science,Annual Exam,100,51.7
15073,629,61,Mathematics,Unit Test 1,25,19.0
15074,629,61,Mathematics,Unit Test 2,25,19.0
15075,629,61,Mathematics,Half Yearly,100,77.0
15076,629,61,Mathematics,Annual Exam,100,77.3
15077,629,62,Science,Unit Test 1,25,21.2
15078,629,62,Science,Unit Test 2,25,20.0
15079,629,62,Science,Half Yearly,100,55.8
15080,629,62,Science,Annual Exam,100,64.4
15081,629,63,English,Unit Test 1,25,18.6
15082,629,63,English,Unit Test 2,25,16.7
15083,629,63,English,Half Yearly,100,74.5
15084,629,63,English,Annual Exam,100,69.9
15085,629,64,Social Studies,Unit Test 1,25,25.0
15086,629,64,Social Studies,Unit Test 2,25,16.9
15087,629,64,Social Studies,Half Yearly,100,93.0
15088,629,64,Social Studies,Annual Exam,100,83.5
15089,629,65,Telugu,Unit Test 1,25,15.9
15090,629,65,Telugu,Unit Test 2,25,23.1
15091,629,65,Telugu,Half Yearly,100,86.8
15092,629,65,Telugu,Annual Exam,100,78.1
15093,629,66,Computer Science,Unit Test 1,25,19.6
15094,629,66,Computer Science,Unit Test 2,25,18.9
15095,629,66,Computer Science,Half Yearly,100,78.7
15096,629,66,Computer Science,Annual Exam,100,78.8
15097,630,61,Mathematics,Unit Test 1,25,20.5
15098,630,61,Mathematics,Unit Test 2,25,23.7
15099,630,61,Mathematics,Half Yearly,100,97.9
15100,630,61,Mathematics,Annual Exam,100,95.8
15101,630,62,Science,Unit Test 1,25,16.9
15102,630,62,Science,Unit Test 2,25,20.7
15103,630,62,Science,Half Yearly,100,73.4
15104,630,62,Science,Annual Exam,100,74.2
15105,630,63,English,Unit Test 1,25,19.2
15106,630,63,English,Unit Test 2,25,19.6
15107,630,63,English,Half Yearly,100,74.6
15108,630,63,English,Annual Exam,100,84.2
15109,630,64,Social Studies,Unit Test 1,25,20.9
15110,630,64,Social Studies,Unit Test 2,25,25.0
15111,630,64,Social Studies,Half Yearly,100,73.1
15112,630,64,Social Studies,Annual Exam,100,96.1
15113,630,65,Telugu,Unit Test 1,25,21.3
15114,630,65,Telugu,Unit Test 2,25,20.9
15115,630,65,Telugu,Half Yearly,100,77.8
15116,630,65,Telugu,Annual Exam,100,80.6
15117,630,66,Computer Science,Unit Test 1,25,19.8
15118,630,66,Computer Science,Unit Test 2,25,17.5
15119,630,66,Computer Science,Half Yearly,100,98.5
15120,630,66,Computer Science,Annual Exam,100,91.5
15121,631,61,Mathematics,Unit Test 1,25,19.4
15122,631,61,Mathematics,Unit Test 2,25,21.6
15123,631,61,Mathematics,Half Yearly,100,62.9
15124,631,61,Mathematics,Annual Exam,100,82.9
15125,631,62,Science,Unit Test 1,25,22.0
15126,631,62,Science,Unit Test 2,25,21.6
15127,631,62,Science,Half Yearly,100,67.8
15128,631,62,Science,Annual Exam,100,77.4
15129,631,63,English,Unit Test 1,25,14.7
15130,631,63,English,Unit Test 2,25,17.7
15131,631,63,English,Half Yearly,100,70.8
15132,631,63,English,Annual Exam,100,82.4
15133,631,64,Social Studies,Unit Test 1,25,16.9
15134,631,64,Social Studies,Unit Test 2,25,15.4
15135,631,64,Social Studies,Half Yearly,100,73.7
15136,631,64,Social Studies,Annual Exam,100,79.6
15137,631,65,Telugu,Unit Test 1,25,24.2
15138,631,65,Telugu,Unit Test 2,25,21.2
15139,631,65,Telugu,Half Yearly,100,92.0
15140,631,65,Telugu,Annual Exam,100,96.3
15141,631,66,Computer Science,Unit Test 1,25,19.5
15142,631,66,Computer Science,Unit Test 2,25,18.8
15143,631,66,Computer Science,Half Yearly,100,78.5
15144,631,66,Computer Science,Annual Exam,100,82.1
15145,632,61,Mathematics,Unit Test 1,25,22.0
15146,632,61,Mathematics,Unit Test 2,25,21.4
15147,632,61,Mathematics,Half Yearly,100,80.9
15148,632,61,Mathematics,Annual Exam,100,83.4
15149,632,62,Science,Unit Test 1,25,19.4
15150,632,62,Science,Unit Test 2,25,18.6
15151,632,62,Science,Half Yearly,100,78.8
15152,632,62,Science,Annual Exam,100,75.2
15153,632,63,English,Unit Test 1,25,18.2
15154,632,63,English,Unit Test 2,25,16.8
15155,632,63,English,Half Yearly,100,94.1
15156,632,63,English,Annual Exam,100,76.4
15157,632,64,Social Studies,Unit Test 1,25,20.1
15158,632,64,Social Studies,Unit Test 2,25,22.3
15159,632,64,Social Studies,Half Yearly,100,100.0
15160,632,64,Social Studies,Annual Exam,100,97.4
15161,632,65,Telugu,Unit Test 1,25,16.5
15162,632,65,Telugu,Unit Test 2,25,19.1
15163,632,65,Telugu,Half Yearly,100,79.7
15164,632,65,Telugu,Annual Exam,100,78.1
15165,632,66,Computer Science,Unit Test 1,25,20.4
15166,632,66,Computer Science,Unit Test 2,25,24.4
15167,632,66,Computer Science,Half Yearly,100,86.4
15168,632,66,Computer Science,Annual Exam,100,96.0
15169,633,61,Mathematics,Unit Test 1,25,12.9
15170,633,61,Mathematics,Unit Test 2,25,14.5
15171,633,61,Mathematics,Half Yearly,100,47.2
15172,633,61,Mathematics,Annual Exam,100,48.7
15173,633,62,Science,Unit Test 1,25,10.3
15174,633,62,Science,Unit Test 2,25,6.3
15175,633,62,Science,Half Yearly,100,25.5
15176,633,62,Science,Annual Exam,100,38.4
15177,633,63,English,Unit Test 1,25,5.4
15178,633,63,English,Unit Test 2,25,11.4
15179,633,63,English,Half Yearly,100,40.9
15180,633,63,English,Annual Exam,100,43.8
15181,633,64,Social Studies,Unit Test 1,25,9.9
15182,633,64,Social Studies,Unit Test 2,25,12.1
15183,633,64,Social Studies,Half Yearly,100,31.8
15184,633,64,Social Studies,Annual Exam,100,58.9
15185,633,65,Telugu,Unit Test 1,25,13.9
15186,633,65,Telugu,Unit Test 2,25,12.0
15187,633,65,Telugu,Half Yearly,100,36.3
15188,633,65,Telugu,Annual Exam,100,53.9
15189,633,66,Computer Science,Unit Test 1,25,9.1
15190,633,66,Computer Science,Unit Test 2,25,6.9
15191,633,66,Computer Science,Half Yearly,100,36.3
15192,633,66,Computer Science,Annual Exam,100,24.5
15193,634,61,Mathematics,Unit Test 1,25,14.3
15194,634,61,Mathematics,Unit Test 2,25,13.6
15195,634,61,Mathematics,Half Yearly,100,35.6
15196,634,61,Mathematics,Annual Exam,100,55.1
15197,634,62,Science,Unit Test 1,25,11.9
15198,634,62,Science,Unit Test 2,25,12.1
15199,634,62,Science,Half Yearly,100,36.9
15200,634,62,Science,Annual Exam,100,46.8
15201,634,63,English,Unit Test 1,25,19.0
15202,634,63,English,Unit Test 2,25,16.0
15203,634,63,English,Half Yearly,100,63.1
15204,634,63,English,Annual Exam,100,62.7
15205,634,64,Social Studies,Unit Test 1,25,11.6
15206,634,64,Social Studies,Unit Test 2,25,14.0
15207,634,64,Social Studies,Half Yearly,100,55.1
15208,634,64,Social Studies,Annual Exam,100,53.4
15209,634,65,Telugu,Unit Test 1,25,12.8
15210,634,65,Telugu,Unit Test 2,25,15.0
15211,634,65,Telugu,Half Yearly,100,44.5
15212,634,65,Telugu,Annual Exam,100,44.1
15213,634,66,Computer Science,Unit Test 1,25,13.0
15214,634,66,Computer Science,Unit Test 2,25,12.9
15215,634,66,Computer Science,Half Yearly,100,68.2
15216,634,66,Computer Science,Annual Exam,100,47.6
15217,635,61,Mathematics,Unit Test 1,25,13.8
15218,635,61,Mathematics,Unit Test 2,25,16.1
15219,635,61,Mathematics,Half Yearly,100,51.6
15220,635,61,Mathematics,Annual Exam,100,56.8
15221,635,62,Science,Unit Test 1,25,15.1
15222,635,62,Science,Unit Test 2,25,13.7
15223,635,62,Science,Half Yearly,100,67.2
15224,635,62,Science,Annual Exam,100,79.7
15225,635,63,English,Unit Test 1,25,18.4
15226,635,63,English,Unit Test 2,25,16.6
15227,635,63,English,Half Yearly,100,81.2
15228,635,63,English,Annual Exam,100,49.8
15229,635,64,Social Studies,Unit Test 1,25,18.6
15230,635,64,Social Studies,Unit Test 2,25,19.0
15231,635,64,Social Studies,Half Yearly,100,72.7
15232,635,64,Social Studies,Annual Exam,100,59.5
15233,635,65,Telugu,Unit Test 1,25,12.3
15234,635,65,Telugu,Unit Test 2,25,16.6
15235,635,65,Telugu,Half Yearly,100,60.0
15236,635,65,Telugu,Annual Exam,100,55.8
15237,635,66,Computer Science,Unit Test 1,25,17.1
15238,635,66,Computer Science,Unit Test 2,25,10.0
15239,635,66,Computer Science,Half Yearly,100,63.0
15240,635,66,Computer Science,Annual Exam,100,56.2
15241,636,61,Mathematics,Unit Test 1,25,20.5
15242,636,61,Mathematics,Unit Test 2,25,17.2
15243,636,61,Mathematics,Half Yearly,100,72.7
15244,636,61,Mathematics,Annual Exam,100,74.2
15245,636,62,Science,Unit Test 1,25,15.5
15246,636,62,Science,Unit Test 2,25,17.3
15247,636,62,Science,Half Yearly,100,64.7
15248,636,62,Science,Annual Exam,100,65.9
15249,636,63,English,Unit Test 1,25,20.2
15250,636,63,English,Unit Test 2,25,19.8
15251,636,63,English,Half Yearly,100,73.8
15252,636,63,English,Annual Exam,100,93.7
15253,636,64,Social Studies,Unit Test 1,25,20.7
15254,636,64,Social Studies,Unit Test 2,25,20.5
15255,636,64,Social Studies,Half Yearly,100,85.6
15256,636,64,Social Studies,Annual Exam,100,83.9
15257,636,65,Telugu,Unit Test 1,25,21.6
15258,636,65,Telugu,Unit Test 2,25,18.4
15259,636,65,Telugu,Half Yearly,100,81.1
15260,636,65,Telugu,Annual Exam,100,95.8
15261,636,66,Computer Science,Unit Test 1,25,16.4
15262,636,66,Computer Science,Unit Test 2,25,16.2
15263,636,66,Computer Science,Half Yearly,100,73.3
15264,636,66,Computer Science,Annual Exam,100,64.1
15265,637,61,Mathematics,Unit Test 1,25,20.6
15266,637,61,Mathematics,Unit Test 2,25,24.6
15267,637,61,Mathematics,Half Yearly,100,95.0
15268,637,61,Mathematics,Annual Exam,100,91.2
15269,637,62,Science,Unit Test 1,25,18.3
15270,637,62,Science,Unit Test 2,25,15.8
15271,637,62,Science,Half Yearly,100,61.1
15272,637,62,Science,Annual Exam,100,61.1
15273,637,63,English,Unit Test 1,25,15.6
15274,637,63,English,Unit Test 2,25,20.1
15275,637,63,English,Half Yearly,100,82.1
15276,637,63,English,Annual Exam,100,73.5
15277,637,64,Social Studies,Unit Test 1,25,12.2
15278,637,64,Social Studies,Unit Test 2,25,15.6
15279,637,64,Social Studies,Half Yearly,100,61.9
15280,637,64,Social Studies,Annual Exam,100,52.6
15281,637,65,Telugu,Unit Test 1,25,16.3
15282,637,65,Telugu,Unit Test 2,25,18.8
15283,637,65,Telugu,Half Yearly,100,82.9
15284,637,65,Telugu,Annual Exam,100,66.8
15285,637,66,Computer Science,Unit Test 1,25,15.8
15286,637,66,Computer Science,Unit Test 2,25,17.7
15287,637,66,Computer Science,Half Yearly,100,56.6
15288,637,66,Computer Science,Annual Exam,100,63.6
15289,638,61,Mathematics,Unit Test 1,25,22.2
15290,638,61,Mathematics,Unit Test 2,25,22.7
15291,638,61,Mathematics,Half Yearly,100,96.6
15292,638,61,Mathematics,Annual Exam,100,81.5
15293,638,62,Science,Unit Test 1,25,25.0
15294,638,62,Science,Unit Test 2,25,25.0
15295,638,62,Science,Half Yearly,100,100.0
15296,638,62,Science,Annual Exam,100,100.0
15297,638,63,English,Unit Test 1,25,24.3
15298,638,63,English,Unit Test 2,25,24.8
15299,638,63,English,Half Yearly,100,96.2
15300,638,63,English,Annual Exam,100,96.8
15301,638,64,Social Studies,Unit Test 1,25,25.0
15302,638,64,Social Studies,Unit Test 2,25,25.0
15303,638,64,Social Studies,Half Yearly,100,100.0
15304,638,64,Social Studies,Annual Exam,100,100.0
15305,638,65,Telugu,Unit Test 1,25,19.5
15306,638,65,Telugu,Unit Test 2,25,20.8
15307,638,65,Telugu,Half Yearly,100,94.6
15308,638,65,Telugu,Annual Exam,100,87.1
15309,638,66,Computer Science,Unit Test 1,25,23.3
15310,638,66,Computer Science,Unit Test 2,25,25.0
15311,638,66,Computer Science,Half Yearly,100,100.0
15312,638,66,Computer Science,Annual Exam,100,95.1
15313,639,61,Mathematics,Unit Test 1,25,16.0
15314,639,61,Mathematics,Unit Test 2,25,11.4
15315,639,61,Mathematics,Half Yearly,100,46.4
15316,639,61,Mathematics,Annual Exam,100,55.6
15317,639,62,Science,Unit Test 1,25,11.2
15318,639,62,Science,Unit Test 2,25,8.7
15319,639,62,Science,Half Yearly,100,41.2
15320,639,62,Science,Annual Exam,100,47.4
15321,639,63,English,Unit Test 1,25,14.0
15322,639,63,English,Unit Test 2,25,12.2
15323,639,63,English,Half Yearly,100,63.7
15324,639,63,English,Annual Exam,100,58.3
15325,639,64,Social Studies,Unit Test 1,25,9.0
15326,639,64,Social Studies,Unit Test 2,25,10.4
15327,639,64,Social Studies,Half Yearly,100,55.5
15328,639,64,Social Studies,Annual Exam,100,61.5
15329,639,65,Telugu,Unit Test 1,25,11.7
15330,639,65,Telugu,Unit Test 2,25,13.2
15331,639,65,Telugu,Half Yearly,100,35.0
15332,639,65,Telugu,Annual Exam,100,28.0
15333,639,66,Computer Science,Unit Test 1,25,10.4
15334,639,66,Computer Science,Unit Test 2,25,7.8
15335,639,66,Computer Science,Half Yearly,100,28.8
15336,639,66,Computer Science,Annual Exam,100,42.9
15337,640,61,Mathematics,Unit Test 1,25,20.0
15338,640,61,Mathematics,Unit Test 2,25,19.6
15339,640,61,Mathematics,Half Yearly,100,95.4
15340,640,61,Mathematics,Annual Exam,100,86.8
15341,640,62,Science,Unit Test 1,25,17.9
15342,640,62,Science,Unit Test 2,25,21.4
15343,640,62,Science,Half Yearly,100,95.2
15344,640,62,Science,Annual Exam,100,85.9
15345,640,63,English,Unit Test 1,25,18.6
15346,640,63,English,Unit Test 2,25,18.6
15347,640,63,English,Half Yearly,100,91.9
15348,640,63,English,Annual Exam,100,88.3
15349,640,64,Social Studies,Unit Test 1,25,22.2
15350,640,64,Social Studies,Unit Test 2,25,21.8
15351,640,64,Social Studies,Half Yearly,100,92.0
15352,640,64,Social Studies,Annual Exam,100,95.9
15353,640,65,Telugu,Unit Test 1,25,21.1
15354,640,65,Telugu,Unit Test 2,25,20.2
15355,640,65,Telugu,Half Yearly,100,91.1
15356,640,65,Telugu,Annual Exam,100,75.2
15357,640,66,Computer Science,Unit Test 1,25,24.2
15358,640,66,Computer Science,Unit Test 2,25,22.2
15359,640,66,Computer Science,Half Yearly,100,73.4
15360,640,66,Computer Science,Annual Exam,100,87.7
15361,641,61,Mathematics,Unit Test 1,25,22.0
15362,641,61,Mathematics,Unit Test 2,25,20.8
15363,641,61,Mathematics,Half Yearly,100,83.2
15364,641,61,Mathematics,Annual Exam,100,89.2
15365,641,62,Science,Unit Test 1,25,25.0
15366,641,62,Science,Unit Test 2,25,21.4
15367,641,62,Science,Half Yearly,100,87.9
15368,641,62,Science,Annual Exam,100,86.9
15369,641,63,English,Unit Test 1,25,22.0
15370,641,63,English,Unit Test 2,25,21.8
15371,641,63,English,Half Yearly,100,83.6
15372,641,63,English,Annual Exam,100,98.6
15373,641,64,Social Studies,Unit Test 1,25,16.6
15374,641,64,Social Studies,Unit Test 2,25,22.0
15375,641,64,Social Studies,Half Yearly,100,86.7
15376,641,64,Social Studies,Annual Exam,100,87.2
15377,641,65,Telugu,Unit Test 1,25,25.0
15378,641,65,Telugu,Unit Test 2,25,19.3
15379,641,65,Telugu,Half Yearly,100,69.5
15380,641,65,Telugu,Annual Exam,100,78.2
15381,641,66,Computer Science,Unit Test 1,25,17.7
15382,641,66,Computer Science,Unit Test 2,25,19.0
15383,641,66,Computer Science,Half Yearly,100,75.6
15384,641,66,Computer Science,Annual Exam,100,84.3
15385,642,61,Mathematics,Unit Test 1,25,22.6
15386,642,61,Mathematics,Unit Test 2,25,20.2
15387,642,61,Mathematics,Half Yearly,100,72.0
15388,642,61,Mathematics,Annual Exam,100,84.4
15389,642,62,Science,Unit Test 1,25,24.0
15390,642,62,Science,Unit Test 2,25,23.0
15391,642,62,Science,Half Yearly,100,90.3
15392,642,62,Science,Annual Exam,100,100.0
15393,642,63,English,Unit Test 1,25,22.8
15394,642,63,English,Unit Test 2,25,23.7
15395,642,63,English,Half Yearly,100,86.1
15396,642,63,English,Annual Exam,100,96.3
15397,642,64,Social Studies,Unit Test 1,25,21.2
15398,642,64,Social Studies,Unit Test 2,25,22.7
15399,642,64,Social Studies,Half Yearly,100,99.7
15400,642,64,Social Studies,Annual Exam,100,92.1
15401,642,65,Telugu,Unit Test 1,25,24.0
15402,642,65,Telugu,Unit Test 2,25,20.9
15403,642,65,Telugu,Half Yearly,100,83.3
15404,642,65,Telugu,Annual Exam,100,87.4
15405,642,66,Computer Science,Unit Test 1,25,22.7
15406,642,66,Computer Science,Unit Test 2,25,21.9
15407,642,66,Computer Science,Half Yearly,100,91.0
15408,642,66,Computer Science,Annual Exam,100,92.4
15409,643,61,Mathematics,Unit Test 1,25,19.5
15410,643,61,Mathematics,Unit Test 2,25,18.7
15411,643,61,Mathematics,Half Yearly,100,74.4
15412,643,61,Mathematics,Annual Exam,100,69.5
15413,643,62,Science,Unit Test 1,25,19.5
15414,643,62,Science,Unit Test 2,25,20.4
15415,643,62,Science,Half Yearly,100,65.5
15416,643,62,Science,Annual Exam,100,92.7
15417,643,63,English,Unit Test 1,25,17.6
15418,643,63,English,Unit Test 2,25,14.7
15419,643,63,English,Half Yearly,100,76.0
15420,643,63,English,Annual Exam,100,60.0
15421,643,64,Social Studies,Unit Test 1,25,15.3
15422,643,64,Social Studies,Unit Test 2,25,22.0
15423,643,64,Social Studies,Half Yearly,100,67.7
15424,643,64,Social Studies,Annual Exam,100,75.4
15425,643,65,Telugu,Unit Test 1,25,22.4
15426,643,65,Telugu,Unit Test 2,25,21.8
15427,643,65,Telugu,Half Yearly,100,77.1
15428,643,65,Telugu,Annual Exam,100,79.0
15429,643,66,Computer Science,Unit Test 1,25,18.7
15430,643,66,Computer Science,Unit Test 2,25,19.7
15431,643,66,Computer Science,Half Yearly,100,80.6
15432,643,66,Computer Science,Annual Exam,100,73.3
15433,644,61,Mathematics,Unit Test 1,25,7.4
15434,644,61,Mathematics,Unit Test 2,25,10.0
15435,644,61,Mathematics,Half Yearly,100,46.2
15436,644,61,Mathematics,Annual Exam,100,47.6
15437,644,62,Science,Unit Test 1,25,7.9
15438,644,62,Science,Unit Test 2,25,11.5
15439,644,62,Science,Half Yearly,100,41.5
15440,644,62,Science,Annual Exam,100,47.7
15441,644,63,English,Unit Test 1,25,9.0
15442,644,63,English,Unit Test 2,25,11.5
15443,644,63,English,Half Yearly,100,36.1
15444,644,63,English,Annual Exam,100,51.1
15445,644,64,Social Studies,Unit Test 1,25,9.5
15446,644,64,Social Studies,Unit Test 2,25,7.6
15447,644,64,Social Studies,Half Yearly,100,28.2
15448,644,64,Social Studies,Annual Exam,100,22.5
15449,644,65,Telugu,Unit Test 1,25,8.6
15450,644,65,Telugu,Unit Test 2,25,14.4
15451,644,65,Telugu,Half Yearly,100,42.9
15452,644,65,Telugu,Annual Exam,100,41.0
15453,644,66,Computer Science,Unit Test 1,25,11.8
15454,644,66,Computer Science,Unit Test 2,25,7.2
15455,644,66,Computer Science,Half Yearly,100,27.4
15456,644,66,Computer Science,Annual Exam,100,34.3
15457,645,61,Mathematics,Unit Test 1,25,18.2
15458,645,61,Mathematics,Unit Test 2,25,13.5
15459,645,61,Mathematics,Half Yearly,100,55.5
15460,645,61,Mathematics,Annual Exam,100,66.6
15461,645,62,Science,Unit Test 1,25,21.3
15462,645,62,Science,Unit Test 2,25,19.9
15463,645,62,Science,Half Yearly,100,76.3
15464,645,62,Science,Annual Exam,100,78.9
15465,645,63,English,Unit Test 1,25,13.6
15466,645,63,English,Unit Test 2,25,17.8
15467,645,63,English,Half Yearly,100,56.6
15468,645,63,English,Annual Exam,100,92.4
15469,645,64,Social Studies,Unit Test 1,25,16.1
15470,645,64,Social Studies,Unit Test 2,25,20.6
15471,645,64,Social Studies,Half Yearly,100,78.5
15472,645,64,Social Studies,Annual Exam,100,78.7
15473,645,65,Telugu,Unit Test 1,25,13.9
15474,645,65,Telugu,Unit Test 2,25,21.6
15475,645,65,Telugu,Half Yearly,100,67.6
15476,645,65,Telugu,Annual Exam,100,79.2
15477,645,66,Computer Science,Unit Test 1,25,21.4
15478,645,66,Computer Science,Unit Test 2,25,15.1
15479,645,66,Computer Science,Half Yearly,100,69.6
15480,645,66,Computer Science,Annual Exam,100,80.6
15481,646,61,Mathematics,Unit Test 1,25,21.9
15482,646,61,Mathematics,Unit Test 2,25,19.9
15483,646,61,Mathematics,Half Yearly,100,80.2
15484,646,61,Mathematics,Annual Exam,100,88.9
15485,646,62,Science,Unit Test 1,25,18.6
15486,646,62,Science,Unit Test 2,25,18.1
15487,646,62,Science,Half Yearly,100,72.6
15488,646,62,Science,Annual Exam,100,74.0
15489,646,63,English,Unit Test 1,25,22.2
15490,646,63,English,Unit Test 2,25,19.3
15491,646,63,English,Half Yearly,100,88.9
15492,646,63,English,Annual Exam,100,80.3
15493,646,64,Social Studies,Unit Test 1,25,21.1
15494,646,64,Social Studies,Unit Test 2,25,19.4
15495,646,64,Social Studies,Half Yearly,100,78.0
15496,646,64,Social Studies,Annual Exam,100,94.6
15497,646,65,Telugu,Unit Test 1,25,17.6
15498,646,65,Telugu,Unit Test 2,25,19.5
15499,646,65,Telugu,Half Yearly,100,68.0
15500,646,65,Telugu,Annual Exam,100,83.4
15501,646,66,Computer Science,Unit Test 1,25,25.0
15502,646,66,Computer Science,Unit Test 2,25,23.3
15503,646,66,Computer Science,Half Yearly,100,96.6
15504,646,66,Computer Science,Annual Exam,100,93.3
15505,647,61,Mathematics,Unit Test 1,25,25.0
15506,647,61,Mathematics,Unit Test 2,25,25.0
15507,647,61,Mathematics,Half Yearly,100,100.0
15508,647,61,Mathematics,Annual Exam,100,96.9
15509,647,62,Science,Unit Test 1,25,20.3
15510,647,62,Science,Unit Test 2,25,20.1
15511,647,62,Science,Half Yearly,100,83.3
15512,647,62,Science,Annual Exam,100,97.4
15513,647,63,English,Unit Test 1,25,19.6
15514,647,63,English,Unit Test 2,25,21.3
15515,647,63,English,Half Yearly,100,91.3
15516,647,63,English,Annual Exam,100,85.9
15517,647,64,Social Studies,Unit Test 1,25,25.0
15518,647,64,Social Studies,Unit Test 2,25,24.2
15519,647,64,Social Studies,Half Yearly,100,100.0
15520,647,64,Social Studies,Annual Exam,100,100.0
15521,647,65,Telugu,Unit Test 1,25,25.0
15522,647,65,Telugu,Unit Test 2,25,25.0
15523,647,65,Telugu,Half Yearly,100,77.2
15524,647,65,Telugu,Annual Exam,100,100.0
15525,647,66,Computer Science,Unit Test 1,25,24.4
15526,647,66,Computer Science,Unit Test 2,25,25.0
15527,647,66,Computer Science,Half Yearly,100,100.0
15528,647,66,Computer Science,Annual Exam,100,100.0
15529,648,61,Mathematics,Unit Test 1,25,17.5
15530,648,61,Mathematics,Unit Test 2,25,20.1
15531,648,61,Mathematics,Half Yearly,100,84.5
15532,648,61,Mathematics,Annual Exam,100,91.1
15533,648,62,Science,Unit Test 1,25,22.8
15534,648,62,Science,Unit Test 2,25,21.6
15535,648,62,Science,Half Yearly,100,93.0
15536,648,62,Science,Annual Exam,100,89.7
15537,648,63,English,Unit Test 1,25,21.4
15538,648,63,English,Unit Test 2,25,23.5
15539,648,63,English,Half Yearly,100,81.9
15540,648,63,English,Annual Exam,100,85.2
15541,648,64,Social Studies,Unit Test 1,25,25.0
15542,648,64,Social Studies,Unit Test 2,25,24.1
15543,648,64,Social Studies,Half Yearly,100,95.9
15544,648,64,Social Studies,Annual Exam,100,95.8
15545,648,65,Telugu,Unit Test 1,25,18.9
15546,648,65,Telugu,Unit Test 2,25,17.9
15547,648,65,Telugu,Half Yearly,100,96.0
15548,648,65,Telugu,Annual Exam,100,94.6
15549,648,66,Computer Science,Unit Test 1,25,23.0
15550,648,66,Computer Science,Unit Test 2,25,23.6
15551,648,66,Computer Science,Half Yearly,100,100.0
15552,648,66,Computer Science,Annual Exam,100,100.0
15553,649,61,Mathematics,Unit Test 1,25,15.4
15554,649,61,Mathematics,Unit Test 2,25,15.7
15555,649,61,Mathematics,Half Yearly,100,69.0
15556,649,61,Mathematics,Annual Exam,100,54.7
15557,649,62,Science,Unit Test 1,25,15.2
15558,649,62,Science,Unit Test 2,25,17.4
15559,649,62,Science,Half Yearly,100,65.6
15560,649,62,Science,Annual Exam,100,77.4
15561,649,63,English,Unit Test 1,25,17.1
15562,649,63,English,Unit Test 2,25,18.3
15563,649,63,English,Half Yearly,100,71.7
15564,649,63,English,Annual Exam,100,67.3
15565,649,64,Social Studies,Unit Test 1,25,14.5
15566,649,64,Social Studies,Unit Test 2,25,14.3
15567,649,64,Social Studies,Half Yearly,100,65.9
15568,649,64,Social Studies,Annual Exam,100,54.7
15569,649,65,Telugu,Unit Test 1,25,16.4
15570,649,65,Telugu,Unit Test 2,25,14.2
15571,649,65,Telugu,Half Yearly,100,47.6
15572,649,65,Telugu,Annual Exam,100,46.7
15573,649,66,Computer Science,Unit Test 1,25,16.8
15574,649,66,Computer Science,Unit Test 2,25,13.2
15575,649,66,Computer Science,Half Yearly,100,59.4
15576,649,66,Computer Science,Annual Exam,100,50.3
15577,650,61,Mathematics,Unit Test 1,25,13.5
15578,650,61,Mathematics,Unit Test 2,25,14.3
15579,650,61,Mathematics,Half Yearly,100,50.7
15580,650,61,Mathematics,Annual Exam,100,56.1
15581,650,62,Science,Unit Test 1,25,14.3
15582,650,62,Science,Unit Test 2,25,14.0
15583,650,62,Science,Half Yearly,100,62.1
15584,650,62,Science,Annual Exam,100,61.0
15585,650,63,English,Unit Test 1,25,16.0
15586,650,63,English,Unit Test 2,25,12.7
15587,650,63,English,Half Yearly,100,42.1
15588,650,63,English,Annual Exam,100,61.0
15589,650,64,Social Studies,Unit Test 1,25,14.1
15590,650,64,Social Studies,Unit Test 2,25,11.9
15591,650,64,Social Studies,Half Yearly,100,65.3
15592,650,64,Social Studies,Annual Exam,100,58.7
15593,650,65,Telugu,Unit Test 1,25,12.7
15594,650,65,Telugu,Unit Test 2,25,12.4
15595,650,65,Telugu,Half Yearly,100,47.3
15596,650,65,Telugu,Annual Exam,100,45.0
15597,650,66,Computer Science,Unit Test 1,25,8.6
15598,650,66,Computer Science,Unit Test 2,25,11.7
15599,650,66,Computer Science,Half Yearly,100,69.5
15600,650,66,Computer Science,Annual Exam,100,51.6
15601,651,61,Mathematics,Unit Test 1,25,15.5
15602,651,61,Mathematics,Unit Test 2,25,16.3
15603,651,61,Mathematics,Half Yearly,100,52.9
15604,651,61,Mathematics,Annual Exam,100,46.5
15605,651,62,Science,Unit Test 1,25,14.5
15606,651,62,Science,Unit Test 2,25,12.9
15607,651,62,Science,Half Yearly,100,64.3
15608,651,62,Science,Annual Exam,100,58.7
15609,651,63,English,Unit Test 1,25,17.9
15610,651,63,English,Unit Test 2,25,15.5
15611,651,63,English,Half Yearly,100,63.0
15612,651,63,English,Annual Exam,100,90.1
15613,651,64,Social Studies,Unit Test 1,25,17.6
15614,651,64,Social Studies,Unit Test 2,25,17.2
15615,651,64,Social Studies,Half Yearly,100,72.2
15616,651,64,Social Studies,Annual Exam,100,90.3
15617,651,65,Telugu,Unit Test 1,25,16.3
15618,651,65,Telugu,Unit Test 2,25,11.6
15619,651,65,Telugu,Half Yearly,100,57.2
15620,651,65,Telugu,Annual Exam,100,69.1
15621,651,66,Computer Science,Unit Test 1,25,16.8
15622,651,66,Computer Science,Unit Test 2,25,10.6
15623,651,66,Computer Science,Half Yearly,100,49.4
15624,651,66,Computer Science,Annual Exam,100,48.3
15625,652,61,Mathematics,Unit Test 1,25,22.2
15626,652,61,Mathematics,Unit Test 2,25,22.2
15627,652,61,Mathematics,Half Yearly,100,92.3
15628,652,61,Mathematics,Annual Exam,100,79.3
15629,652,62,Science,Unit Test 1,25,21.3
15630,652,62,Science,Unit Test 2,25,18.9
15631,652,62,Science,Half Yearly,100,87.8
15632,652,62,Science,Annual Exam,100,83.1
15633,652,63,English,Unit Test 1,25,22.7
15634,652,63,English,Unit Test 2,25,23.0
15635,652,63,English,Half Yearly,100,80.8
15636,652,63,English,Annual Exam,100,90.0
15637,652,64,Social Studies,Unit Test 1,25,20.2
15638,652,64,Social Studies,Unit Test 2,25,21.4
15639,652,64,Social Studies,Half Yearly,100,87.9
15640,652,64,Social Studies,Annual Exam,100,83.2
15641,652,65,Telugu,Unit Test 1,25,22.4
15642,652,65,Telugu,Unit Test 2,25,21.2
15643,652,65,Telugu,Half Yearly,100,89.9
15644,652,65,Telugu,Annual Exam,100,86.2
15645,652,66,Computer Science,Unit Test 1,25,23.7
15646,652,66,Computer Science,Unit Test 2,25,19.4
15647,652,66,Computer Science,Half Yearly,100,88.3
15648,652,66,Computer Science,Annual Exam,100,75.3
15649,653,61,Mathematics,Unit Test 1,25,21.7
15650,653,61,Mathematics,Unit Test 2,25,23.2
15651,653,61,Mathematics,Half Yearly,100,86.7
15652,653,61,Mathematics,Annual Exam,100,100.0
15653,653,62,Science,Unit Test 1,25,24.6
15654,653,62,Science,Unit Test 2,25,19.1
15655,653,62,Science,Half Yearly,100,56.9
15656,653,62,Science,Annual Exam,100,75.4
15657,653,63,English,Unit Test 1,25,18.9
15658,653,63,English,Unit Test 2,25,20.7
15659,653,63,English,Half Yearly,100,81.9
15660,653,63,English,Annual Exam,100,75.7
15661,653,64,Social Studies,Unit Test 1,25,20.3
15662,653,64,Social Studies,Unit Test 2,25,19.1
15663,653,64,Social Studies,Half Yearly,100,70.3
15664,653,64,Social Studies,Annual Exam,100,60.1
15665,653,65,Telugu,Unit Test 1,25,20.3
15666,653,65,Telugu,Unit Test 2,25,21.1
15667,653,65,Telugu,Half Yearly,100,81.3
15668,653,65,Telugu,Annual Exam,100,67.0
15669,653,66,Computer Science,Unit Test 1,25,19.9
15670,653,66,Computer Science,Unit Test 2,25,19.2
15671,653,66,Computer Science,Half Yearly,100,87.4
15672,653,66,Computer Science,Annual Exam,100,64.6
15673,654,61,Mathematics,Unit Test 1,25,20.5
15674,654,61,Mathematics,Unit Test 2,25,20.8
15675,654,61,Mathematics,Half Yearly,100,84.0
15676,654,61,Mathematics,Annual Exam,100,85.5
15677,654,62,Science,Unit Test 1,25,21.3
15678,654,62,Science,Unit Test 2,25,18.7
15679,654,62,Science,Half Yearly,100,74.1
15680,654,62,Science,Annual Exam,100,79.7
15681,654,63,English,Unit Test 1,25,19.8
15682,654,63,English,Unit Test 2,25,14.5
15683,654,63,English,Half Yearly,100,62.0
15684,654,63,English,Annual Exam,100,71.6
15685,654,64,Social Studies,Unit Test 1,25,17.8
15686,654,64,Social Studies,Unit Test 2,25,17.5
15687,654,64,Social Studies,Half Yearly,100,87.1
15688,654,64,Social Studies,Annual Exam,100,66.1
15689,654,65,Telugu,Unit Test 1,25,19.6
15690,654,65,Telugu,Unit Test 2,25,17.1
15691,654,65,Telugu,Half Yearly,100,66.4
15692,654,65,Telugu,Annual Exam,100,61.7
15693,654,66,Computer Science,Unit Test 1,25,20.9
15694,654,66,Computer Science,Unit Test 2,25,12.4
15695,654,66,Computer Science,Half Yearly,100,65.3
15696,654,66,Computer Science,Annual Exam,100,79.4
15697,655,61,Mathematics,Unit Test 1,25,17.7
15698,655,61,Mathematics,Unit Test 2,25,17.7
15699,655,61,Mathematics,Half Yearly,100,81.5
15700,655,61,Mathematics,Annual Exam,100,72.4
15701,655,62,Science,Unit Test 1,25,14.3
15702,655,62,Science,Unit Test 2,25,19.4
15703,655,62,Science,Half Yearly,100,64.9
15704,655,62,Science,Annual Exam,100,56.7
15705,655,63,English,Unit Test 1,25,22.3
15706,655,63,English,Unit Test 2,25,21.5
15707,655,63,English,Half Yearly,100,73.5
15708,655,63,English,Annual Exam,100,94.4
15709,655,64,Social Studies,Unit Test 1,25,20.9
15710,655,64,Social Studies,Unit Test 2,25,19.4
15711,655,64,Social Studies,Half Yearly,100,68.1
15712,655,64,Social Studies,Annual Exam,100,87.4
15713,655,65,Telugu,Unit Test 1,25,17.0
15714,655,65,Telugu,Unit Test 2,25,19.0
15715,655,65,Telugu,Half Yearly,100,71.9
15716,655,65,Telugu,Annual Exam,100,67.5
15717,655,66,Computer Science,Unit Test 1,25,16.9
15718,655,66,Computer Science,Unit Test 2,25,17.6
15719,655,66,Computer Science,Half Yearly,100,67.6
15720,655,66,Computer Science,Annual Exam,100,66.0
15721,656,61,Mathematics,Unit Test 1,25,24.0
15722,656,61,Mathematics,Unit Test 2,25,22.8
15723,656,61,Mathematics,Half Yearly,100,94.3
15724,656,61,Mathematics,Annual Exam,100,100.0
15725,656,62,Science,Unit Test 1,25,19.9
15726,656,62,Science,Unit Test 2,25,25.0
15727,656,62,Science,Half Yearly,100,86.8
15728,656,62,Science,Annual Exam,100,84.6
15729,656,63,English,Unit Test 1,25,20.3
15730,656,63,English,Unit Test 2,25,20.7
15731,656,63,English,Half Yearly,100,84.4
15732,656,63,English,Annual Exam,100,82.4
15733,656,64,Social Studies,Unit Test 1,25,23.7
15734,656,64,Social Studies,Unit Test 2,25,18.3
15735,656,64,Social Studies,Half Yearly,100,72.6
15736,656,64,Social Studies,Annual Exam,100,90.3
15737,656,65,Telugu,Unit Test 1,25,25.0
15738,656,65,Telugu,Unit Test 2,25,21.2
15739,656,65,Telugu,Half Yearly,100,94.1
15740,656,65,Telugu,Annual Exam,100,89.3
15741,656,66,Computer Science,Unit Test 1,25,20.4
15742,656,66,Computer Science,Unit Test 2,25,21.8
15743,656,66,Computer Science,Half Yearly,100,87.7
15744,656,66,Computer Science,Annual Exam,100,97.8
15745,657,61,Mathematics,Unit Test 1,25,15.6
15746,657,61,Mathematics,Unit Test 2,25,15.5
15747,657,61,Mathematics,Half Yearly,100,51.7
15748,657,61,Mathematics,Annual Exam,100,64.0
15749,657,62,Science,Unit Test 1,25,17.0
15750,657,62,Science,Unit Test 2,25,19.8
15751,657,62,Science,Half Yearly,100,70.7
15752,657,62,Science,Annual Exam,100,59.9
15753,657,63,English,Unit Test 1,25,15.9
15754,657,63,English,Unit Test 2,25,13.9
15755,657,63,English,Half Yearly,100,60.7
15756,657,63,English,Annual Exam,100,53.5
15757,657,64,Social Studies,Unit Test 1,25,15.5
15758,657,64,Social Studies,Unit Test 2,25,15.5
15759,657,64,Social Studies,Half Yearly,100,60.7
15760,657,64,Social Studies,Annual Exam,100,78.3
15761,657,65,Telugu,Unit Test 1,25,18.0
15762,657,65,Telugu,Unit Test 2,25,14.5
15763,657,65,Telugu,Half Yearly,100,76.0
15764,657,65,Telugu,Annual Exam,100,67.6
15765,657,66,Computer Science,Unit Test 1,25,14.8
15766,657,66,Computer Science,Unit Test 2,25,22.2
15767,657,66,Computer Science,Half Yearly,100,76.0
15768,657,66,Computer Science,Annual Exam,100,53.6
15769,658,61,Mathematics,Unit Test 1,25,19.3
15770,658,61,Mathematics,Unit Test 2,25,17.1
15771,658,61,Mathematics,Half Yearly,100,64.7
15772,658,61,Mathematics,Annual Exam,100,51.5
15773,658,62,Science,Unit Test 1,25,15.0
15774,658,62,Science,Unit Test 2,25,17.1
15775,658,62,Science,Half Yearly,100,53.2
15776,658,62,Science,Annual Exam,100,65.1
15777,658,63,English,Unit Test 1,25,12.5
15778,658,63,English,Unit Test 2,25,14.4
15779,658,63,English,Half Yearly,100,60.4
15780,658,63,English,Annual Exam,100,39.8
15781,658,64,Social Studies,Unit Test 1,25,11.9
15782,658,64,Social Studies,Unit Test 2,25,13.5
15783,658,64,Social Studies,Half Yearly,100,63.2
15784,658,64,Social Studies,Annual Exam,100,50.1
15785,658,65,Telugu,Unit Test 1,25,16.3
15786,658,65,Telugu,Unit Test 2,25,17.2
15787,658,65,Telugu,Half Yearly,100,58.0
15788,658,65,Telugu,Annual Exam,100,67.0
15789,658,66,Computer Science,Unit Test 1,25,16.5
15790,658,66,Computer Science,Unit Test 2,25,14.2
15791,658,66,Computer Science,Half Yearly,100,66.2
15792,658,66,Computer Science,Annual Exam,100,66.7
15793,659,61,Mathematics,Unit Test 1,25,18.4
15794,659,61,Mathematics,Unit Test 2,25,15.9
15795,659,61,Mathematics,Half Yearly,100,82.2
15796,659,61,Mathematics,Annual Exam,100,61.7
15797,659,62,Science,Unit Test 1,25,12.5
15798,659,62,Science,Unit Test 2,25,12.5
15799,659,62,Science,Half Yearly,100,69.5
15800,659,62,Science,Annual Exam,100,60.1
15801,659,63,English,Unit Test 1,25,15.4
15802,659,63,English,Unit Test 2,25,17.4
15803,659,63,English,Half Yearly,100,70.7
15804,659,63,English,Annual Exam,100,57.4
15805,659,64,Social Studies,Unit Test 1,25,18.8
15806,659,64,Social Studies,Unit Test 2,25,19.3
15807,659,64,Social Studies,Half Yearly,100,72.9
15808,659,64,Social Studies,Annual Exam,100,67.6
15809,659,65,Telugu,Unit Test 1,25,15.4
15810,659,65,Telugu,Unit Test 2,25,18.6
15811,659,65,Telugu,Half Yearly,100,59.8
15812,659,65,Telugu,Annual Exam,100,80.5
15813,659,66,Computer Science,Unit Test 1,25,21.6
15814,659,66,Computer Science,Unit Test 2,25,18.9
15815,659,66,Computer Science,Half Yearly,100,68.3
15816,659,66,Computer Science,Annual Exam,100,86.2
15817,660,61,Mathematics,Unit Test 1,25,19.8
15818,660,61,Mathematics,Unit Test 2,25,11.9
15819,660,61,Mathematics,Half Yearly,100,71.5
15820,660,61,Mathematics,Annual Exam,100,62.6
15821,660,62,Science,Unit Test 1,25,15.9
15822,660,62,Science,Unit Test 2,25,14.5
15823,660,62,Science,Half Yearly,100,79.2
15824,660,62,Science,Annual Exam,100,72.2
15825,660,63,English,Unit Test 1,25,17.3
15826,660,63,English,Unit Test 2,25,14.0
15827,660,63,English,Half Yearly,100,61.9
15828,660,63,English,Annual Exam,100,65.5
15829,660,64,Social Studies,Unit Test 1,25,14.7
15830,660,64,Social Studies,Unit Test 2,25,17.9
15831,660,64,Social Studies,Half Yearly,100,67.4
15832,660,64,Social Studies,Annual Exam,100,61.3
15833,660,65,Telugu,Unit Test 1,25,15.0
15834,660,65,Telugu,Unit Test 2,25,17.7
15835,660,65,Telugu,Half Yearly,100,70.6
15836,660,65,Telugu,Annual Exam,100,56.5
15837,660,66,Computer Science,Unit Test 1,25,19.4
15838,660,66,Computer Science,Unit Test 2,25,16.9
15839,660,66,Computer Science,Half Yearly,100,48.7
15840,660,66,Computer Science,Annual Exam,100,71.8
15841,661,67,Mathematics,Unit Test 1,25,25.0
15842,661,67,Mathematics,Unit Test 2,25,25.0
15843,661,67,Mathematics,Half Yearly,100,95.8
15844,661,67,Mathematics,Annual Exam,100,100.0
15845,661,68,Science,Unit Test 1,25,21.4
15846,661,68,Science,Unit Test 2,25,25.0
15847,661,68,Science,Half Yearly,100,89.2
15848,661,68,Science,Annual Exam,100,89.1
15849,661,69,English,Unit Test 1,25,21.2
15850,661,69,English,Unit Test 2,25,23.3
15851,661,69,English,Half Yearly,100,89.5
15852,661,69,English,Annual Exam,100,89.1
15853,661,70,Social Studies,Unit Test 1,25,25.0
15854,661,70,Social Studies,Unit Test 2,25,23.8
15855,661,70,Social Studies,Half Yearly,100,100.0
15856,661,70,Social Studies,Annual Exam,100,100.0
15857,661,71,Telugu,Unit Test 1,25,25.0
15858,661,71,Telugu,Unit Test 2,25,25.0
15859,661,71,Telugu,Half Yearly,100,100.0
15860,661,71,Telugu,Annual Exam,100,100.0
15861,661,72,Computer Science,Unit Test 1,25,20.9
15862,661,72,Computer Science,Unit Test 2,25,25.0
15863,661,72,Computer Science,Half Yearly,100,92.3
15864,661,72,Computer Science,Annual Exam,100,95.6
15865,662,67,Mathematics,Unit Test 1,25,16.4
15866,662,67,Mathematics,Unit Test 2,25,12.5
15867,662,67,Mathematics,Half Yearly,100,73.5
15868,662,67,Mathematics,Annual Exam,100,79.4
15869,662,68,Science,Unit Test 1,25,19.2
15870,662,68,Science,Unit Test 2,25,20.7
15871,662,68,Science,Half Yearly,100,72.2
15872,662,68,Science,Annual Exam,100,81.3
15873,662,69,English,Unit Test 1,25,16.6
15874,662,69,English,Unit Test 2,25,17.4
15875,662,69,English,Half Yearly,100,76.9
15876,662,69,English,Annual Exam,100,81.1
15877,662,70,Social Studies,Unit Test 1,25,19.8
15878,662,70,Social Studies,Unit Test 2,25,17.7
15879,662,70,Social Studies,Half Yearly,100,61.2
15880,662,70,Social Studies,Annual Exam,100,60.4
15881,662,71,Telugu,Unit Test 1,25,19.9
15882,662,71,Telugu,Unit Test 2,25,17.5
15883,662,71,Telugu,Half Yearly,100,75.8
15884,662,71,Telugu,Annual Exam,100,66.1
15885,662,72,Computer Science,Unit Test 1,25,15.9
15886,662,72,Computer Science,Unit Test 2,25,14.2
15887,662,72,Computer Science,Half Yearly,100,74.0
15888,662,72,Computer Science,Annual Exam,100,55.5
15889,663,67,Mathematics,Unit Test 1,25,25.0
15890,663,67,Mathematics,Unit Test 2,25,25.0
15891,663,67,Mathematics,Half Yearly,100,100.0
15892,663,67,Mathematics,Annual Exam,100,99.2
15893,663,68,Science,Unit Test 1,25,25.0
15894,663,68,Science,Unit Test 2,25,25.0
15895,663,68,Science,Half Yearly,100,96.3
15896,663,68,Science,Annual Exam,100,100.0
15897,663,69,English,Unit Test 1,25,22.9
15898,663,69,English,Unit Test 2,25,25.0
15899,663,69,English,Half Yearly,100,95.4
15900,663,69,English,Annual Exam,100,95.4
15901,663,70,Social Studies,Unit Test 1,25,24.1
15902,663,70,Social Studies,Unit Test 2,25,24.2
15903,663,70,Social Studies,Half Yearly,100,100.0
15904,663,70,Social Studies,Annual Exam,100,80.6
15905,663,71,Telugu,Unit Test 1,25,25.0
15906,663,71,Telugu,Unit Test 2,25,25.0
15907,663,71,Telugu,Half Yearly,100,100.0
15908,663,71,Telugu,Annual Exam,100,100.0
15909,663,72,Computer Science,Unit Test 1,25,22.3
15910,663,72,Computer Science,Unit Test 2,25,25.0
15911,663,72,Computer Science,Half Yearly,100,92.8
15912,663,72,Computer Science,Annual Exam,100,100.0
15913,664,67,Mathematics,Unit Test 1,25,13.3
15914,664,67,Mathematics,Unit Test 2,25,12.5
15915,664,67,Mathematics,Half Yearly,100,47.2
15916,664,67,Mathematics,Annual Exam,100,59.6
15917,664,68,Science,Unit Test 1,25,10.8
15918,664,68,Science,Unit Test 2,25,10.1
15919,664,68,Science,Half Yearly,100,34.5
15920,664,68,Science,Annual Exam,100,51.2
15921,664,69,English,Unit Test 1,25,13.0
15922,664,69,English,Unit Test 2,25,13.5
15923,664,69,English,Half Yearly,100,42.3
15924,664,69,English,Annual Exam,100,40.6
15925,664,70,Social Studies,Unit Test 1,25,10.1
15926,664,70,Social Studies,Unit Test 2,25,13.2
15927,664,70,Social Studies,Half Yearly,100,46.6
15928,664,70,Social Studies,Annual Exam,100,48.3
15929,664,71,Telugu,Unit Test 1,25,13.7
15930,664,71,Telugu,Unit Test 2,25,9.0
15931,664,71,Telugu,Half Yearly,100,51.6
15932,664,71,Telugu,Annual Exam,100,45.7
15933,664,72,Computer Science,Unit Test 1,25,16.3
15934,664,72,Computer Science,Unit Test 2,25,14.6
15935,664,72,Computer Science,Half Yearly,100,58.7
15936,664,72,Computer Science,Annual Exam,100,61.2
15937,665,67,Mathematics,Unit Test 1,25,12.6
15938,665,67,Mathematics,Unit Test 2,25,14.5
15939,665,67,Mathematics,Half Yearly,100,42.6
15940,665,67,Mathematics,Annual Exam,100,45.0
15941,665,68,Science,Unit Test 1,25,8.7
15942,665,68,Science,Unit Test 2,25,9.9
15943,665,68,Science,Half Yearly,100,29.1
15944,665,68,Science,Annual Exam,100,34.4
15945,665,69,English,Unit Test 1,25,16.9
15946,665,69,English,Unit Test 2,25,16.7
15947,665,69,English,Half Yearly,100,76.0
15948,665,69,English,Annual Exam,100,65.2
15949,665,70,Social Studies,Unit Test 1,25,11.8
15950,665,70,Social Studies,Unit Test 2,25,10.2
15951,665,70,Social Studies,Half Yearly,100,37.1
15952,665,70,Social Studies,Annual Exam,100,30.6
15953,665,71,Telugu,Unit Test 1,25,13.1
15954,665,71,Telugu,Unit Test 2,25,12.6
15955,665,71,Telugu,Half Yearly,100,50.5
15956,665,71,Telugu,Annual Exam,100,29.1
15957,665,72,Computer Science,Unit Test 1,25,13.6
15958,665,72,Computer Science,Unit Test 2,25,16.2
15959,665,72,Computer Science,Half Yearly,100,66.0
15960,665,72,Computer Science,Annual Exam,100,50.2
15961,666,67,Mathematics,Unit Test 1,25,15.1
15962,666,67,Mathematics,Unit Test 2,25,17.4
15963,666,67,Mathematics,Half Yearly,100,48.9
15964,666,67,Mathematics,Annual Exam,100,62.2
15965,666,68,Science,Unit Test 1,25,18.5
15966,666,68,Science,Unit Test 2,25,21.4
15967,666,68,Science,Half Yearly,100,66.2
15968,666,68,Science,Annual Exam,100,76.2
15969,666,69,English,Unit Test 1,25,19.3
15970,666,69,English,Unit Test 2,25,16.4
15971,666,69,English,Half Yearly,100,60.7
15972,666,69,English,Annual Exam,100,57.3
15973,666,70,Social Studies,Unit Test 1,25,18.5
15974,666,70,Social Studies,Unit Test 2,25,19.4
15975,666,70,Social Studies,Half Yearly,100,74.3
15976,666,70,Social Studies,Annual Exam,100,77.1
15977,666,71,Telugu,Unit Test 1,25,15.7
15978,666,71,Telugu,Unit Test 2,25,15.0
15979,666,71,Telugu,Half Yearly,100,58.6
15980,666,71,Telugu,Annual Exam,100,53.6
15981,666,72,Computer Science,Unit Test 1,25,12.0
15982,666,72,Computer Science,Unit Test 2,25,15.3
15983,666,72,Computer Science,Half Yearly,100,60.3
15984,666,72,Computer Science,Annual Exam,100,48.5
15985,667,67,Mathematics,Unit Test 1,25,19.9
15986,667,67,Mathematics,Unit Test 2,25,19.4
15987,667,67,Mathematics,Half Yearly,100,94.8
15988,667,67,Mathematics,Annual Exam,100,83.2
15989,667,68,Science,Unit Test 1,25,18.6
15990,667,68,Science,Unit Test 2,25,19.3
15991,667,68,Science,Half Yearly,100,64.5
15992,667,68,Science,Annual Exam,100,70.0
15993,667,69,English,Unit Test 1,25,16.2
15994,667,69,English,Unit Test 2,25,15.9
15995,667,69,English,Half Yearly,100,74.4
15996,667,69,English,Annual Exam,100,76.1
15997,667,70,Social Studies,Unit Test 1,25,18.7
15998,667,70,Social Studies,Unit Test 2,25,16.3
15999,667,70,Social Studies,Half Yearly,100,63.4
16000,667,70,Social Studies,Annual Exam,100,83.6
16001,667,71,Telugu,Unit Test 1,25,20.1
16002,667,71,Telugu,Unit Test 2,25,20.3
16003,667,71,Telugu,Half Yearly,100,74.7
16004,667,71,Telugu,Annual Exam,100,81.4
16005,667,72,Computer Science,Unit Test 1,25,16.6
16006,667,72,Computer Science,Unit Test 2,25,19.0
16007,667,72,Computer Science,Half Yearly,100,58.7
16008,667,72,Computer Science,Annual Exam,100,63.7
16009,668,67,Mathematics,Unit Test 1,25,23.9
16010,668,67,Mathematics,Unit Test 2,25,21.2
16011,668,67,Mathematics,Half Yearly,100,69.5
16012,668,67,Mathematics,Annual Exam,100,72.6
16013,668,68,Science,Unit Test 1,25,23.8
16014,668,68,Science,Unit Test 2,25,23.8
16015,668,68,Science,Half Yearly,100,100.0
16016,668,68,Science,Annual Exam,100,95.8
16017,668,69,English,Unit Test 1,25,19.8
16018,668,69,English,Unit Test 2,25,17.2
16019,668,69,English,Half Yearly,100,71.4
16020,668,69,English,Annual Exam,100,75.6
16021,668,70,Social Studies,Unit Test 1,25,22.7
16022,668,70,Social Studies,Unit Test 2,25,22.4
16023,668,70,Social Studies,Half Yearly,100,87.4
16024,668,70,Social Studies,Annual Exam,100,85.3
16025,668,71,Telugu,Unit Test 1,25,21.4
16026,668,71,Telugu,Unit Test 2,25,22.4
16027,668,71,Telugu,Half Yearly,100,100.0
16028,668,71,Telugu,Annual Exam,100,93.0
16029,668,72,Computer Science,Unit Test 1,25,24.9
16030,668,72,Computer Science,Unit Test 2,25,20.3
16031,668,72,Computer Science,Half Yearly,100,94.7
16032,668,72,Computer Science,Annual Exam,100,80.2
16033,669,67,Mathematics,Unit Test 1,25,15.1
16034,669,67,Mathematics,Unit Test 2,25,14.2
16035,669,67,Mathematics,Half Yearly,100,47.1
16036,669,67,Mathematics,Annual Exam,100,38.0
16037,669,68,Science,Unit Test 1,25,15.6
16038,669,68,Science,Unit Test 2,25,13.4
16039,669,68,Science,Half Yearly,100,57.0
16040,669,68,Science,Annual Exam,100,73.0
16041,669,69,English,Unit Test 1,25,17.5
16042,669,69,English,Unit Test 2,25,19.9
16043,669,69,English,Half Yearly,100,90.7
16044,669,69,English,Annual Exam,100,55.6
16045,669,70,Social Studies,Unit Test 1,25,12.9
16046,669,70,Social Studies,Unit Test 2,25,18.7
16047,669,70,Social Studies,Half Yearly,100,59.3
16048,669,70,Social Studies,Annual Exam,100,56.9
16049,669,71,Telugu,Unit Test 1,25,12.6
16050,669,71,Telugu,Unit Test 2,25,12.7
16051,669,71,Telugu,Half Yearly,100,63.4
16052,669,71,Telugu,Annual Exam,100,66.5
16053,669,72,Computer Science,Unit Test 1,25,14.2
16054,669,72,Computer Science,Unit Test 2,25,13.3
16055,669,72,Computer Science,Half Yearly,100,54.5
16056,669,72,Computer Science,Annual Exam,100,71.8
16057,670,67,Mathematics,Unit Test 1,25,9.2
16058,670,67,Mathematics,Unit Test 2,25,13.6
16059,670,67,Mathematics,Half Yearly,100,45.6
16060,670,67,Mathematics,Annual Exam,100,51.2
16061,670,68,Science,Unit Test 1,25,10.6
16062,670,68,Science,Unit Test 2,25,12.0
16063,670,68,Science,Half Yearly,100,39.3
16064,670,68,Science,Annual Exam,100,44.7
16065,670,69,English,Unit Test 1,25,10.0
16066,670,69,English,Unit Test 2,25,7.6
16067,670,69,English,Half Yearly,100,47.6
16068,670,69,English,Annual Exam,100,50.6
16069,670,70,Social Studies,Unit Test 1,25,14.9
16070,670,70,Social Studies,Unit Test 2,25,11.0
16071,670,70,Social Studies,Half Yearly,100,59.3
16072,670,70,Social Studies,Annual Exam,100,50.1
16073,670,71,Telugu,Unit Test 1,25,12.9
16074,670,71,Telugu,Unit Test 2,25,15.9
16075,670,71,Telugu,Half Yearly,100,53.2
16076,670,71,Telugu,Annual Exam,100,59.7
16077,670,72,Computer Science,Unit Test 1,25,11.1
16078,670,72,Computer Science,Unit Test 2,25,12.0
16079,670,72,Computer Science,Half Yearly,100,45.7
16080,670,72,Computer Science,Annual Exam,100,52.2
16081,671,67,Mathematics,Unit Test 1,25,20.4
16082,671,67,Mathematics,Unit Test 2,25,21.0
16083,671,67,Mathematics,Half Yearly,100,77.3
16084,671,67,Mathematics,Annual Exam,100,71.3
16085,671,68,Science,Unit Test 1,25,20.9
16086,671,68,Science,Unit Test 2,25,22.1
16087,671,68,Science,Half Yearly,100,89.9
16088,671,68,Science,Annual Exam,100,90.9
16089,671,69,English,Unit Test 1,25,24.3
16090,671,69,English,Unit Test 2,25,18.8
16091,671,69,English,Half Yearly,100,90.1
16092,671,69,English,Annual Exam,100,82.0
16093,671,70,Social Studies,Unit Test 1,25,22.6
16094,671,70,Social Studies,Unit Test 2,25,16.5
16095,671,70,Social Studies,Half Yearly,100,84.5
16096,671,70,Social Studies,Annual Exam,100,72.5
16097,671,71,Telugu,Unit Test 1,25,22.8
16098,671,71,Telugu,Unit Test 2,25,20.1
16099,671,71,Telugu,Half Yearly,100,76.3
16100,671,71,Telugu,Annual Exam,100,74.7
16101,671,72,Computer Science,Unit Test 1,25,20.3
16102,671,72,Computer Science,Unit Test 2,25,23.5
16103,671,72,Computer Science,Half Yearly,100,100.0
16104,671,72,Computer Science,Annual Exam,100,89.2
16105,672,67,Mathematics,Unit Test 1,25,18.3
16106,672,67,Mathematics,Unit Test 2,25,17.7
16107,672,67,Mathematics,Half Yearly,100,62.1
16108,672,67,Mathematics,Annual Exam,100,51.8
16109,672,68,Science,Unit Test 1,25,11.7
16110,672,68,Science,Unit Test 2,25,11.2
16111,672,68,Science,Half Yearly,100,59.1
16112,672,68,Science,Annual Exam,100,46.8
16113,672,69,English,Unit Test 1,25,18.2
16114,672,69,English,Unit Test 2,25,12.9
16115,672,69,English,Half Yearly,100,65.6
16116,672,69,English,Annual Exam,100,59.4
16117,672,70,Social Studies,Unit Test 1,25,9.9
16118,672,70,Social Studies,Unit Test 2,25,13.2
16119,672,70,Social Studies,Half Yearly,100,46.0
16120,672,70,Social Studies,Annual Exam,100,54.6
16121,672,71,Telugu,Unit Test 1,25,20.1
16122,672,71,Telugu,Unit Test 2,25,13.1
16123,672,71,Telugu,Half Yearly,100,62.3
16124,672,71,Telugu,Annual Exam,100,65.3
16125,672,72,Computer Science,Unit Test 1,25,13.3
16126,672,72,Computer Science,Unit Test 2,25,11.8
16127,672,72,Computer Science,Half Yearly,100,45.5
16128,672,72,Computer Science,Annual Exam,100,48.1
16129,673,67,Mathematics,Unit Test 1,25,20.3
16130,673,67,Mathematics,Unit Test 2,25,18.2
16131,673,67,Mathematics,Half Yearly,100,74.6
16132,673,67,Mathematics,Annual Exam,100,72.4
16133,673,68,Science,Unit Test 1,25,20.9
16134,673,68,Science,Unit Test 2,25,15.9
16135,673,68,Science,Half Yearly,100,81.3
16136,673,68,Science,Annual Exam,100,90.5
16137,673,69,English,Unit Test 1,25,19.3
16138,673,69,English,Unit Test 2,25,19.1
16139,673,69,English,Half Yearly,100,71.5
16140,673,69,English,Annual Exam,100,86.5
16141,673,70,Social Studies,Unit Test 1,25,18.7
16142,673,70,Social Studies,Unit Test 2,25,14.1
16143,673,70,Social Studies,Half Yearly,100,69.7
16144,673,70,Social Studies,Annual Exam,100,65.4
16145,673,71,Telugu,Unit Test 1,25,19.0
16146,673,71,Telugu,Unit Test 2,25,15.5
16147,673,71,Telugu,Half Yearly,100,76.9
16148,673,71,Telugu,Annual Exam,100,79.2
16149,673,72,Computer Science,Unit Test 1,25,19.0
16150,673,72,Computer Science,Unit Test 2,25,19.5
16151,673,72,Computer Science,Half Yearly,100,79.3
16152,673,72,Computer Science,Annual Exam,100,75.2
16153,674,67,Mathematics,Unit Test 1,25,15.2
16154,674,67,Mathematics,Unit Test 2,25,13.3
16155,674,67,Mathematics,Half Yearly,100,60.5
16156,674,67,Mathematics,Annual Exam,100,46.0
16157,674,68,Science,Unit Test 1,25,13.7
16158,674,68,Science,Unit Test 2,25,16.8
16159,674,68,Science,Half Yearly,100,61.1
16160,674,68,Science,Annual Exam,100,61.7
16161,674,69,English,Unit Test 1,25,12.2
16162,674,69,English,Unit Test 2,25,13.5
16163,674,69,English,Half Yearly,100,59.3
16164,674,69,English,Annual Exam,100,72.2
16165,674,70,Social Studies,Unit Test 1,25,10.5
16166,674,70,Social Studies,Unit Test 2,25,12.4
16167,674,70,Social Studies,Half Yearly,100,61.6
16168,674,70,Social Studies,Annual Exam,100,54.5
16169,674,71,Telugu,Unit Test 1,25,14.7
16170,674,71,Telugu,Unit Test 2,25,14.4
16171,674,71,Telugu,Half Yearly,100,61.7
16172,674,71,Telugu,Annual Exam,100,55.3
16173,674,72,Computer Science,Unit Test 1,25,10.4
16174,674,72,Computer Science,Unit Test 2,25,12.4
16175,674,72,Computer Science,Half Yearly,100,57.0
16176,674,72,Computer Science,Annual Exam,100,70.3
16177,675,67,Mathematics,Unit Test 1,25,9.7
16178,675,67,Mathematics,Unit Test 2,25,11.3
16179,675,67,Mathematics,Half Yearly,100,45.5
16180,675,67,Mathematics,Annual Exam,100,41.2
16181,675,68,Science,Unit Test 1,25,6.5
16182,675,68,Science,Unit Test 2,25,11.7
16183,675,68,Science,Half Yearly,100,29.1
16184,675,68,Science,Annual Exam,100,44.0
16185,675,69,English,Unit Test 1,25,14.1
16186,675,69,English,Unit Test 2,25,12.1
16187,675,69,English,Half Yearly,100,43.8
16188,675,69,English,Annual Exam,100,44.2
16189,675,70,Social Studies,Unit Test 1,25,6.6
16190,675,70,Social Studies,Unit Test 2,25,8.5
16191,675,70,Social Studies,Half Yearly,100,20.8
16192,675,70,Social Studies,Annual Exam,100,18.6
16193,675,71,Telugu,Unit Test 1,25,6.4
16194,675,71,Telugu,Unit Test 2,25,10.0
16195,675,71,Telugu,Half Yearly,100,29.1
16196,675,71,Telugu,Annual Exam,100,34.4
16197,675,72,Computer Science,Unit Test 1,25,8.7
16198,675,72,Computer Science,Unit Test 2,25,6.0
16199,675,72,Computer Science,Half Yearly,100,35.1
16200,675,72,Computer Science,Annual Exam,100,49.2
16201,676,67,Mathematics,Unit Test 1,25,20.6
16202,676,67,Mathematics,Unit Test 2,25,22.4
16203,676,67,Mathematics,Half Yearly,100,59.8
16204,676,67,Mathematics,Annual Exam,100,65.5
16205,676,68,Science,Unit Test 1,25,17.4
16206,676,68,Science,Unit Test 2,25,17.9
16207,676,68,Science,Half Yearly,100,75.6
16208,676,68,Science,Annual Exam,100,68.1
16209,676,69,English,Unit Test 1,25,19.9
16210,676,69,English,Unit Test 2,25,21.4
16211,676,69,English,Half Yearly,100,71.0
16212,676,69,English,Annual Exam,100,78.0
16213,676,70,Social Studies,Unit Test 1,25,17.5
16214,676,70,Social Studies,Unit Test 2,25,20.9
16215,676,70,Social Studies,Half Yearly,100,81.3
16216,676,70,Social Studies,Annual Exam,100,74.3
16217,676,71,Telugu,Unit Test 1,25,18.0
16218,676,71,Telugu,Unit Test 2,25,20.1
16219,676,71,Telugu,Half Yearly,100,79.0
16220,676,71,Telugu,Annual Exam,100,73.3
16221,676,72,Computer Science,Unit Test 1,25,19.8
16222,676,72,Computer Science,Unit Test 2,25,25.0
16223,676,72,Computer Science,Half Yearly,100,93.1
16224,676,72,Computer Science,Annual Exam,100,84.0
16225,677,67,Mathematics,Unit Test 1,25,20.9
16226,677,67,Mathematics,Unit Test 2,25,16.5
16227,677,67,Mathematics,Half Yearly,100,67.8
16228,677,67,Mathematics,Annual Exam,100,85.4
16229,677,68,Science,Unit Test 1,25,20.8
16230,677,68,Science,Unit Test 2,25,19.6
16231,677,68,Science,Half Yearly,100,76.8
16232,677,68,Science,Annual Exam,100,84.8
16233,677,69,English,Unit Test 1,25,21.3
16234,677,69,English,Unit Test 2,25,19.8
16235,677,69,English,Half Yearly,100,77.9
16236,677,69,English,Annual Exam,100,77.0
16237,677,70,Social Studies,Unit Test 1,25,19.5
16238,677,70,Social Studies,Unit Test 2,25,17.8
16239,677,70,Social Studies,Half Yearly,100,76.0
16240,677,70,Social Studies,Annual Exam,100,78.0
16241,677,71,Telugu,Unit Test 1,25,22.0
16242,677,71,Telugu,Unit Test 2,25,16.7
16243,677,71,Telugu,Half Yearly,100,85.6
16244,677,71,Telugu,Annual Exam,100,81.1
16245,677,72,Computer Science,Unit Test 1,25,19.6
16246,677,72,Computer Science,Unit Test 2,25,16.0
16247,677,72,Computer Science,Half Yearly,100,53.8
16248,677,72,Computer Science,Annual Exam,100,70.1
16249,678,67,Mathematics,Unit Test 1,25,18.9
16250,678,67,Mathematics,Unit Test 2,25,17.7
16251,678,67,Mathematics,Half Yearly,100,55.1
16252,678,67,Mathematics,Annual Exam,100,79.0
16253,678,68,Science,Unit Test 1,25,15.4
16254,678,68,Science,Unit Test 2,25,14.6
16255,678,68,Science,Half Yearly,100,63.2
16256,678,68,Science,Annual Exam,100,69.5
16257,678,69,English,Unit Test 1,25,14.9
16258,678,69,English,Unit Test 2,25,12.5
16259,678,69,English,Half Yearly,100,44.3
16260,678,69,English,Annual Exam,100,44.1
16261,678,70,Social Studies,Unit Test 1,25,19.2
16262,678,70,Social Studies,Unit Test 2,25,16.5
16263,678,70,Social Studies,Half Yearly,100,63.0
16264,678,70,Social Studies,Annual Exam,100,58.3
16265,678,71,Telugu,Unit Test 1,25,15.6
16266,678,71,Telugu,Unit Test 2,25,13.8
16267,678,71,Telugu,Half Yearly,100,70.3
16268,678,71,Telugu,Annual Exam,100,56.4
16269,678,72,Computer Science,Unit Test 1,25,17.5
16270,678,72,Computer Science,Unit Test 2,25,11.1
16271,678,72,Computer Science,Half Yearly,100,49.7
16272,678,72,Computer Science,Annual Exam,100,71.9
16273,679,67,Mathematics,Unit Test 1,25,20.8
16274,679,67,Mathematics,Unit Test 2,25,22.2
16275,679,67,Mathematics,Half Yearly,100,76.2
16276,679,67,Mathematics,Annual Exam,100,84.5
16277,679,68,Science,Unit Test 1,25,25.0
16278,679,68,Science,Unit Test 2,25,24.0
16279,679,68,Science,Half Yearly,100,95.1
16280,679,68,Science,Annual Exam,100,100.0
16281,679,69,English,Unit Test 1,25,23.9
16282,679,69,English,Unit Test 2,25,24.2
16283,679,69,English,Half Yearly,100,77.9
16284,679,69,English,Annual Exam,100,86.9
16285,679,70,Social Studies,Unit Test 1,25,25.0
16286,679,70,Social Studies,Unit Test 2,25,25.0
16287,679,70,Social Studies,Half Yearly,100,100.0
16288,679,70,Social Studies,Annual Exam,100,88.9
16289,679,71,Telugu,Unit Test 1,25,22.2
16290,679,71,Telugu,Unit Test 2,25,21.9
16291,679,71,Telugu,Half Yearly,100,95.4
16292,679,71,Telugu,Annual Exam,100,92.0
16293,679,72,Computer Science,Unit Test 1,25,21.3
16294,679,72,Computer Science,Unit Test 2,25,24.6
16295,679,72,Computer Science,Half Yearly,100,88.0
16296,679,72,Computer Science,Annual Exam,100,81.2
16297,680,67,Mathematics,Unit Test 1,25,17.5
16298,680,67,Mathematics,Unit Test 2,25,17.7
16299,680,67,Mathematics,Half Yearly,100,70.9
16300,680,67,Mathematics,Annual Exam,100,61.1
16301,680,68,Science,Unit Test 1,25,11.8
16302,680,68,Science,Unit Test 2,25,13.8
16303,680,68,Science,Half Yearly,100,51.7
16304,680,68,Science,Annual Exam,100,60.9
16305,680,69,English,Unit Test 1,25,16.3
16306,680,69,English,Unit Test 2,25,19.1
16307,680,69,English,Half Yearly,100,69.4
16308,680,69,English,Annual Exam,100,72.7
16309,680,70,Social Studies,Unit Test 1,25,13.7
16310,680,70,Social Studies,Unit Test 2,25,11.3
16311,680,70,Social Studies,Half Yearly,100,48.3
16312,680,70,Social Studies,Annual Exam,100,60.4
16313,680,71,Telugu,Unit Test 1,25,12.7
16314,680,71,Telugu,Unit Test 2,25,16.9
16315,680,71,Telugu,Half Yearly,100,52.0
16316,680,71,Telugu,Annual Exam,100,73.8
16317,680,72,Computer Science,Unit Test 1,25,13.0
16318,680,72,Computer Science,Unit Test 2,25,13.6
16319,680,72,Computer Science,Half Yearly,100,66.7
16320,680,72,Computer Science,Annual Exam,100,55.8
16321,681,67,Mathematics,Unit Test 1,25,18.9
16322,681,67,Mathematics,Unit Test 2,25,18.8
16323,681,67,Mathematics,Half Yearly,100,76.9
16324,681,67,Mathematics,Annual Exam,100,82.3
16325,681,68,Science,Unit Test 1,25,18.8
16326,681,68,Science,Unit Test 2,25,22.5
16327,681,68,Science,Half Yearly,100,82.2
16328,681,68,Science,Annual Exam,100,96.7
16329,681,69,English,Unit Test 1,25,23.1
16330,681,69,English,Unit Test 2,25,22.3
16331,681,69,English,Half Yearly,100,85.9
16332,681,69,English,Annual Exam,100,89.0
16333,681,70,Social Studies,Unit Test 1,25,20.4
16334,681,70,Social Studies,Unit Test 2,25,15.4
16335,681,70,Social Studies,Half Yearly,100,82.4
16336,681,70,Social Studies,Annual Exam,100,69.9
16337,681,71,Telugu,Unit Test 1,25,15.0
16338,681,71,Telugu,Unit Test 2,25,21.4
16339,681,71,Telugu,Half Yearly,100,71.8
16340,681,71,Telugu,Annual Exam,100,77.7
16341,681,72,Computer Science,Unit Test 1,25,22.2
16342,681,72,Computer Science,Unit Test 2,25,22.2
16343,681,72,Computer Science,Half Yearly,100,66.4
16344,681,72,Computer Science,Annual Exam,100,90.6
16345,682,67,Mathematics,Unit Test 1,25,17.6
16346,682,67,Mathematics,Unit Test 2,25,12.8
16347,682,67,Mathematics,Half Yearly,100,65.4
16348,682,67,Mathematics,Annual Exam,100,83.4
16349,682,68,Science,Unit Test 1,25,14.3
16350,682,68,Science,Unit Test 2,25,12.4
16351,682,68,Science,Half Yearly,100,46.7
16352,682,68,Science,Annual Exam,100,60.2
16353,682,69,English,Unit Test 1,25,10.2
16354,682,69,English,Unit Test 2,25,13.6
16355,682,69,English,Half Yearly,100,38.0
16356,682,69,English,Annual Exam,100,49.1
16357,682,70,Social Studies,Unit Test 1,25,18.4
16358,682,70,Social Studies,Unit Test 2,25,18.5
16359,682,70,Social Studies,Half Yearly,100,80.1
16360,682,70,Social Studies,Annual Exam,100,63.5
16361,682,71,Telugu,Unit Test 1,25,14.0
16362,682,71,Telugu,Unit Test 2,25,14.5
16363,682,71,Telugu,Half Yearly,100,44.1
16364,682,71,Telugu,Annual Exam,100,62.2
16365,682,72,Computer Science,Unit Test 1,25,15.7
16366,682,72,Computer Science,Unit Test 2,25,15.9
16367,682,72,Computer Science,Half Yearly,100,48.5
16368,682,72,Computer Science,Annual Exam,100,68.8
16369,683,67,Mathematics,Unit Test 1,25,12.0
16370,683,67,Mathematics,Unit Test 2,25,10.4
16371,683,67,Mathematics,Half Yearly,100,31.7
16372,683,67,Mathematics,Annual Exam,100,60.9
16373,683,68,Science,Unit Test 1,25,16.7
16374,683,68,Science,Unit Test 2,25,13.0
16375,683,68,Science,Half Yearly,100,35.5
16376,683,68,Science,Annual Exam,100,59.9
16377,683,69,English,Unit Test 1,25,12.5
16378,683,69,English,Unit Test 2,25,17.4
16379,683,69,English,Half Yearly,100,58.6
16380,683,69,English,Annual Exam,100,49.0
16381,683,70,Social Studies,Unit Test 1,25,11.2
16382,683,70,Social Studies,Unit Test 2,25,13.1
16383,683,70,Social Studies,Half Yearly,100,50.2
16384,683,70,Social Studies,Annual Exam,100,38.4
16385,683,71,Telugu,Unit Test 1,25,13.6
16386,683,71,Telugu,Unit Test 2,25,13.6
16387,683,71,Telugu,Half Yearly,100,58.4
16388,683,71,Telugu,Annual Exam,100,50.6
16389,683,72,Computer Science,Unit Test 1,25,11.8
16390,683,72,Computer Science,Unit Test 2,25,12.1
16391,683,72,Computer Science,Half Yearly,100,46.5
16392,683,72,Computer Science,Annual Exam,100,44.6
16393,684,67,Mathematics,Unit Test 1,25,13.6
16394,684,67,Mathematics,Unit Test 2,25,18.1
16395,684,67,Mathematics,Half Yearly,100,68.0
16396,684,67,Mathematics,Annual Exam,100,54.4
16397,684,68,Science,Unit Test 1,25,19.5
16398,684,68,Science,Unit Test 2,25,18.5
16399,684,68,Science,Half Yearly,100,63.1
16400,684,68,Science,Annual Exam,100,65.7
16401,684,69,English,Unit Test 1,25,12.3
16402,684,69,English,Unit Test 2,25,14.3
16403,684,69,English,Half Yearly,100,57.7
16404,684,69,English,Annual Exam,100,63.5
16405,684,70,Social Studies,Unit Test 1,25,15.5
16406,684,70,Social Studies,Unit Test 2,25,20.2
16407,684,70,Social Studies,Half Yearly,100,72.8
16408,684,70,Social Studies,Annual Exam,100,74.9
16409,684,71,Telugu,Unit Test 1,25,16.4
16410,684,71,Telugu,Unit Test 2,25,13.6
16411,684,71,Telugu,Half Yearly,100,65.8
16412,684,71,Telugu,Annual Exam,100,62.3
16413,684,72,Computer Science,Unit Test 1,25,16.7
16414,684,72,Computer Science,Unit Test 2,25,16.9
16415,684,72,Computer Science,Half Yearly,100,67.4
16416,684,72,Computer Science,Annual Exam,100,63.4
16417,685,67,Mathematics,Unit Test 1,25,18.1
16418,685,67,Mathematics,Unit Test 2,25,14.4
16419,685,67,Mathematics,Half Yearly,100,57.6
16420,685,67,Mathematics,Annual Exam,100,68.0
16421,685,68,Science,Unit Test 1,25,14.5
16422,685,68,Science,Unit Test 2,25,18.6
16423,685,68,Science,Half Yearly,100,63.7
16424,685,68,Science,Annual Exam,100,65.9
16425,685,69,English,Unit Test 1,25,18.1
16426,685,69,English,Unit Test 2,25,18.0
16427,685,69,English,Half Yearly,100,49.7
16428,685,69,English,Annual Exam,100,59.9
16429,685,70,Social Studies,Unit Test 1,25,8.5
16430,685,70,Social Studies,Unit Test 2,25,14.9
16431,685,70,Social Studies,Half Yearly,100,58.6
16432,685,70,Social Studies,Annual Exam,100,41.0
16433,685,71,Telugu,Unit Test 1,25,12.3
16434,685,71,Telugu,Unit Test 2,25,13.4
16435,685,71,Telugu,Half Yearly,100,52.3
16436,685,71,Telugu,Annual Exam,100,47.8
16437,685,72,Computer Science,Unit Test 1,25,9.5
16438,685,72,Computer Science,Unit Test 2,25,14.5
16439,685,72,Computer Science,Half Yearly,100,52.5
16440,685,72,Computer Science,Annual Exam,100,58.0
16441,686,67,Mathematics,Unit Test 1,25,16.5
16442,686,67,Mathematics,Unit Test 2,25,24.0
16443,686,67,Mathematics,Half Yearly,100,99.5
16444,686,67,Mathematics,Annual Exam,100,75.6
16445,686,68,Science,Unit Test 1,25,19.7
16446,686,68,Science,Unit Test 2,25,19.6
16447,686,68,Science,Half Yearly,100,89.9
16448,686,68,Science,Annual Exam,100,73.3
16449,686,69,English,Unit Test 1,25,18.9
16450,686,69,English,Unit Test 2,25,18.8
16451,686,69,English,Half Yearly,100,82.2
16452,686,69,English,Annual Exam,100,63.4
16453,686,70,Social Studies,Unit Test 1,25,23.2
16454,686,70,Social Studies,Unit Test 2,25,24.3
16455,686,70,Social Studies,Half Yearly,100,92.7
16456,686,70,Social Studies,Annual Exam,100,92.4
16457,686,71,Telugu,Unit Test 1,25,19.5
16458,686,71,Telugu,Unit Test 2,25,21.2
16459,686,71,Telugu,Half Yearly,100,82.5
16460,686,71,Telugu,Annual Exam,100,86.8
16461,686,72,Computer Science,Unit Test 1,25,18.9
16462,686,72,Computer Science,Unit Test 2,25,16.7
16463,686,72,Computer Science,Half Yearly,100,86.2
16464,686,72,Computer Science,Annual Exam,100,81.4
16465,687,67,Mathematics,Unit Test 1,25,19.8
16466,687,67,Mathematics,Unit Test 2,25,19.5
16467,687,67,Mathematics,Half Yearly,100,75.8
16468,687,67,Mathematics,Annual Exam,100,90.2
16469,687,68,Science,Unit Test 1,25,14.7
16470,687,68,Science,Unit Test 2,25,15.5
16471,687,68,Science,Half Yearly,100,66.1
16472,687,68,Science,Annual Exam,100,66.9
16473,687,69,English,Unit Test 1,25,20.1
16474,687,69,English,Unit Test 2,25,21.3
16475,687,69,English,Half Yearly,100,75.0
16476,687,69,English,Annual Exam,100,71.3
16477,687,70,Social Studies,Unit Test 1,25,16.2
16478,687,70,Social Studies,Unit Test 2,25,17.8
16479,687,70,Social Studies,Half Yearly,100,82.8
16480,687,70,Social Studies,Annual Exam,100,78.3
16481,687,71,Telugu,Unit Test 1,25,21.1
16482,687,71,Telugu,Unit Test 2,25,17.5
16483,687,71,Telugu,Half Yearly,100,78.9
16484,687,71,Telugu,Annual Exam,100,71.6
16485,687,72,Computer Science,Unit Test 1,25,16.0
16486,687,72,Computer Science,Unit Test 2,25,18.6
16487,687,72,Computer Science,Half Yearly,100,55.1
16488,687,72,Computer Science,Annual Exam,100,57.8
16489,688,67,Mathematics,Unit Test 1,25,15.8
16490,688,67,Mathematics,Unit Test 2,25,18.3
16491,688,67,Mathematics,Half Yearly,100,68.4
16492,688,67,Mathematics,Annual Exam,100,62.0
16493,688,68,Science,Unit Test 1,25,17.4
16494,688,68,Science,Unit Test 2,25,16.3
16495,688,68,Science,Half Yearly,100,82.7
16496,688,68,Science,Annual Exam,100,65.7
16497,688,69,English,Unit Test 1,25,16.6
16498,688,69,English,Unit Test 2,25,13.8
16499,688,69,English,Half Yearly,100,46.9
16500,688,69,English,Annual Exam,100,56.5
16501,688,70,Social Studies,Unit Test 1,25,16.0
16502,688,70,Social Studies,Unit Test 2,25,16.0
16503,688,70,Social Studies,Half Yearly,100,60.7
16504,688,70,Social Studies,Annual Exam,100,57.5
16505,688,71,Telugu,Unit Test 1,25,16.1
16506,688,71,Telugu,Unit Test 2,25,14.2
16507,688,71,Telugu,Half Yearly,100,63.7
16508,688,71,Telugu,Annual Exam,100,57.7
16509,688,72,Computer Science,Unit Test 1,25,14.1
16510,688,72,Computer Science,Unit Test 2,25,13.1
16511,688,72,Computer Science,Half Yearly,100,53.9
16512,688,72,Computer Science,Annual Exam,100,45.1
16513,689,67,Mathematics,Unit Test 1,25,18.2
16514,689,67,Mathematics,Unit Test 2,25,15.8
16515,689,67,Mathematics,Half Yearly,100,74.2
16516,689,67,Mathematics,Annual Exam,100,81.6
16517,689,68,Science,Unit Test 1,25,17.1
16518,689,68,Science,Unit Test 2,25,18.2
16519,689,68,Science,Half Yearly,100,76.1
16520,689,68,Science,Annual Exam,100,71.8
16521,689,69,English,Unit Test 1,25,18.0
16522,689,69,English,Unit Test 2,25,17.8
16523,689,69,English,Half Yearly,100,67.1
16524,689,69,English,Annual Exam,100,62.8
16525,689,70,Social Studies,Unit Test 1,25,21.7
16526,689,70,Social Studies,Unit Test 2,25,21.9
16527,689,70,Social Studies,Half Yearly,100,93.2
16528,689,70,Social Studies,Annual Exam,100,88.0
16529,689,71,Telugu,Unit Test 1,25,20.5
16530,689,71,Telugu,Unit Test 2,25,22.1
16531,689,71,Telugu,Half Yearly,100,86.4
16532,689,71,Telugu,Annual Exam,100,82.1
16533,689,72,Computer Science,Unit Test 1,25,18.5
16534,689,72,Computer Science,Unit Test 2,25,21.6
16535,689,72,Computer Science,Half Yearly,100,88.4
16536,689,72,Computer Science,Annual Exam,100,79.9
16537,690,67,Mathematics,Unit Test 1,25,19.5
16538,690,67,Mathematics,Unit Test 2,25,18.9
16539,690,67,Mathematics,Half Yearly,100,79.0
16540,690,67,Mathematics,Annual Exam,100,61.2
16541,690,68,Science,Unit Test 1,25,15.0
16542,690,68,Science,Unit Test 2,25,18.1
16543,690,68,Science,Half Yearly,100,62.3
16544,690,68,Science,Annual Exam,100,49.1
16545,690,69,English,Unit Test 1,25,16.5
16546,690,69,English,Unit Test 2,25,17.8
16547,690,69,English,Half Yearly,100,69.7
16548,690,69,English,Annual Exam,100,57.9
16549,690,70,Social Studies,Unit Test 1,25,13.8
16550,690,70,Social Studies,Unit Test 2,25,13.5
16551,690,70,Social Studies,Half Yearly,100,73.0
16552,690,70,Social Studies,Annual Exam,100,66.8
16553,690,71,Telugu,Unit Test 1,25,17.9
16554,690,71,Telugu,Unit Test 2,25,19.7
16555,690,71,Telugu,Half Yearly,100,64.7
16556,690,71,Telugu,Annual Exam,100,65.6
16557,690,72,Computer Science,Unit Test 1,25,17.7
16558,690,72,Computer Science,Unit Test 2,25,17.1
16559,690,72,Computer Science,Half Yearly,100,74.2
16560,690,72,Computer Science,Annual Exam,100,74.2
16561,691,67,Mathematics,Unit Test 1,25,15.6
16562,691,67,Mathematics,Unit Test 2,25,17.2
16563,691,67,Mathematics,Half Yearly,100,62.6
16564,691,67,Mathematics,Annual Exam,100,57.7
16565,691,68,Science,Unit Test 1,25,12.9
16566,691,68,Science,Unit Test 2,25,15.9
16567,691,68,Science,Half Yearly,100,64.1
16568,691,68,Science,Annual Exam,100,59.5
16569,691,69,English,Unit Test 1,25,15.3
16570,691,69,English,Unit Test 2,25,14.7
16571,691,69,English,Half Yearly,100,74.0
16572,691,69,English,Annual Exam,100,76.4
16573,691,70,Social Studies,Unit Test 1,25,13.1
16574,691,70,Social Studies,Unit Test 2,25,16.2
16575,691,70,Social Studies,Half Yearly,100,56.7
16576,691,70,Social Studies,Annual Exam,100,72.7
16577,691,71,Telugu,Unit Test 1,25,9.9
16578,691,71,Telugu,Unit Test 2,25,12.2
16579,691,71,Telugu,Half Yearly,100,61.9
16580,691,71,Telugu,Annual Exam,100,48.6
16581,691,72,Computer Science,Unit Test 1,25,17.3
16582,691,72,Computer Science,Unit Test 2,25,15.4
16583,691,72,Computer Science,Half Yearly,100,69.4
16584,691,72,Computer Science,Annual Exam,100,66.0
16585,692,67,Mathematics,Unit Test 1,25,18.7
16586,692,67,Mathematics,Unit Test 2,25,19.0
16587,692,67,Mathematics,Half Yearly,100,81.2
16588,692,67,Mathematics,Annual Exam,100,70.2
16589,692,68,Science,Unit Test 1,25,22.1
16590,692,68,Science,Unit Test 2,25,22.1
16591,692,68,Science,Half Yearly,100,93.7
16592,692,68,Science,Annual Exam,100,84.3
16593,692,69,English,Unit Test 1,25,25.0
16594,692,69,English,Unit Test 2,25,19.8
16595,692,69,English,Half Yearly,100,99.4
16596,692,69,English,Annual Exam,100,88.9
16597,692,70,Social Studies,Unit Test 1,25,18.4
16598,692,70,Social Studies,Unit Test 2,25,17.9
16599,692,70,Social Studies,Half Yearly,100,60.7
16600,692,70,Social Studies,Annual Exam,100,66.1
16601,692,71,Telugu,Unit Test 1,25,25.0
16602,692,71,Telugu,Unit Test 2,25,25.0
16603,692,71,Telugu,Half Yearly,100,81.7
16604,692,71,Telugu,Annual Exam,100,88.1
16605,692,72,Computer Science,Unit Test 1,25,17.1
16606,692,72,Computer Science,Unit Test 2,25,19.7
16607,692,72,Computer Science,Half Yearly,100,85.3
16608,692,72,Computer Science,Annual Exam,100,79.6
16609,693,67,Mathematics,Unit Test 1,25,24.9
16610,693,67,Mathematics,Unit Test 2,25,21.9
16611,693,67,Mathematics,Half Yearly,100,95.7
16612,693,67,Mathematics,Annual Exam,100,96.0
16613,693,68,Science,Unit Test 1,25,18.8
16614,693,68,Science,Unit Test 2,25,20.2
16615,693,68,Science,Half Yearly,100,82.4
16616,693,68,Science,Annual Exam,100,88.8
16617,693,69,English,Unit Test 1,25,22.3
16618,693,69,English,Unit Test 2,25,23.3
16619,693,69,English,Half Yearly,100,68.5
16620,693,69,English,Annual Exam,100,88.1
16621,693,70,Social Studies,Unit Test 1,25,18.8
16622,693,70,Social Studies,Unit Test 2,25,18.6
16623,693,70,Social Studies,Half Yearly,100,88.8
16624,693,70,Social Studies,Annual Exam,100,81.7
16625,693,71,Telugu,Unit Test 1,25,16.3
16626,693,71,Telugu,Unit Test 2,25,20.2
16627,693,71,Telugu,Half Yearly,100,83.9
16628,693,71,Telugu,Annual Exam,100,83.3
16629,693,72,Computer Science,Unit Test 1,25,25.0
16630,693,72,Computer Science,Unit Test 2,25,25.0
16631,693,72,Computer Science,Half Yearly,100,98.9
16632,693,72,Computer Science,Annual Exam,100,100.0
16633,694,67,Mathematics,Unit Test 1,25,19.2
16634,694,67,Mathematics,Unit Test 2,25,21.1
16635,694,67,Mathematics,Half Yearly,100,84.1
16636,694,67,Mathematics,Annual Exam,100,100.0
16637,694,68,Science,Unit Test 1,25,22.2
16638,694,68,Science,Unit Test 2,25,21.1
16639,694,68,Science,Half Yearly,100,69.5
16640,694,68,Science,Annual Exam,100,86.8
16641,694,69,English,Unit Test 1,25,14.1
16642,694,69,English,Unit Test 2,25,16.9
16643,694,69,English,Half Yearly,100,69.0
16644,694,69,English,Annual Exam,100,59.9
16645,694,70,Social Studies,Unit Test 1,25,13.7
16646,694,70,Social Studies,Unit Test 2,25,16.4
16647,694,70,Social Studies,Half Yearly,100,52.4
16648,694,70,Social Studies,Annual Exam,100,59.2
16649,694,71,Telugu,Unit Test 1,25,18.9
16650,694,71,Telugu,Unit Test 2,25,18.0
16651,694,71,Telugu,Half Yearly,100,66.5
16652,694,71,Telugu,Annual Exam,100,49.3
16653,694,72,Computer Science,Unit Test 1,25,24.7
16654,694,72,Computer Science,Unit Test 2,25,24.6
16655,694,72,Computer Science,Half Yearly,100,87.0
16656,694,72,Computer Science,Annual Exam,100,88.4
16657,695,67,Mathematics,Unit Test 1,25,16.0
16658,695,67,Mathematics,Unit Test 2,25,17.8
16659,695,67,Mathematics,Half Yearly,100,56.9
16660,695,67,Mathematics,Annual Exam,100,62.9
16661,695,68,Science,Unit Test 1,25,14.8
16662,695,68,Science,Unit Test 2,25,21.6
16663,695,68,Science,Half Yearly,100,67.3
16664,695,68,Science,Annual Exam,100,57.8
16665,695,69,English,Unit Test 1,25,13.7
16666,695,69,English,Unit Test 2,25,15.5
16667,695,69,English,Half Yearly,100,55.6
16668,695,69,English,Annual Exam,100,67.7
16669,695,70,Social Studies,Unit Test 1,25,17.0
16670,695,70,Social Studies,Unit Test 2,25,17.6
16671,695,70,Social Studies,Half Yearly,100,64.5
16672,695,70,Social Studies,Annual Exam,100,63.6
16673,695,71,Telugu,Unit Test 1,25,15.9
16674,695,71,Telugu,Unit Test 2,25,13.3
16675,695,71,Telugu,Half Yearly,100,62.9
16676,695,71,Telugu,Annual Exam,100,61.9
16677,695,72,Computer Science,Unit Test 1,25,14.8
16678,695,72,Computer Science,Unit Test 2,25,14.3
16679,695,72,Computer Science,Half Yearly,100,56.3
16680,695,72,Computer Science,Annual Exam,100,76.2
16681,696,67,Mathematics,Unit Test 1,25,22.0
16682,696,67,Mathematics,Unit Test 2,25,22.8
16683,696,67,Mathematics,Half Yearly,100,79.5
16684,696,67,Mathematics,Annual Exam,100,88.0
16685,696,68,Science,Unit Test 1,25,22.5
16686,696,68,Science,Unit Test 2,25,19.1
16687,696,68,Science,Half Yearly,100,100.0
16688,696,68,Science,Annual Exam,100,94.8
16689,696,69,English,Unit Test 1,25,19.6
16690,696,69,English,Unit Test 2,25,22.8
16691,696,69,English,Half Yearly,100,100.0
16692,696,69,English,Annual Exam,100,78.5
16693,696,70,Social Studies,Unit Test 1,25,18.2
16694,696,70,Social Studies,Unit Test 2,25,21.8
16695,696,70,Social Studies,Half Yearly,100,71.3
16696,696,70,Social Studies,Annual Exam,100,91.7
16697,696,71,Telugu,Unit Test 1,25,19.3
16698,696,71,Telugu,Unit Test 2,25,23.3
16699,696,71,Telugu,Half Yearly,100,87.6
16700,696,71,Telugu,Annual Exam,100,91.2
16701,696,72,Computer Science,Unit Test 1,25,20.0
16702,696,72,Computer Science,Unit Test 2,25,20.0
16703,696,72,Computer Science,Half Yearly,100,90.6
16704,696,72,Computer Science,Annual Exam,100,83.7
16705,697,67,Mathematics,Unit Test 1,25,15.7
16706,697,67,Mathematics,Unit Test 2,25,17.4
16707,697,67,Mathematics,Half Yearly,100,64.4
16708,697,67,Mathematics,Annual Exam,100,69.2
16709,697,68,Science,Unit Test 1,25,15.4
16710,697,68,Science,Unit Test 2,25,16.5
16711,697,68,Science,Half Yearly,100,60.4
16712,697,68,Science,Annual Exam,100,54.1
16713,697,69,English,Unit Test 1,25,18.0
16714,697,69,English,Unit Test 2,25,17.4
16715,697,69,English,Half Yearly,100,72.6
16716,697,69,English,Annual Exam,100,62.0
16717,697,70,Social Studies,Unit Test 1,25,16.5
16718,697,70,Social Studies,Unit Test 2,25,17.4
16719,697,70,Social Studies,Half Yearly,100,61.8
16720,697,70,Social Studies,Annual Exam,100,58.5
16721,697,71,Telugu,Unit Test 1,25,9.8
16722,697,71,Telugu,Unit Test 2,25,11.4
16723,697,71,Telugu,Half Yearly,100,47.6
16724,697,71,Telugu,Annual Exam,100,43.2
16725,697,72,Computer Science,Unit Test 1,25,17.5
16726,697,72,Computer Science,Unit Test 2,25,17.4
16727,697,72,Computer Science,Half Yearly,100,67.6
16728,697,72,Computer Science,Annual Exam,100,66.3
16729,698,67,Mathematics,Unit Test 1,25,16.6
16730,698,67,Mathematics,Unit Test 2,25,22.6
16731,698,67,Mathematics,Half Yearly,100,56.8
16732,698,67,Mathematics,Annual Exam,100,66.8
16733,698,68,Science,Unit Test 1,25,20.5
16734,698,68,Science,Unit Test 2,25,15.7
16735,698,68,Science,Half Yearly,100,75.2
16736,698,68,Science,Annual Exam,100,70.3
16737,698,69,English,Unit Test 1,25,14.3
16738,698,69,English,Unit Test 2,25,12.4
16739,698,69,English,Half Yearly,100,54.2
16740,698,69,English,Annual Exam,100,64.3
16741,698,70,Social Studies,Unit Test 1,25,15.7
16742,698,70,Social Studies,Unit Test 2,25,23.2
16743,698,70,Social Studies,Half Yearly,100,82.9
16744,698,70,Social Studies,Annual Exam,100,87.2
16745,698,71,Telugu,Unit Test 1,25,19.2
16746,698,71,Telugu,Unit Test 2,25,18.0
16747,698,71,Telugu,Half Yearly,100,90.1
16748,698,71,Telugu,Annual Exam,100,74.9
16749,698,72,Computer Science,Unit Test 1,25,15.9
16750,698,72,Computer Science,Unit Test 2,25,12.0
16751,698,72,Computer Science,Half Yearly,100,62.0
16752,698,72,Computer Science,Annual Exam,100,51.8
16753,699,67,Mathematics,Unit Test 1,25,16.1
16754,699,67,Mathematics,Unit Test 2,25,17.3
16755,699,67,Mathematics,Half Yearly,100,84.8
16756,699,67,Mathematics,Annual Exam,100,64.6
16757,699,68,Science,Unit Test 1,25,19.9
16758,699,68,Science,Unit Test 2,25,19.4
16759,699,68,Science,Half Yearly,100,86.8
16760,699,68,Science,Annual Exam,100,74.4
16761,699,69,English,Unit Test 1,25,18.2
16762,699,69,English,Unit Test 2,25,16.3
16763,699,69,English,Half Yearly,100,81.0
16764,699,69,English,Annual Exam,100,54.8
16765,699,70,Social Studies,Unit Test 1,25,16.8
16766,699,70,Social Studies,Unit Test 2,25,14.2
16767,699,70,Social Studies,Half Yearly,100,70.8
16768,699,70,Social Studies,Annual Exam,100,74.0
16769,699,71,Telugu,Unit Test 1,25,17.3
16770,699,71,Telugu,Unit Test 2,25,16.6
16771,699,71,Telugu,Half Yearly,100,41.1
16772,699,71,Telugu,Annual Exam,100,62.3
16773,699,72,Computer Science,Unit Test 1,25,18.2
16774,699,72,Computer Science,Unit Test 2,25,16.8
16775,699,72,Computer Science,Half Yearly,100,70.9
16776,699,72,Computer Science,Annual Exam,100,71.2
16777,700,67,Mathematics,Unit Test 1,25,13.0
16778,700,67,Mathematics,Unit Test 2,25,8.2
16779,700,67,Mathematics,Half Yearly,100,30.5
16780,700,67,Mathematics,Annual Exam,100,52.1
16781,700,68,Science,Unit Test 1,25,15.8
16782,700,68,Science,Unit Test 2,25,15.0
16783,700,68,Science,Half Yearly,100,45.9
16784,700,68,Science,Annual Exam,100,41.4
16785,700,69,English,Unit Test 1,25,10.7
16786,700,69,English,Unit Test 2,25,14.4
16787,700,69,English,Half Yearly,100,63.2
16788,700,69,English,Annual Exam,100,48.5
16789,700,70,Social Studies,Unit Test 1,25,10.0
16790,700,70,Social Studies,Unit Test 2,25,12.2
16791,700,70,Social Studies,Half Yearly,100,53.7
16792,700,70,Social Studies,Annual Exam,100,37.1
16793,700,71,Telugu,Unit Test 1,25,13.7
16794,700,71,Telugu,Unit Test 2,25,11.8
16795,700,71,Telugu,Half Yearly,100,49.7
16796,700,71,Telugu,Annual Exam,100,62.2
16797,700,72,Computer Science,Unit Test 1,25,9.3
16798,700,72,Computer Science,Unit Test 2,25,14.2
16799,700,72,Computer Science,Half Yearly,100,59.0
16800,700,72,Computer Science,Annual Exam,100,45.1
16801,701,67,Mathematics,Unit Test 1,25,18.2
16802,701,67,Mathematics,Unit Test 2,25,20.3
16803,701,67,Mathematics,Half Yearly,100,88.6
16804,701,67,Mathematics,Annual Exam,100,83.9
16805,701,68,Science,Unit Test 1,25,16.9
16806,701,68,Science,Unit Test 2,25,16.9
16807,701,68,Science,Half Yearly,100,69.8
16808,701,68,Science,Annual Exam,100,68.9
16809,701,69,English,Unit Test 1,25,15.4
16810,701,69,English,Unit Test 2,25,15.5
16811,701,69,English,Half Yearly,100,70.4
16812,701,69,English,Annual Exam,100,76.4
16813,701,70,Social Studies,Unit Test 1,25,19.2
16814,701,70,Social Studies,Unit Test 2,25,16.7
16815,701,70,Social Studies,Half Yearly,100,55.6
16816,701,70,Social Studies,Annual Exam,100,77.3
16817,701,71,Telugu,Unit Test 1,25,19.1
16818,701,71,Telugu,Unit Test 2,25,17.1
16819,701,71,Telugu,Half Yearly,100,70.0
16820,701,71,Telugu,Annual Exam,100,56.6
16821,701,72,Computer Science,Unit Test 1,25,19.0
16822,701,72,Computer Science,Unit Test 2,25,21.0
16823,701,72,Computer Science,Half Yearly,100,77.3
16824,701,72,Computer Science,Annual Exam,100,79.9
16825,702,67,Mathematics,Unit Test 1,25,19.4
16826,702,67,Mathematics,Unit Test 2,25,20.0
16827,702,67,Mathematics,Half Yearly,100,83.0
16828,702,67,Mathematics,Annual Exam,100,82.5
16829,702,68,Science,Unit Test 1,25,19.7
16830,702,68,Science,Unit Test 2,25,19.4
16831,702,68,Science,Half Yearly,100,67.0
16832,702,68,Science,Annual Exam,100,53.3
16833,702,69,English,Unit Test 1,25,13.3
16834,702,69,English,Unit Test 2,25,14.8
16835,702,69,English,Half Yearly,100,66.9
16836,702,69,English,Annual Exam,100,66.9
16837,702,70,Social Studies,Unit Test 1,25,22.3
16838,702,70,Social Studies,Unit Test 2,25,22.9
16839,702,70,Social Studies,Half Yearly,100,91.1
16840,702,70,Social Studies,Annual Exam,100,93.5
16841,702,71,Telugu,Unit Test 1,25,19.8
16842,702,71,Telugu,Unit Test 2,25,16.9
16843,702,71,Telugu,Half Yearly,100,85.2
16844,702,71,Telugu,Annual Exam,100,77.5
16845,702,72,Computer Science,Unit Test 1,25,21.3
16846,702,72,Computer Science,Unit Test 2,25,20.0
16847,702,72,Computer Science,Half Yearly,100,74.1
16848,702,72,Computer Science,Annual Exam,100,74.9
16849,703,67,Mathematics,Unit Test 1,25,18.8
16850,703,67,Mathematics,Unit Test 2,25,21.9
16851,703,67,Mathematics,Half Yearly,100,73.0
16852,703,67,Mathematics,Annual Exam,100,84.4
16853,703,68,Science,Unit Test 1,25,22.5
16854,703,68,Science,Unit Test 2,25,22.8
16855,703,68,Science,Half Yearly,100,77.3
16856,703,68,Science,Annual Exam,100,81.8
16857,703,69,English,Unit Test 1,25,18.4
16858,703,69,English,Unit Test 2,25,18.1
16859,703,69,English,Half Yearly,100,86.9
16860,703,69,English,Annual Exam,100,84.7
16861,703,70,Social Studies,Unit Test 1,25,19.2
16862,703,70,Social Studies,Unit Test 2,25,22.7
16863,703,70,Social Studies,Half Yearly,100,84.8
16864,703,70,Social Studies,Annual Exam,100,87.7
16865,703,71,Telugu,Unit Test 1,25,21.2
16866,703,71,Telugu,Unit Test 2,25,18.5
16867,703,71,Telugu,Half Yearly,100,91.4
16868,703,71,Telugu,Annual Exam,100,70.6
16869,703,72,Computer Science,Unit Test 1,25,22.5
16870,703,72,Computer Science,Unit Test 2,25,21.2
16871,703,72,Computer Science,Half Yearly,100,72.8
16872,703,72,Computer Science,Annual Exam,100,66.2
16873,704,67,Mathematics,Unit Test 1,25,18.7
16874,704,67,Mathematics,Unit Test 2,25,19.7
16875,704,67,Mathematics,Half Yearly,100,81.2
16876,704,67,Mathematics,Annual Exam,100,89.4
16877,704,68,Science,Unit Test 1,25,18.3
16878,704,68,Science,Unit Test 2,25,17.4
16879,704,68,Science,Half Yearly,100,91.7
16880,704,68,Science,Annual Exam,100,79.9
16881,704,69,English,Unit Test 1,25,17.2
16882,704,69,English,Unit Test 2,25,17.3
16883,704,69,English,Half Yearly,100,91.2
16884,704,69,English,Annual Exam,100,71.3
16885,704,70,Social Studies,Unit Test 1,25,17.6
16886,704,70,Social Studies,Unit Test 2,25,19.5
16887,704,70,Social Studies,Half Yearly,100,77.7
16888,704,70,Social Studies,Annual Exam,100,74.4
16889,704,71,Telugu,Unit Test 1,25,17.5
16890,704,71,Telugu,Unit Test 2,25,16.7
16891,704,71,Telugu,Half Yearly,100,78.1
16892,704,71,Telugu,Annual Exam,100,64.1
16893,704,72,Computer Science,Unit Test 1,25,22.6
16894,704,72,Computer Science,Unit Test 2,25,25.0
16895,704,72,Computer Science,Half Yearly,100,81.5
16896,704,72,Computer Science,Annual Exam,100,73.5
16897,705,67,Mathematics,Unit Test 1,25,11.9
16898,705,67,Mathematics,Unit Test 2,25,15.2
16899,705,67,Mathematics,Half Yearly,100,61.3
16900,705,67,Mathematics,Annual Exam,100,46.4
16901,705,68,Science,Unit Test 1,25,14.6
16902,705,68,Science,Unit Test 2,25,14.1
16903,705,68,Science,Half Yearly,100,44.8
16904,705,68,Science,Annual Exam,100,54.9
16905,705,69,English,Unit Test 1,25,9.4
16906,705,69,English,Unit Test 2,25,11.4
16907,705,69,English,Half Yearly,100,43.8
16908,705,69,English,Annual Exam,100,43.7
16909,705,70,Social Studies,Unit Test 1,25,12.9
16910,705,70,Social Studies,Unit Test 2,25,15.1
16911,705,70,Social Studies,Half Yearly,100,37.3
16912,705,70,Social Studies,Annual Exam,100,53.6
16913,705,71,Telugu,Unit Test 1,25,13.3
16914,705,71,Telugu,Unit Test 2,25,17.0
16915,705,71,Telugu,Half Yearly,100,49.4
16916,705,71,Telugu,Annual Exam,100,41.2
16917,705,72,Computer Science,Unit Test 1,25,13.9
16918,705,72,Computer Science,Unit Test 2,25,13.5
16919,705,72,Computer Science,Half Yearly,100,51.2
16920,705,72,Computer Science,Annual Exam,100,57.8
16921,706,67,Mathematics,Unit Test 1,25,18.0
16922,706,67,Mathematics,Unit Test 2,25,21.5
16923,706,67,Mathematics,Half Yearly,100,81.1
16924,706,67,Mathematics,Annual Exam,100,66.3
16925,706,68,Science,Unit Test 1,25,15.7
16926,706,68,Science,Unit Test 2,25,16.1
16927,706,68,Science,Half Yearly,100,56.3
16928,706,68,Science,Annual Exam,100,57.5
16929,706,69,English,Unit Test 1,25,18.1
16930,706,69,English,Unit Test 2,25,15.7
16931,706,69,English,Half Yearly,100,72.8
16932,706,69,English,Annual Exam,100,57.7
16933,706,70,Social Studies,Unit Test 1,25,16.6
16934,706,70,Social Studies,Unit Test 2,25,17.4
16935,706,70,Social Studies,Half Yearly,100,69.1
16936,706,70,Social Studies,Annual Exam,100,56.7
16937,706,71,Telugu,Unit Test 1,25,14.9
16938,706,71,Telugu,Unit Test 2,25,13.4
16939,706,71,Telugu,Half Yearly,100,72.3
16940,706,71,Telugu,Annual Exam,100,52.2
16941,706,72,Computer Science,Unit Test 1,25,14.5
16942,706,72,Computer Science,Unit Test 2,25,9.9
16943,706,72,Computer Science,Half Yearly,100,48.3
16944,706,72,Computer Science,Annual Exam,100,42.8
16945,707,67,Mathematics,Unit Test 1,25,20.1
16946,707,67,Mathematics,Unit Test 2,25,16.4
16947,707,67,Mathematics,Half Yearly,100,77.2
16948,707,67,Mathematics,Annual Exam,100,80.3
16949,707,68,Science,Unit Test 1,25,17.9
16950,707,68,Science,Unit Test 2,25,15.5
16951,707,68,Science,Half Yearly,100,81.0
16952,707,68,Science,Annual Exam,100,89.2
16953,707,69,English,Unit Test 1,25,20.7
16954,707,69,English,Unit Test 2,25,19.8
16955,707,69,English,Half Yearly,100,80.7
16956,707,69,English,Annual Exam,100,94.0
16957,707,70,Social Studies,Unit Test 1,25,17.6
16958,707,70,Social Studies,Unit Test 2,25,17.3
16959,707,70,Social Studies,Half Yearly,100,71.8
16960,707,70,Social Studies,Annual Exam,100,63.1
16961,707,71,Telugu,Unit Test 1,25,19.6
16962,707,71,Telugu,Unit Test 2,25,23.2
16963,707,71,Telugu,Half Yearly,100,84.4
16964,707,71,Telugu,Annual Exam,100,99.4
16965,707,72,Computer Science,Unit Test 1,25,20.5
16966,707,72,Computer Science,Unit Test 2,25,20.7
16967,707,72,Computer Science,Half Yearly,100,84.3
16968,707,72,Computer Science,Annual Exam,100,85.1
16969,708,67,Mathematics,Unit Test 1,25,20.7
16970,708,67,Mathematics,Unit Test 2,25,14.2
16971,708,67,Mathematics,Half Yearly,100,78.9
16972,708,67,Mathematics,Annual Exam,100,61.8
16973,708,68,Science,Unit Test 1,25,18.8
16974,708,68,Science,Unit Test 2,25,20.4
16975,708,68,Science,Half Yearly,100,70.3
16976,708,68,Science,Annual Exam,100,77.5
16977,708,69,English,Unit Test 1,25,21.2
16978,708,69,English,Unit Test 2,25,20.0
16979,708,69,English,Half Yearly,100,80.2
16980,708,69,English,Annual Exam,100,87.3
16981,708,70,Social Studies,Unit Test 1,25,17.3
16982,708,70,Social Studies,Unit Test 2,25,17.7
16983,708,70,Social Studies,Half Yearly,100,60.5
16984,708,70,Social Studies,Annual Exam,100,65.4
16985,708,71,Telugu,Unit Test 1,25,15.2
16986,708,71,Telugu,Unit Test 2,25,16.8
16987,708,71,Telugu,Half Yearly,100,60.2
16988,708,71,Telugu,Annual Exam,100,68.5
16989,708,72,Computer Science,Unit Test 1,25,21.0
16990,708,72,Computer Science,Unit Test 2,25,18.8
16991,708,72,Computer Science,Half Yearly,100,69.9
16992,708,72,Computer Science,Annual Exam,100,67.6
16993,709,67,Mathematics,Unit Test 1,25,12.5
16994,709,67,Mathematics,Unit Test 2,25,14.8
16995,709,67,Mathematics,Half Yearly,100,55.4
16996,709,67,Mathematics,Annual Exam,100,43.5
16997,709,68,Science,Unit Test 1,25,11.0
16998,709,68,Science,Unit Test 2,25,12.8
16999,709,68,Science,Half Yearly,100,60.6
17000,709,68,Science,Annual Exam,100,41.0
17001,709,69,English,Unit Test 1,25,14.5
17002,709,69,English,Unit Test 2,25,16.7
17003,709,69,English,Half Yearly,100,59.5
17004,709,69,English,Annual Exam,100,49.0
17005,709,70,Social Studies,Unit Test 1,25,15.0
17006,709,70,Social Studies,Unit Test 2,25,19.2
17007,709,70,Social Studies,Half Yearly,100,66.2
17008,709,70,Social Studies,Annual Exam,100,57.1
17009,709,71,Telugu,Unit Test 1,25,13.3
17010,709,71,Telugu,Unit Test 2,25,16.1
17011,709,71,Telugu,Half Yearly,100,59.4
17012,709,71,Telugu,Annual Exam,100,61.0
17013,709,72,Computer Science,Unit Test 1,25,15.2
17014,709,72,Computer Science,Unit Test 2,25,19.1
17015,709,72,Computer Science,Half Yearly,100,79.8
17016,709,72,Computer Science,Annual Exam,100,53.6
17017,710,67,Mathematics,Unit Test 1,25,13.1
17018,710,67,Mathematics,Unit Test 2,25,12.6
17019,710,67,Mathematics,Half Yearly,100,40.2
17020,710,67,Mathematics,Annual Exam,100,53.0
17021,710,68,Science,Unit Test 1,25,12.1
17022,710,68,Science,Unit Test 2,25,11.3
17023,710,68,Science,Half Yearly,100,43.3
17024,710,68,Science,Annual Exam,100,48.1
17025,710,69,English,Unit Test 1,25,12.3
17026,710,69,English,Unit Test 2,25,12.3
17027,710,69,English,Half Yearly,100,55.2
17028,710,69,English,Annual Exam,100,53.4
17029,710,70,Social Studies,Unit Test 1,25,14.0
17030,710,70,Social Studies,Unit Test 2,25,14.3
17031,710,70,Social Studies,Half Yearly,100,69.6
17032,710,70,Social Studies,Annual Exam,100,49.3
17033,710,71,Telugu,Unit Test 1,25,10.3
17034,710,71,Telugu,Unit Test 2,25,7.3
17035,710,71,Telugu,Half Yearly,100,32.7
17036,710,71,Telugu,Annual Exam,100,29.0
17037,710,72,Computer Science,Unit Test 1,25,10.2
17038,710,72,Computer Science,Unit Test 2,25,12.6
17039,710,72,Computer Science,Half Yearly,100,41.9
17040,710,72,Computer Science,Annual Exam,100,41.1
17041,711,67,Mathematics,Unit Test 1,25,11.0
17042,711,67,Mathematics,Unit Test 2,25,7.6
17043,711,67,Mathematics,Half Yearly,100,39.8
17044,711,67,Mathematics,Annual Exam,100,55.8
17045,711,68,Science,Unit Test 1,25,14.2
17046,711,68,Science,Unit Test 2,25,13.1
17047,711,68,Science,Half Yearly,100,43.2
17048,711,68,Science,Annual Exam,100,69.0
17049,711,69,English,Unit Test 1,25,6.0
17050,711,69,English,Unit Test 2,25,9.1
17051,711,69,English,Half Yearly,100,33.2
17052,711,69,English,Annual Exam,100,27.5
17053,711,70,Social Studies,Unit Test 1,25,13.8
17054,711,70,Social Studies,Unit Test 2,25,13.0
17055,711,70,Social Studies,Half Yearly,100,40.7
17056,711,70,Social Studies,Annual Exam,100,53.5
17057,711,71,Telugu,Unit Test 1,25,8.8
17058,711,71,Telugu,Unit Test 2,25,9.4
17059,711,71,Telugu,Half Yearly,100,31.6
17060,711,71,Telugu,Annual Exam,100,41.0
17061,711,72,Computer Science,Unit Test 1,25,10.8
17062,711,72,Computer Science,Unit Test 2,25,7.3
17063,711,72,Computer Science,Half Yearly,100,31.0
17064,711,72,Computer Science,Annual Exam,100,38.3
17065,712,67,Mathematics,Unit Test 1,25,13.1
17066,712,67,Mathematics,Unit Test 2,25,13.3
17067,712,67,Mathematics,Half Yearly,100,60.1
17068,712,67,Mathematics,Annual Exam,100,48.7
17069,712,68,Science,Unit Test 1,25,14.9
17070,712,68,Science,Unit Test 2,25,11.0
17071,712,68,Science,Half Yearly,100,35.0
17072,712,68,Science,Annual Exam,100,52.7
17073,712,69,English,Unit Test 1,25,13.2
17074,712,69,English,Unit Test 2,25,14.0
17075,712,69,English,Half Yearly,100,68.1
17076,712,69,English,Annual Exam,100,52.6
17077,712,70,Social Studies,Unit Test 1,25,13.7
17078,712,70,Social Studies,Unit Test 2,25,16.9
17079,712,70,Social Studies,Half Yearly,100,56.7
17080,712,70,Social Studies,Annual Exam,100,53.0
17081,712,71,Telugu,Unit Test 1,25,18.1
17082,712,71,Telugu,Unit Test 2,25,16.5
17083,712,71,Telugu,Half Yearly,100,71.5
17084,712,71,Telugu,Annual Exam,100,72.7
17085,712,72,Computer Science,Unit Test 1,25,13.2
17086,712,72,Computer Science,Unit Test 2,25,12.2
17087,712,72,Computer Science,Half Yearly,100,53.9
17088,712,72,Computer Science,Annual Exam,100,59.0
17089,713,67,Mathematics,Unit Test 1,25,12.5
17090,713,67,Mathematics,Unit Test 2,25,12.9
17091,713,67,Mathematics,Half Yearly,100,41.2
17092,713,67,Mathematics,Annual Exam,100,39.1
17093,713,68,Science,Unit Test 1,25,15.3
17094,713,68,Science,Unit Test 2,25,14.2
17095,713,68,Science,Half Yearly,100,70.8
17096,713,68,Science,Annual Exam,100,76.9
17097,713,69,English,Unit Test 1,25,16.0
17098,713,69,English,Unit Test 2,25,12.9
17099,713,69,English,Half Yearly,100,63.1
17100,713,69,English,Annual Exam,100,41.2
17101,713,70,Social Studies,Unit Test 1,25,13.9
17102,713,70,Social Studies,Unit Test 2,25,14.7
17103,713,70,Social Studies,Half Yearly,100,63.1
17104,713,70,Social Studies,Annual Exam,100,52.6
17105,713,71,Telugu,Unit Test 1,25,15.8
17106,713,71,Telugu,Unit Test 2,25,14.8
17107,713,71,Telugu,Half Yearly,100,59.4
17108,713,71,Telugu,Annual Exam,100,54.8
17109,713,72,Computer Science,Unit Test 1,25,12.5
17110,713,72,Computer Science,Unit Test 2,25,11.5
17111,713,72,Computer Science,Half Yearly,100,50.1
17112,713,72,Computer Science,Annual Exam,100,49.6
17113,714,67,Mathematics,Unit Test 1,25,18.6
17114,714,67,Mathematics,Unit Test 2,25,17.1
17115,714,67,Mathematics,Half Yearly,100,69.2
17116,714,67,Mathematics,Annual Exam,100,73.1
17117,714,68,Science,Unit Test 1,25,17.7
17118,714,68,Science,Unit Test 2,25,13.1
17119,714,68,Science,Half Yearly,100,62.0
17120,714,68,Science,Annual Exam,100,68.5
17121,714,69,English,Unit Test 1,25,14.2
17122,714,69,English,Unit Test 2,25,12.5
17123,714,69,English,Half Yearly,100,70.3
17124,714,69,English,Annual Exam,100,62.9
17125,714,70,Social Studies,Unit Test 1,25,13.8
17126,714,70,Social Studies,Unit Test 2,25,14.2
17127,714,70,Social Studies,Half Yearly,100,59.5
17128,714,70,Social Studies,Annual Exam,100,50.4
17129,714,71,Telugu,Unit Test 1,25,15.6
17130,714,71,Telugu,Unit Test 2,25,11.6
17131,714,71,Telugu,Half Yearly,100,61.0
17132,714,71,Telugu,Annual Exam,100,58.6
17133,714,72,Computer Science,Unit Test 1,25,12.6
17134,714,72,Computer Science,Unit Test 2,25,14.0
17135,714,72,Computer Science,Half Yearly,100,53.4
17136,714,72,Computer Science,Annual Exam,100,75.1
17137,715,67,Mathematics,Unit Test 1,25,15.6
17138,715,67,Mathematics,Unit Test 2,25,19.2
17139,715,67,Mathematics,Half Yearly,100,70.8
17140,715,67,Mathematics,Annual Exam,100,69.1
17141,715,68,Science,Unit Test 1,25,20.7
17142,715,68,Science,Unit Test 2,25,17.7
17143,715,68,Science,Half Yearly,100,54.4
17144,715,68,Science,Annual Exam,100,77.1
17145,715,69,English,Unit Test 1,25,21.9
17146,715,69,English,Unit Test 2,25,21.5
17147,715,69,English,Half Yearly,100,82.9
17148,715,69,English,Annual Exam,100,93.9
17149,715,70,Social Studies,Unit Test 1,25,20.9
17150,715,70,Social Studies,Unit Test 2,25,21.0
17151,715,70,Social Studies,Half Yearly,100,77.4
17152,715,70,Social Studies,Annual Exam,100,96.1
17153,715,71,Telugu,Unit Test 1,25,21.3
17154,715,71,Telugu,Unit Test 2,25,20.0
17155,715,71,Telugu,Half Yearly,100,74.6
17156,715,71,Telugu,Annual Exam,100,94.0
17157,715,72,Computer Science,Unit Test 1,25,15.9
17158,715,72,Computer Science,Unit Test 2,25,22.6
17159,715,72,Computer Science,Half Yearly,100,77.5
17160,715,72,Computer Science,Annual Exam,100,84.5
17161,716,67,Mathematics,Unit Test 1,25,18.3
17162,716,67,Mathematics,Unit Test 2,25,14.8
17163,716,67,Mathematics,Half Yearly,100,82.5
17164,716,67,Mathematics,Annual Exam,100,75.9
17165,716,68,Science,Unit Test 1,25,20.6
17166,716,68,Science,Unit Test 2,25,22.7
17167,716,68,Science,Half Yearly,100,80.0
17168,716,68,Science,Annual Exam,100,85.8
17169,716,69,English,Unit Test 1,25,16.6
17170,716,69,English,Unit Test 2,25,16.4
17171,716,69,English,Half Yearly,100,79.8
17172,716,69,English,Annual Exam,100,65.3
17173,716,70,Social Studies,Unit Test 1,25,18.5
17174,716,70,Social Studies,Unit Test 2,25,18.5
17175,716,70,Social Studies,Half Yearly,100,85.5
17176,716,70,Social Studies,Annual Exam,100,82.3
17177,716,71,Telugu,Unit Test 1,25,13.3
17178,716,71,Telugu,Unit Test 2,25,16.4
17179,716,71,Telugu,Half Yearly,100,69.3
17180,716,71,Telugu,Annual Exam,100,76.1
17181,716,72,Computer Science,Unit Test 1,25,20.4
17182,716,72,Computer Science,Unit Test 2,25,16.6
17183,716,72,Computer Science,Half Yearly,100,61.7
17184,716,72,Computer Science,Annual Exam,100,66.9
17185,717,67,Mathematics,Unit Test 1,25,5.2
17186,717,67,Mathematics,Unit Test 2,25,8.0
17187,717,67,Mathematics,Half Yearly,100,32.4
17188,717,67,Mathematics,Annual Exam,100,28.4
17189,717,68,Science,Unit Test 1,25,8.9
17190,717,68,Science,Unit Test 2,25,10.9
17191,717,68,Science,Half Yearly,100,50.8
17192,717,68,Science,Annual Exam,100,34.9
17193,717,69,English,Unit Test 1,25,9.2
17194,717,69,English,Unit Test 2,25,10.4
17195,717,69,English,Half Yearly,100,18.9
17196,717,69,English,Annual Exam,100,38.3
17197,717,70,Social Studies,Unit Test 1,25,6.8
17198,717,70,Social Studies,Unit Test 2,25,7.7
17199,717,70,Social Studies,Half Yearly,100,38.0
17200,717,70,Social Studies,Annual Exam,100,27.8
17201,717,71,Telugu,Unit Test 1,25,5.5
17202,717,71,Telugu,Unit Test 2,25,8.1
17203,717,71,Telugu,Half Yearly,100,30.3
17204,717,71,Telugu,Annual Exam,100,26.3
17205,717,72,Computer Science,Unit Test 1,25,11.4
17206,717,72,Computer Science,Unit Test 2,25,11.1
17207,717,72,Computer Science,Half Yearly,100,33.1
17208,717,72,Computer Science,Annual Exam,100,51.4
17209,718,67,Mathematics,Unit Test 1,25,19.0
17210,718,67,Mathematics,Unit Test 2,25,22.1
17211,718,67,Mathematics,Half Yearly,100,65.8
17212,718,67,Mathematics,Annual Exam,100,50.0
17213,718,68,Science,Unit Test 1,25,15.1
17214,718,68,Science,Unit Test 2,25,17.8
17215,718,68,Science,Half Yearly,100,52.8
17216,718,68,Science,Annual Exam,100,57.7
17217,718,69,English,Unit Test 1,25,19.1
17218,718,69,English,Unit Test 2,25,17.7
17219,718,69,English,Half Yearly,100,70.0
17220,718,69,English,Annual Exam,100,84.3
17221,718,70,Social Studies,Unit Test 1,25,17.8
17222,718,70,Social Studies,Unit Test 2,25,14.4
17223,718,70,Social Studies,Half Yearly,100,63.6
17224,718,70,Social Studies,Annual Exam,100,56.3
17225,718,71,Telugu,Unit Test 1,25,17.9
17226,718,71,Telugu,Unit Test 2,25,18.3
17227,718,71,Telugu,Half Yearly,100,71.3
17228,718,71,Telugu,Annual Exam,100,68.6
17229,718,72,Computer Science,Unit Test 1,25,17.4
17230,718,72,Computer Science,Unit Test 2,25,17.8
17231,718,72,Computer Science,Half Yearly,100,60.8
17232,718,72,Computer Science,Annual Exam,100,64.2
17233,719,67,Mathematics,Unit Test 1,25,19.1
17234,719,67,Mathematics,Unit Test 2,25,19.4
17235,719,67,Mathematics,Half Yearly,100,76.0
17236,719,67,Mathematics,Annual Exam,100,89.0
17237,719,68,Science,Unit Test 1,25,19.8
17238,719,68,Science,Unit Test 2,25,18.4
17239,719,68,Science,Half Yearly,100,72.8
17240,719,68,Science,Annual Exam,100,76.8
17241,719,69,English,Unit Test 1,25,18.8
17242,719,69,English,Unit Test 2,25,18.6
17243,719,69,English,Half Yearly,100,74.9
17244,719,69,English,Annual Exam,100,74.7
17245,719,70,Social Studies,Unit Test 1,25,16.4
17246,719,70,Social Studies,Unit Test 2,25,19.6
17247,719,70,Social Studies,Half Yearly,100,67.7
17248,719,70,Social Studies,Annual Exam,100,81.1
17249,719,71,Telugu,Unit Test 1,25,21.0
17250,719,71,Telugu,Unit Test 2,25,18.2
17251,719,71,Telugu,Half Yearly,100,85.1
17252,719,71,Telugu,Annual Exam,100,70.4
17253,719,72,Computer Science,Unit Test 1,25,12.0
17254,719,72,Computer Science,Unit Test 2,25,14.7
17255,719,72,Computer Science,Half Yearly,100,73.8
17256,719,72,Computer Science,Annual Exam,100,79.4
17257,720,67,Mathematics,Unit Test 1,25,18.5
17258,720,67,Mathematics,Unit Test 2,25,20.0
17259,720,67,Mathematics,Half Yearly,100,73.8
17260,720,67,Mathematics,Annual Exam,100,76.0
17261,720,68,Science,Unit Test 1,25,22.9
17262,720,68,Science,Unit Test 2,25,20.5
17263,720,68,Science,Half Yearly,100,79.6
17264,720,68,Science,Annual Exam,100,80.6
17265,720,69,English,Unit Test 1,25,19.6
17266,720,69,English,Unit Test 2,25,20.4
17267,720,69,English,Half Yearly,100,65.4
17268,720,69,English,Annual Exam,100,67.3
17269,720,70,Social Studies,Unit Test 1,25,20.7
17270,720,70,Social Studies,Unit Test 2,25,19.0
17271,720,70,Social Studies,Half Yearly,100,86.0
17272,720,70,Social Studies,Annual Exam,100,85.5
17273,720,71,Telugu,Unit Test 1,25,16.5
17274,720,71,Telugu,Unit Test 2,25,21.3
17275,720,71,Telugu,Half Yearly,100,82.3
17276,720,71,Telugu,Annual Exam,100,79.6
17277,720,72,Computer Science,Unit Test 1,25,20.6
17278,720,72,Computer Science,Unit Test 2,25,18.2
17279,720,72,Computer Science,Half Yearly,100,75.7
17280,720,72,Computer Science,Annual Exam,100,69.0
17281,721,73,Mathematics,Unit Test 1,25,12.3
17282,721,73,Mathematics,Unit Test 2,25,13.0
17283,721,73,Mathematics,Half Yearly,100,79.6
17284,721,73,Mathematics,Annual Exam,100,56.8
17285,721,74,Science,Unit Test 1,25,6.8
17286,721,74,Science,Unit Test 2,25,11.4
17287,721,74,Science,Half Yearly,100,56.5
17288,721,74,Science,Annual Exam,100,27.4
17289,721,75,English,Unit Test 1,25,9.4
17290,721,75,English,Unit Test 2,25,8.6
17291,721,75,English,Half Yearly,100,58.5
17292,721,75,English,Annual Exam,100,56.3
17293,721,76,Social Studies,Unit Test 1,25,20.0
17294,721,76,Social Studies,Unit Test 2,25,16.8
17295,721,76,Social Studies,Half Yearly,100,53.2
17296,721,76,Social Studies,Annual Exam,100,66.1
17297,721,77,Telugu,Unit Test 1,25,12.7
17298,721,77,Telugu,Unit Test 2,25,12.0
17299,721,77,Telugu,Half Yearly,100,63.6
17300,721,77,Telugu,Annual Exam,100,49.2
17301,721,78,Computer Science,Unit Test 1,25,13.4
17302,721,78,Computer Science,Unit Test 2,25,13.2
17303,721,78,Computer Science,Half Yearly,100,51.0
17304,721,78,Computer Science,Annual Exam,100,59.6
17305,722,73,Mathematics,Unit Test 1,25,16.0
17306,722,73,Mathematics,Unit Test 2,25,18.5
17307,722,73,Mathematics,Half Yearly,100,84.6
17308,722,73,Mathematics,Annual Exam,100,85.2
17309,722,74,Science,Unit Test 1,25,22.3
17310,722,74,Science,Unit Test 2,25,20.3
17311,722,74,Science,Half Yearly,100,84.5
17312,722,74,Science,Annual Exam,100,82.4
17313,722,75,English,Unit Test 1,25,18.8
17314,722,75,English,Unit Test 2,25,16.3
17315,722,75,English,Half Yearly,100,72.4
17316,722,75,English,Annual Exam,100,69.0
17317,722,76,Social Studies,Unit Test 1,25,23.0
17318,722,76,Social Studies,Unit Test 2,25,20.9
17319,722,76,Social Studies,Half Yearly,100,66.3
17320,722,76,Social Studies,Annual Exam,100,81.7
17321,722,77,Telugu,Unit Test 1,25,23.3
17322,722,77,Telugu,Unit Test 2,25,22.2
17323,722,77,Telugu,Half Yearly,100,85.5
17324,722,77,Telugu,Annual Exam,100,81.3
17325,722,78,Computer Science,Unit Test 1,25,18.5
17326,722,78,Computer Science,Unit Test 2,25,20.3
17327,722,78,Computer Science,Half Yearly,100,73.4
17328,722,78,Computer Science,Annual Exam,100,88.2
17329,723,73,Mathematics,Unit Test 1,25,16.1
17330,723,73,Mathematics,Unit Test 2,25,17.2
17331,723,73,Mathematics,Half Yearly,100,63.3
17332,723,73,Mathematics,Annual Exam,100,67.6
17333,723,74,Science,Unit Test 1,25,14.7
17334,723,74,Science,Unit Test 2,25,16.0
17335,723,74,Science,Half Yearly,100,70.9
17336,723,74,Science,Annual Exam,100,70.9
17337,723,75,English,Unit Test 1,25,18.9
17338,723,75,English,Unit Test 2,25,13.2
17339,723,75,English,Half Yearly,100,66.7
17340,723,75,English,Annual Exam,100,70.7
17341,723,76,Social Studies,Unit Test 1,25,15.4
17342,723,76,Social Studies,Unit Test 2,25,16.2
17343,723,76,Social Studies,Half Yearly,100,60.5
17344,723,76,Social Studies,Annual Exam,100,67.9
17345,723,77,Telugu,Unit Test 1,25,18.1
17346,723,77,Telugu,Unit Test 2,25,14.9
17347,723,77,Telugu,Half Yearly,100,59.2
17348,723,77,Telugu,Annual Exam,100,66.3
17349,723,78,Computer Science,Unit Test 1,25,20.2
17350,723,78,Computer Science,Unit Test 2,25,18.7
17351,723,78,Computer Science,Half Yearly,100,78.8
17352,723,78,Computer Science,Annual Exam,100,78.9
17353,724,73,Mathematics,Unit Test 1,25,20.2
17354,724,73,Mathematics,Unit Test 2,25,20.6
17355,724,73,Mathematics,Half Yearly,100,86.7
17356,724,73,Mathematics,Annual Exam,100,86.7
17357,724,74,Science,Unit Test 1,25,23.7
17358,724,74,Science,Unit Test 2,25,21.5
17359,724,74,Science,Half Yearly,100,91.6
17360,724,74,Science,Annual Exam,100,80.8
17361,724,75,English,Unit Test 1,25,25.0
17362,724,75,English,Unit Test 2,25,19.5
17363,724,75,English,Half Yearly,100,84.4
17364,724,75,English,Annual Exam,100,82.0
17365,724,76,Social Studies,Unit Test 1,25,23.5
17366,724,76,Social Studies,Unit Test 2,25,24.0
17367,724,76,Social Studies,Half Yearly,100,92.7
17368,724,76,Social Studies,Annual Exam,100,100.0
17369,724,77,Telugu,Unit Test 1,25,22.2
17370,724,77,Telugu,Unit Test 2,25,17.0
17371,724,77,Telugu,Half Yearly,100,68.3
17372,724,77,Telugu,Annual Exam,100,78.9
17373,724,78,Computer Science,Unit Test 1,25,21.3
17374,724,78,Computer Science,Unit Test 2,25,21.7
17375,724,78,Computer Science,Half Yearly,100,76.0
17376,724,78,Computer Science,Annual Exam,100,91.6
17377,725,73,Mathematics,Unit Test 1,25,11.1
17378,725,73,Mathematics,Unit Test 2,25,8.7
17379,725,73,Mathematics,Half Yearly,100,40.5
17380,725,73,Mathematics,Annual Exam,100,33.0
17381,725,74,Science,Unit Test 1,25,15.9
17382,725,74,Science,Unit Test 2,25,17.1
17383,725,74,Science,Half Yearly,100,60.0
17384,725,74,Science,Annual Exam,100,65.2
17385,725,75,English,Unit Test 1,25,13.2
17386,725,75,English,Unit Test 2,25,11.9
17387,725,75,English,Half Yearly,100,54.1
17388,725,75,English,Annual Exam,100,64.6
17389,725,76,Social Studies,Unit Test 1,25,16.5
17390,725,76,Social Studies,Unit Test 2,25,12.2
17391,725,76,Social Studies,Half Yearly,100,62.9
17392,725,76,Social Studies,Annual Exam,100,65.4
17393,725,77,Telugu,Unit Test 1,25,11.3
17394,725,77,Telugu,Unit Test 2,25,10.6
17395,725,77,Telugu,Half Yearly,100,53.4
17396,725,77,Telugu,Annual Exam,100,37.0
17397,725,78,Computer Science,Unit Test 1,25,11.2
17398,725,78,Computer Science,Unit Test 2,25,14.9
17399,725,78,Computer Science,Half Yearly,100,43.9
17400,725,78,Computer Science,Annual Exam,100,52.5
17401,726,73,Mathematics,Unit Test 1,25,16.3
17402,726,73,Mathematics,Unit Test 2,25,18.5
17403,726,73,Mathematics,Half Yearly,100,54.9
17404,726,73,Mathematics,Annual Exam,100,62.6
17405,726,74,Science,Unit Test 1,25,22.2
17406,726,74,Science,Unit Test 2,25,24.0
17407,726,74,Science,Half Yearly,100,83.5
17408,726,74,Science,Annual Exam,100,79.2
17409,726,75,English,Unit Test 1,25,19.9
17410,726,75,English,Unit Test 2,25,17.0
17411,726,75,English,Half Yearly,100,86.4
17412,726,75,English,Annual Exam,100,70.8
17413,726,76,Social Studies,Unit Test 1,25,17.6
17414,726,76,Social Studies,Unit Test 2,25,23.6
17415,726,76,Social Studies,Half Yearly,100,63.6
17416,726,76,Social Studies,Annual Exam,100,69.8
17417,726,77,Telugu,Unit Test 1,25,18.0
17418,726,77,Telugu,Unit Test 2,25,18.1
17419,726,77,Telugu,Half Yearly,100,58.4
17420,726,77,Telugu,Annual Exam,100,70.0
17421,726,78,Computer Science,Unit Test 1,25,21.8
17422,726,78,Computer Science,Unit Test 2,25,19.8
17423,726,78,Computer Science,Half Yearly,100,79.3
17424,726,78,Computer Science,Annual Exam,100,79.7
17425,727,73,Mathematics,Unit Test 1,25,10.3
17426,727,73,Mathematics,Unit Test 2,25,9.7
17427,727,73,Mathematics,Half Yearly,100,40.2
17428,727,73,Mathematics,Annual Exam,100,52.6
17429,727,74,Science,Unit Test 1,25,13.1
17430,727,74,Science,Unit Test 2,25,11.5
17431,727,74,Science,Half Yearly,100,56.5
17432,727,74,Science,Annual Exam,100,63.8
17433,727,75,English,Unit Test 1,25,9.9
17434,727,75,English,Unit Test 2,25,9.2
17435,727,75,English,Half Yearly,100,51.7
17436,727,75,English,Annual Exam,100,31.3
17437,727,76,Social Studies,Unit Test 1,25,12.2
17438,727,76,Social Studies,Unit Test 2,25,8.1
17439,727,76,Social Studies,Half Yearly,100,33.7
17440,727,76,Social Studies,Annual Exam,100,26.1
17441,727,77,Telugu,Unit Test 1,25,10.4
17442,727,77,Telugu,Unit Test 2,25,8.3
17443,727,77,Telugu,Half Yearly,100,53.9
17444,727,77,Telugu,Annual Exam,100,32.3
17445,727,78,Computer Science,Unit Test 1,25,9.3
17446,727,78,Computer Science,Unit Test 2,25,9.5
17447,727,78,Computer Science,Half Yearly,100,35.1
17448,727,78,Computer Science,Annual Exam,100,56.5
17449,728,73,Mathematics,Unit Test 1,25,15.3
17450,728,73,Mathematics,Unit Test 2,25,19.6
17451,728,73,Mathematics,Half Yearly,100,57.2
17452,728,73,Mathematics,Annual Exam,100,66.9
17453,728,74,Science,Unit Test 1,25,18.6
17454,728,74,Science,Unit Test 2,25,17.6
17455,728,74,Science,Half Yearly,100,68.2
17456,728,74,Science,Annual Exam,100,66.7
17457,728,75,English,Unit Test 1,25,17.6
17458,728,75,English,Unit Test 2,25,16.4
17459,728,75,English,Half Yearly,100,70.6
17460,728,75,English,Annual Exam,100,73.4
17461,728,76,Social Studies,Unit Test 1,25,18.3
17462,728,76,Social Studies,Unit Test 2,25,19.4
17463,728,76,Social Studies,Half Yearly,100,81.3
17464,728,76,Social Studies,Annual Exam,100,76.8
17465,728,77,Telugu,Unit Test 1,25,17.2
17466,728,77,Telugu,Unit Test 2,25,18.7
17467,728,77,Telugu,Half Yearly,100,67.0
17468,728,77,Telugu,Annual Exam,100,72.6
17469,728,78,Computer Science,Unit Test 1,25,17.0
17470,728,78,Computer Science,Unit Test 2,25,16.2
17471,728,78,Computer Science,Half Yearly,100,61.7
17472,728,78,Computer Science,Annual Exam,100,67.3
17473,729,73,Mathematics,Unit Test 1,25,22.0
17474,729,73,Mathematics,Unit Test 2,25,16.8
17475,729,73,Mathematics,Half Yearly,100,91.2
17476,729,73,Mathematics,Annual Exam,100,82.8
17477,729,74,Science,Unit Test 1,25,21.3
17478,729,74,Science,Unit Test 2,25,18.7
17479,729,74,Science,Half Yearly,100,70.8
17480,729,74,Science,Annual Exam,100,75.7
17481,729,75,English,Unit Test 1,25,19.8
17482,729,75,English,Unit Test 2,25,17.6
17483,729,75,English,Half Yearly,100,72.7
17484,729,75,English,Annual Exam,100,58.5
17485,729,76,Social Studies,Unit Test 1,25,17.5
17486,729,76,Social Studies,Unit Test 2,25,16.2
17487,729,76,Social Studies,Half Yearly,100,57.6
17488,729,76,Social Studies,Annual Exam,100,68.2
17489,729,77,Telugu,Unit Test 1,25,14.7
17490,729,77,Telugu,Unit Test 2,25,17.3
17491,729,77,Telugu,Half Yearly,100,65.7
17492,729,77,Telugu,Annual Exam,100,67.1
17493,729,78,Computer Science,Unit Test 1,25,19.9
17494,729,78,Computer Science,Unit Test 2,25,15.6
17495,729,78,Computer Science,Half Yearly,100,64.8
17496,729,78,Computer Science,Annual Exam,100,65.0
17497,730,73,Mathematics,Unit Test 1,25,14.5
17498,730,73,Mathematics,Unit Test 2,25,15.7
17499,730,73,Mathematics,Half Yearly,100,83.5
17500,730,73,Mathematics,Annual Exam,100,56.2
17501,730,74,Science,Unit Test 1,25,15.0
17502,730,74,Science,Unit Test 2,25,19.0
17503,730,74,Science,Half Yearly,100,68.6
17504,730,74,Science,Annual Exam,100,66.4
17505,730,75,English,Unit Test 1,25,17.4
17506,730,75,English,Unit Test 2,25,14.8
17507,730,75,English,Half Yearly,100,60.7
17508,730,75,English,Annual Exam,100,76.4
17509,730,76,Social Studies,Unit Test 1,25,15.9
17510,730,76,Social Studies,Unit Test 2,25,15.4
17511,730,76,Social Studies,Half Yearly,100,51.5
17512,730,76,Social Studies,Annual Exam,100,60.6
17513,730,77,Telugu,Unit Test 1,25,19.7
17514,730,77,Telugu,Unit Test 2,25,17.2
17515,730,77,Telugu,Half Yearly,100,60.8
17516,730,77,Telugu,Annual Exam,100,58.7
17517,730,78,Computer Science,Unit Test 1,25,16.6
17518,730,78,Computer Science,Unit Test 2,25,19.9
17519,730,78,Computer Science,Half Yearly,100,55.6
17520,730,78,Computer Science,Annual Exam,100,59.6
17521,731,73,Mathematics,Unit Test 1,25,11.4
17522,731,73,Mathematics,Unit Test 2,25,13.7
17523,731,73,Mathematics,Half Yearly,100,65.2
17524,731,73,Mathematics,Annual Exam,100,44.5
17525,731,74,Science,Unit Test 1,25,11.6
17526,731,74,Science,Unit Test 2,25,11.2
17527,731,74,Science,Half Yearly,100,55.7
17528,731,74,Science,Annual Exam,100,54.3
17529,731,75,English,Unit Test 1,25,7.7
17530,731,75,English,Unit Test 2,25,13.7
17531,731,75,English,Half Yearly,100,48.9
17532,731,75,English,Annual Exam,100,40.4
17533,731,76,Social Studies,Unit Test 1,25,13.7
17534,731,76,Social Studies,Unit Test 2,25,12.0
17535,731,76,Social Studies,Half Yearly,100,65.8
17536,731,76,Social Studies,Annual Exam,100,41.6
17537,731,77,Telugu,Unit Test 1,25,14.1
17538,731,77,Telugu,Unit Test 2,25,12.1
17539,731,77,Telugu,Half Yearly,100,41.3
17540,731,77,Telugu,Annual Exam,100,69.5
17541,731,78,Computer Science,Unit Test 1,25,11.2
17542,731,78,Computer Science,Unit Test 2,25,15.6
17543,731,78,Computer Science,Half Yearly,100,52.1
17544,731,78,Computer Science,Annual Exam,100,39.3
17545,732,73,Mathematics,Unit Test 1,25,18.0
17546,732,73,Mathematics,Unit Test 2,25,16.4
17547,732,73,Mathematics,Half Yearly,100,75.7
17548,732,73,Mathematics,Annual Exam,100,74.6
17549,732,74,Science,Unit Test 1,25,16.4
17550,732,74,Science,Unit Test 2,25,18.4
17551,732,74,Science,Half Yearly,100,70.9
17552,732,74,Science,Annual Exam,100,58.4
17553,732,75,English,Unit Test 1,25,18.4
17554,732,75,English,Unit Test 2,25,17.6
17555,732,75,English,Half Yearly,100,78.5
17556,732,75,English,Annual Exam,100,65.3
17557,732,76,Social Studies,Unit Test 1,25,16.2
17558,732,76,Social Studies,Unit Test 2,25,17.6
17559,732,76,Social Studies,Half Yearly,100,59.0
17560,732,76,Social Studies,Annual Exam,100,52.7
17561,732,77,Telugu,Unit Test 1,25,17.1
17562,732,77,Telugu,Unit Test 2,25,21.0
17563,732,77,Telugu,Half Yearly,100,85.1
17564,732,77,Telugu,Annual Exam,100,84.1
17565,732,78,Computer Science,Unit Test 1,25,21.4
17566,732,78,Computer Science,Unit Test 2,25,17.6
17567,732,78,Computer Science,Half Yearly,100,69.2
17568,732,78,Computer Science,Annual Exam,100,68.5
17569,733,73,Mathematics,Unit Test 1,25,15.9
17570,733,73,Mathematics,Unit Test 2,25,13.0
17571,733,73,Mathematics,Half Yearly,100,76.8
17572,733,73,Mathematics,Annual Exam,100,73.3
17573,733,74,Science,Unit Test 1,25,15.8
17574,733,74,Science,Unit Test 2,25,15.9
17575,733,74,Science,Half Yearly,100,57.7
17576,733,74,Science,Annual Exam,100,64.8
17577,733,75,English,Unit Test 1,25,18.7
17578,733,75,English,Unit Test 2,25,14.3
17579,733,75,English,Half Yearly,100,78.7
17580,733,75,English,Annual Exam,100,73.7
17581,733,76,Social Studies,Unit Test 1,25,14.2
17582,733,76,Social Studies,Unit Test 2,25,15.0
17583,733,76,Social Studies,Half Yearly,100,69.2
17584,733,76,Social Studies,Annual Exam,100,76.8
17585,733,77,Telugu,Unit Test 1,25,14.9
17586,733,77,Telugu,Unit Test 2,25,15.7
17587,733,77,Telugu,Half Yearly,100,60.0
17588,733,77,Telugu,Annual Exam,100,66.4
17589,733,78,Computer Science,Unit Test 1,25,17.9
17590,733,78,Computer Science,Unit Test 2,25,22.4
17591,733,78,Computer Science,Half Yearly,100,67.4
17592,733,78,Computer Science,Annual Exam,100,78.6
17593,734,73,Mathematics,Unit Test 1,25,12.3
17594,734,73,Mathematics,Unit Test 2,25,11.9
17595,734,73,Mathematics,Half Yearly,100,47.1
17596,734,73,Mathematics,Annual Exam,100,58.7
17597,734,74,Science,Unit Test 1,25,11.8
17598,734,74,Science,Unit Test 2,25,11.7
17599,734,74,Science,Half Yearly,100,42.3
17600,734,74,Science,Annual Exam,100,37.2
17601,734,75,English,Unit Test 1,25,12.8
17602,734,75,English,Unit Test 2,25,11.2
17603,734,75,English,Half Yearly,100,49.7
17604,734,75,English,Annual Exam,100,62.9
17605,734,76,Social Studies,Unit Test 1,25,14.9
17606,734,76,Social Studies,Unit Test 2,25,15.5
17607,734,76,Social Studies,Half Yearly,100,51.2
17608,734,76,Social Studies,Annual Exam,100,44.8
17609,734,77,Telugu,Unit Test 1,25,5.1
17610,734,77,Telugu,Unit Test 2,25,9.8
17611,734,77,Telugu,Half Yearly,100,31.8
17612,734,77,Telugu,Annual Exam,100,40.1
17613,734,78,Computer Science,Unit Test 1,25,8.9
17614,734,78,Computer Science,Unit Test 2,25,11.0
17615,734,78,Computer Science,Half Yearly,100,45.2
17616,734,78,Computer Science,Annual Exam,100,32.6
17617,735,73,Mathematics,Unit Test 1,25,16.0
17618,735,73,Mathematics,Unit Test 2,25,11.9
17619,735,73,Mathematics,Half Yearly,100,53.6
17620,735,73,Mathematics,Annual Exam,100,59.7
17621,735,74,Science,Unit Test 1,25,17.6
17622,735,74,Science,Unit Test 2,25,19.2
17623,735,74,Science,Half Yearly,100,73.6
17624,735,74,Science,Annual Exam,100,63.6
17625,735,75,English,Unit Test 1,25,11.8
17626,735,75,English,Unit Test 2,25,13.3
17627,735,75,English,Half Yearly,100,38.8
17628,735,75,English,Annual Exam,100,50.1
17629,735,76,Social Studies,Unit Test 1,25,14.9
17630,735,76,Social Studies,Unit Test 2,25,15.1
17631,735,76,Social Studies,Half Yearly,100,53.8
17632,735,76,Social Studies,Annual Exam,100,75.6
17633,735,77,Telugu,Unit Test 1,25,14.9
17634,735,77,Telugu,Unit Test 2,25,15.5
17635,735,77,Telugu,Half Yearly,100,45.4
17636,735,77,Telugu,Annual Exam,100,48.3
17637,735,78,Computer Science,Unit Test 1,25,16.8
17638,735,78,Computer Science,Unit Test 2,25,16.1
17639,735,78,Computer Science,Half Yearly,100,62.3
17640,735,78,Computer Science,Annual Exam,100,74.3
17641,736,73,Mathematics,Unit Test 1,25,23.6
17642,736,73,Mathematics,Unit Test 2,25,24.0
17643,736,73,Mathematics,Half Yearly,100,95.1
17644,736,73,Mathematics,Annual Exam,100,82.4
17645,736,74,Science,Unit Test 1,25,21.2
17646,736,74,Science,Unit Test 2,25,21.6
17647,736,74,Science,Half Yearly,100,91.6
17648,736,74,Science,Annual Exam,100,82.0
17649,736,75,English,Unit Test 1,25,21.4
17650,736,75,English,Unit Test 2,25,22.3
17651,736,75,English,Half Yearly,100,83.2
17652,736,75,English,Annual Exam,100,97.8
17653,736,76,Social Studies,Unit Test 1,25,19.9
17654,736,76,Social Studies,Unit Test 2,25,15.4
17655,736,76,Social Studies,Half Yearly,100,72.9
17656,736,76,Social Studies,Annual Exam,100,72.1
17657,736,77,Telugu,Unit Test 1,25,23.9
17658,736,77,Telugu,Unit Test 2,25,23.4
17659,736,77,Telugu,Half Yearly,100,92.9
17660,736,77,Telugu,Annual Exam,100,100.0
17661,736,78,Computer Science,Unit Test 1,25,22.3
17662,736,78,Computer Science,Unit Test 2,25,25.0
17663,736,78,Computer Science,Half Yearly,100,73.9
17664,736,78,Computer Science,Annual Exam,100,94.7
17665,737,73,Mathematics,Unit Test 1,25,17.2
17666,737,73,Mathematics,Unit Test 2,25,17.2
17667,737,73,Mathematics,Half Yearly,100,76.9
17668,737,73,Mathematics,Annual Exam,100,70.5
17669,737,74,Science,Unit Test 1,25,16.1
17670,737,74,Science,Unit Test 2,25,18.1
17671,737,74,Science,Half Yearly,100,56.1
17672,737,74,Science,Annual Exam,100,73.3
17673,737,75,English,Unit Test 1,25,13.9
17674,737,75,English,Unit Test 2,25,15.2
17675,737,75,English,Half Yearly,100,71.9
17676,737,75,English,Annual Exam,100,67.4
17677,737,76,Social Studies,Unit Test 1,25,16.0
17678,737,76,Social Studies,Unit Test 2,25,17.7
17679,737,76,Social Studies,Half Yearly,100,72.0
17680,737,76,Social Studies,Annual Exam,100,73.9
17681,737,77,Telugu,Unit Test 1,25,17.8
17682,737,77,Telugu,Unit Test 2,25,16.6
17683,737,77,Telugu,Half Yearly,100,75.5
17684,737,77,Telugu,Annual Exam,100,61.6
17685,737,78,Computer Science,Unit Test 1,25,15.0
17686,737,78,Computer Science,Unit Test 2,25,16.4
17687,737,78,Computer Science,Half Yearly,100,60.3
17688,737,78,Computer Science,Annual Exam,100,61.0
17689,738,73,Mathematics,Unit Test 1,25,21.2
17690,738,73,Mathematics,Unit Test 2,25,20.3
17691,738,73,Mathematics,Half Yearly,100,79.3
17692,738,73,Mathematics,Annual Exam,100,75.2
17693,738,74,Science,Unit Test 1,25,18.4
17694,738,74,Science,Unit Test 2,25,23.5
17695,738,74,Science,Half Yearly,100,87.0
17696,738,74,Science,Annual Exam,100,84.9
17697,738,75,English,Unit Test 1,25,18.2
17698,738,75,English,Unit Test 2,25,22.4
17699,738,75,English,Half Yearly,100,83.7
17700,738,75,English,Annual Exam,100,80.3
17701,738,76,Social Studies,Unit Test 1,25,20.4
17702,738,76,Social Studies,Unit Test 2,25,21.2
17703,738,76,Social Studies,Half Yearly,100,88.6
17704,738,76,Social Studies,Annual Exam,100,100.0
17705,738,77,Telugu,Unit Test 1,25,21.3
17706,738,77,Telugu,Unit Test 2,25,22.1
17707,738,77,Telugu,Half Yearly,100,84.8
17708,738,77,Telugu,Annual Exam,100,81.8
17709,738,78,Computer Science,Unit Test 1,25,22.9
17710,738,78,Computer Science,Unit Test 2,25,23.6
17711,738,78,Computer Science,Half Yearly,100,83.5
17712,738,78,Computer Science,Annual Exam,100,86.3
17713,739,73,Mathematics,Unit Test 1,25,19.8
17714,739,73,Mathematics,Unit Test 2,25,20.6
17715,739,73,Mathematics,Half Yearly,100,96.3
17716,739,73,Mathematics,Annual Exam,100,69.4
17717,739,74,Science,Unit Test 1,25,18.1
17718,739,74,Science,Unit Test 2,25,21.9
17719,739,74,Science,Half Yearly,100,74.0
17720,739,74,Science,Annual Exam,100,92.9
17721,739,75,English,Unit Test 1,25,20.2
17722,739,75,English,Unit Test 2,25,22.4
17723,739,75,English,Half Yearly,100,82.5
17724,739,75,English,Annual Exam,100,90.4
17725,739,76,Social Studies,Unit Test 1,25,17.7
17726,739,76,Social Studies,Unit Test 2,25,24.7
17727,739,76,Social Studies,Half Yearly,100,66.1
17728,739,76,Social Studies,Annual Exam,100,95.8
17729,739,77,Telugu,Unit Test 1,25,21.4
17730,739,77,Telugu,Unit Test 2,25,24.9
17731,739,77,Telugu,Half Yearly,100,83.7
17732,739,77,Telugu,Annual Exam,100,94.6
17733,739,78,Computer Science,Unit Test 1,25,19.6
17734,739,78,Computer Science,Unit Test 2,25,24.7
17735,739,78,Computer Science,Half Yearly,100,77.3
17736,739,78,Computer Science,Annual Exam,100,91.5
17737,740,73,Mathematics,Unit Test 1,25,25.0
17738,740,73,Mathematics,Unit Test 2,25,25.0
17739,740,73,Mathematics,Half Yearly,100,100.0
17740,740,73,Mathematics,Annual Exam,100,94.0
17741,740,74,Science,Unit Test 1,25,24.7
17742,740,74,Science,Unit Test 2,25,25.0
17743,740,74,Science,Half Yearly,100,95.9
17744,740,74,Science,Annual Exam,100,100.0
17745,740,75,English,Unit Test 1,25,25.0
17746,740,75,English,Unit Test 2,25,24.7
17747,740,75,English,Half Yearly,100,88.5
17748,740,75,English,Annual Exam,100,97.2
17749,740,76,Social Studies,Unit Test 1,25,23.2
17750,740,76,Social Studies,Unit Test 2,25,25.0
17751,740,76,Social Studies,Half Yearly,100,99.6
17752,740,76,Social Studies,Annual Exam,100,100.0
17753,740,77,Telugu,Unit Test 1,25,24.7
17754,740,77,Telugu,Unit Test 2,25,23.8
17755,740,77,Telugu,Half Yearly,100,94.8
17756,740,77,Telugu,Annual Exam,100,79.5
17757,740,78,Computer Science,Unit Test 1,25,25.0
17758,740,78,Computer Science,Unit Test 2,25,25.0
17759,740,78,Computer Science,Half Yearly,100,94.9
17760,740,78,Computer Science,Annual Exam,100,100.0
17761,741,73,Mathematics,Unit Test 1,25,17.5
17762,741,73,Mathematics,Unit Test 2,25,17.1
17763,741,73,Mathematics,Half Yearly,100,72.5
17764,741,73,Mathematics,Annual Exam,100,75.8
17765,741,74,Science,Unit Test 1,25,15.8
17766,741,74,Science,Unit Test 2,25,14.3
17767,741,74,Science,Half Yearly,100,62.2
17768,741,74,Science,Annual Exam,100,58.0
17769,741,75,English,Unit Test 1,25,16.9
17770,741,75,English,Unit Test 2,25,17.0
17771,741,75,English,Half Yearly,100,69.9
17772,741,75,English,Annual Exam,100,79.1
17773,741,76,Social Studies,Unit Test 1,25,16.7
17774,741,76,Social Studies,Unit Test 2,25,18.9
17775,741,76,Social Studies,Half Yearly,100,65.5
17776,741,76,Social Studies,Annual Exam,100,76.5
17777,741,77,Telugu,Unit Test 1,25,17.8
17778,741,77,Telugu,Unit Test 2,25,16.2
17779,741,77,Telugu,Half Yearly,100,75.9
17780,741,77,Telugu,Annual Exam,100,69.6
17781,741,78,Computer Science,Unit Test 1,25,18.9
17782,741,78,Computer Science,Unit Test 2,25,16.3
17783,741,78,Computer Science,Half Yearly,100,51.8
17784,741,78,Computer Science,Annual Exam,100,80.8
17785,742,73,Mathematics,Unit Test 1,25,17.7
17786,742,73,Mathematics,Unit Test 2,25,17.9
17787,742,73,Mathematics,Half Yearly,100,73.4
17788,742,73,Mathematics,Annual Exam,100,74.5
17789,742,74,Science,Unit Test 1,25,16.6
17790,742,74,Science,Unit Test 2,25,18.3
17791,742,74,Science,Half Yearly,100,61.9
17792,742,74,Science,Annual Exam,100,83.8
17793,742,75,English,Unit Test 1,25,16.3
17794,742,75,English,Unit Test 2,25,11.9
17795,742,75,English,Half Yearly,100,68.9
17796,742,75,English,Annual Exam,100,65.1
17797,742,76,Social Studies,Unit Test 1,25,17.7
17798,742,76,Social Studies,Unit Test 2,25,15.8
17799,742,76,Social Studies,Half Yearly,100,84.0
17800,742,76,Social Studies,Annual Exam,100,70.1
17801,742,77,Telugu,Unit Test 1,25,25.0
17802,742,77,Telugu,Unit Test 2,25,22.6
17803,742,77,Telugu,Half Yearly,100,85.1
17804,742,77,Telugu,Annual Exam,100,72.3
17805,742,78,Computer Science,Unit Test 1,25,14.0
17806,742,78,Computer Science,Unit Test 2,25,20.6
17807,742,78,Computer Science,Half Yearly,100,77.6
17808,742,78,Computer Science,Annual Exam,100,62.6
17809,743,73,Mathematics,Unit Test 1,25,25.0
17810,743,73,Mathematics,Unit Test 2,25,23.0
17811,743,73,Mathematics,Half Yearly,100,75.1
17812,743,73,Mathematics,Annual Exam,100,83.5
17813,743,74,Science,Unit Test 1,25,23.3
17814,743,74,Science,Unit Test 2,25,25.0
17815,743,74,Science,Half Yearly,100,99.5
17816,743,74,Science,Annual Exam,100,99.0
17817,743,75,English,Unit Test 1,25,22.8
17818,743,75,English,Unit Test 2,25,20.2
17819,743,75,English,Half Yearly,100,98.3
17820,743,75,English,Annual Exam,100,88.6
17821,743,76,Social Studies,Unit Test 1,25,23.7
17822,743,76,Social Studies,Unit Test 2,25,20.1
17823,743,76,Social Studies,Half Yearly,100,98.9
17824,743,76,Social Studies,Annual Exam,100,86.1
17825,743,77,Telugu,Unit Test 1,25,24.9
17826,743,77,Telugu,Unit Test 2,25,23.0
17827,743,77,Telugu,Half Yearly,100,86.3
17828,743,77,Telugu,Annual Exam,100,97.2
17829,743,78,Computer Science,Unit Test 1,25,20.8
17830,743,78,Computer Science,Unit Test 2,25,25.0
17831,743,78,Computer Science,Half Yearly,100,81.8
17832,743,78,Computer Science,Annual Exam,100,100.0
17833,744,73,Mathematics,Unit Test 1,25,17.3
17834,744,73,Mathematics,Unit Test 2,25,20.0
17835,744,73,Mathematics,Half Yearly,100,70.6
17836,744,73,Mathematics,Annual Exam,100,71.2
17837,744,74,Science,Unit Test 1,25,20.1
17838,744,74,Science,Unit Test 2,25,21.0
17839,744,74,Science,Half Yearly,100,83.9
17840,744,74,Science,Annual Exam,100,60.3
17841,744,75,English,Unit Test 1,25,16.6
17842,744,75,English,Unit Test 2,25,19.5
17843,744,75,English,Half Yearly,100,77.4
17844,744,75,English,Annual Exam,100,63.3
17845,744,76,Social Studies,Unit Test 1,25,18.1
17846,744,76,Social Studies,Unit Test 2,25,20.6
17847,744,76,Social Studies,Half Yearly,100,80.0
17848,744,76,Social Studies,Annual Exam,100,67.1
17849,744,77,Telugu,Unit Test 1,25,16.3
17850,744,77,Telugu,Unit Test 2,25,19.8
17851,744,77,Telugu,Half Yearly,100,67.6
17852,744,77,Telugu,Annual Exam,100,65.9
17853,744,78,Computer Science,Unit Test 1,25,18.6
17854,744,78,Computer Science,Unit Test 2,25,20.4
17855,744,78,Computer Science,Half Yearly,100,71.5
17856,744,78,Computer Science,Annual Exam,100,80.9
17857,745,73,Mathematics,Unit Test 1,25,21.2
17858,745,73,Mathematics,Unit Test 2,25,19.5
17859,745,73,Mathematics,Half Yearly,100,83.8
17860,745,73,Mathematics,Annual Exam,100,90.6
17861,745,74,Science,Unit Test 1,25,18.5
17862,745,74,Science,Unit Test 2,25,18.4
17863,745,74,Science,Half Yearly,100,75.5
17864,745,74,Science,Annual Exam,100,74.6
17865,745,75,English,Unit Test 1,25,16.5
17866,745,75,English,Unit Test 2,25,16.2
17867,745,75,English,Half Yearly,100,73.8
17868,745,75,English,Annual Exam,100,73.6
17869,745,76,Social Studies,Unit Test 1,25,18.4
17870,745,76,Social Studies,Unit Test 2,25,21.0
17871,745,76,Social Studies,Half Yearly,100,78.2
17872,745,76,Social Studies,Annual Exam,100,61.8
17873,745,77,Telugu,Unit Test 1,25,18.9
17874,745,77,Telugu,Unit Test 2,25,17.4
17875,745,77,Telugu,Half Yearly,100,94.9
17876,745,77,Telugu,Annual Exam,100,69.6
17877,745,78,Computer Science,Unit Test 1,25,16.1
17878,745,78,Computer Science,Unit Test 2,25,20.1
17879,745,78,Computer Science,Half Yearly,100,71.1
17880,745,78,Computer Science,Annual Exam,100,70.7
17881,746,73,Mathematics,Unit Test 1,25,13.5
17882,746,73,Mathematics,Unit Test 2,25,13.1
17883,746,73,Mathematics,Half Yearly,100,61.6
17884,746,73,Mathematics,Annual Exam,100,49.4
17885,746,74,Science,Unit Test 1,25,16.1
17886,746,74,Science,Unit Test 2,25,14.7
17887,746,74,Science,Half Yearly,100,70.7
17888,746,74,Science,Annual Exam,100,66.8
17889,746,75,English,Unit Test 1,25,11.1
17890,746,75,English,Unit Test 2,25,14.7
17891,746,75,English,Half Yearly,100,66.5
17892,746,75,English,Annual Exam,100,61.6
17893,746,76,Social Studies,Unit Test 1,25,14.8
17894,746,76,Social Studies,Unit Test 2,25,14.0
17895,746,76,Social Studies,Half Yearly,100,48.0
17896,746,76,Social Studies,Annual Exam,100,54.8
17897,746,77,Telugu,Unit Test 1,25,14.7
17898,746,77,Telugu,Unit Test 2,25,14.6
17899,746,77,Telugu,Half Yearly,100,63.9
17900,746,77,Telugu,Annual Exam,100,58.8
17901,746,78,Computer Science,Unit Test 1,25,13.4
17902,746,78,Computer Science,Unit Test 2,25,14.2
17903,746,78,Computer Science,Half Yearly,100,64.7
17904,746,78,Computer Science,Annual Exam,100,49.8
17905,747,73,Mathematics,Unit Test 1,25,9.8
17906,747,73,Mathematics,Unit Test 2,25,14.9
17907,747,73,Mathematics,Half Yearly,100,53.2
17908,747,73,Mathematics,Annual Exam,100,59.5
17909,747,74,Science,Unit Test 1,25,11.7
17910,747,74,Science,Unit Test 2,25,14.9
17911,747,74,Science,Half Yearly,100,57.8
17912,747,74,Science,Annual Exam,100,57.0
17913,747,75,English,Unit Test 1,25,16.6
17914,747,75,English,Unit Test 2,25,17.6
17915,747,75,English,Half Yearly,100,79.8
17916,747,75,English,Annual Exam,100,80.0
17917,747,76,Social Studies,Unit Test 1,25,13.3
17918,747,76,Social Studies,Unit Test 2,25,17.7
17919,747,76,Social Studies,Half Yearly,100,67.0
17920,747,76,Social Studies,Annual Exam,100,75.8
17921,747,77,Telugu,Unit Test 1,25,11.4
17922,747,77,Telugu,Unit Test 2,25,16.3
17923,747,77,Telugu,Half Yearly,100,68.2
17924,747,77,Telugu,Annual Exam,100,53.8
17925,747,78,Computer Science,Unit Test 1,25,13.4
17926,747,78,Computer Science,Unit Test 2,25,17.7
17927,747,78,Computer Science,Half Yearly,100,63.9
17928,747,78,Computer Science,Annual Exam,100,70.1
17929,748,73,Mathematics,Unit Test 1,25,13.8
17930,748,73,Mathematics,Unit Test 2,25,14.3
17931,748,73,Mathematics,Half Yearly,100,58.3
17932,748,73,Mathematics,Annual Exam,100,53.6
17933,748,74,Science,Unit Test 1,25,17.2
17934,748,74,Science,Unit Test 2,25,18.9
17935,748,74,Science,Half Yearly,100,61.6
17936,748,74,Science,Annual Exam,100,72.8
17937,748,75,English,Unit Test 1,25,18.9
17938,748,75,English,Unit Test 2,25,19.7
17939,748,75,English,Half Yearly,100,76.9
17940,748,75,English,Annual Exam,100,78.7
17941,748,76,Social Studies,Unit Test 1,25,16.9
17942,748,76,Social Studies,Unit Test 2,25,14.3
17943,748,76,Social Studies,Half Yearly,100,67.6
17944,748,76,Social Studies,Annual Exam,100,59.6
17945,748,77,Telugu,Unit Test 1,25,15.3
17946,748,77,Telugu,Unit Test 2,25,13.4
17947,748,77,Telugu,Half Yearly,100,64.2
17948,748,77,Telugu,Annual Exam,100,50.0
17949,748,78,Computer Science,Unit Test 1,25,20.9
17950,748,78,Computer Science,Unit Test 2,25,18.1
17951,748,78,Computer Science,Half Yearly,100,82.4
17952,748,78,Computer Science,Annual Exam,100,79.8
17953,749,73,Mathematics,Unit Test 1,25,13.9
17954,749,73,Mathematics,Unit Test 2,25,17.9
17955,749,73,Mathematics,Half Yearly,100,75.5
17956,749,73,Mathematics,Annual Exam,100,62.6
17957,749,74,Science,Unit Test 1,25,15.2
17958,749,74,Science,Unit Test 2,25,13.8
17959,749,74,Science,Half Yearly,100,60.2
17960,749,74,Science,Annual Exam,100,70.4
17961,749,75,English,Unit Test 1,25,15.9
17962,749,75,English,Unit Test 2,25,15.1
17963,749,75,English,Half Yearly,100,53.7
17964,749,75,English,Annual Exam,100,71.3
17965,749,76,Social Studies,Unit Test 1,25,16.6
17966,749,76,Social Studies,Unit Test 2,25,16.9
17967,749,76,Social Studies,Half Yearly,100,84.3
17968,749,76,Social Studies,Annual Exam,100,72.6
17969,749,77,Telugu,Unit Test 1,25,17.5
17970,749,77,Telugu,Unit Test 2,25,18.2
17971,749,77,Telugu,Half Yearly,100,84.1
17972,749,77,Telugu,Annual Exam,100,68.1
17973,749,78,Computer Science,Unit Test 1,25,18.1
17974,749,78,Computer Science,Unit Test 2,25,21.0
17975,749,78,Computer Science,Half Yearly,100,67.8
17976,749,78,Computer Science,Annual Exam,100,82.9
17977,750,73,Mathematics,Unit Test 1,25,16.5
17978,750,73,Mathematics,Unit Test 2,25,20.5
17979,750,73,Mathematics,Half Yearly,100,72.9
17980,750,73,Mathematics,Annual Exam,100,78.5
17981,750,74,Science,Unit Test 1,25,20.0
17982,750,74,Science,Unit Test 2,25,18.5
17983,750,74,Science,Half Yearly,100,77.6
17984,750,74,Science,Annual Exam,100,79.3
17985,750,75,English,Unit Test 1,25,22.7
17986,750,75,English,Unit Test 2,25,19.3
17987,750,75,English,Half Yearly,100,73.4
17988,750,75,English,Annual Exam,100,75.8
17989,750,76,Social Studies,Unit Test 1,25,22.3
17990,750,76,Social Studies,Unit Test 2,25,20.8
17991,750,76,Social Studies,Half Yearly,100,89.5
17992,750,76,Social Studies,Annual Exam,100,99.0
17993,750,77,Telugu,Unit Test 1,25,21.8
17994,750,77,Telugu,Unit Test 2,25,20.6
17995,750,77,Telugu,Half Yearly,100,74.8
17996,750,77,Telugu,Annual Exam,100,89.3
17997,750,78,Computer Science,Unit Test 1,25,20.7
17998,750,78,Computer Science,Unit Test 2,25,18.3
17999,750,78,Computer Science,Half Yearly,100,78.6
18000,750,78,Computer Science,Annual Exam,100,88.8
18001,751,73,Mathematics,Unit Test 1,25,6.0
18002,751,73,Mathematics,Unit Test 2,25,3.8
18003,751,73,Mathematics,Half Yearly,100,17.8
18004,751,73,Mathematics,Annual Exam,100,15.0
18005,751,74,Science,Unit Test 1,25,8.0
18006,751,74,Science,Unit Test 2,25,6.8
18007,751,74,Science,Half Yearly,100,49.2
18008,751,74,Science,Annual Exam,100,36.4
18009,751,75,English,Unit Test 1,25,7.4
18010,751,75,English,Unit Test 2,25,5.0
18011,751,75,English,Half Yearly,100,36.2
18012,751,75,English,Annual Exam,100,17.1
18013,751,76,Social Studies,Unit Test 1,25,3.9
18014,751,76,Social Studies,Unit Test 2,25,8.7
18015,751,76,Social Studies,Half Yearly,100,18.6
18016,751,76,Social Studies,Annual Exam,100,30.6
18017,751,77,Telugu,Unit Test 1,25,6.3
18018,751,77,Telugu,Unit Test 2,25,6.2
18019,751,77,Telugu,Half Yearly,100,19.8
18020,751,77,Telugu,Annual Exam,100,33.6
18021,751,78,Computer Science,Unit Test 1,25,10.4
18022,751,78,Computer Science,Unit Test 2,25,7.7
18023,751,78,Computer Science,Half Yearly,100,24.9
18024,751,78,Computer Science,Annual Exam,100,21.6
18025,752,73,Mathematics,Unit Test 1,25,20.0
18026,752,73,Mathematics,Unit Test 2,25,15.6
18027,752,73,Mathematics,Half Yearly,100,63.2
18028,752,73,Mathematics,Annual Exam,100,66.7
18029,752,74,Science,Unit Test 1,25,16.3
18030,752,74,Science,Unit Test 2,25,16.1
18031,752,74,Science,Half Yearly,100,60.7
18032,752,74,Science,Annual Exam,100,67.0
18033,752,75,English,Unit Test 1,25,16.4
18034,752,75,English,Unit Test 2,25,18.2
18035,752,75,English,Half Yearly,100,65.4
18036,752,75,English,Annual Exam,100,59.5
18037,752,76,Social Studies,Unit Test 1,25,19.3
18038,752,76,Social Studies,Unit Test 2,25,14.1
18039,752,76,Social Studies,Half Yearly,100,68.7
18040,752,76,Social Studies,Annual Exam,100,70.9
18041,752,77,Telugu,Unit Test 1,25,16.6
18042,752,77,Telugu,Unit Test 2,25,22.0
18043,752,77,Telugu,Half Yearly,100,64.7
18044,752,77,Telugu,Annual Exam,100,68.6
18045,752,78,Computer Science,Unit Test 1,25,18.1
18046,752,78,Computer Science,Unit Test 2,25,16.4
18047,752,78,Computer Science,Half Yearly,100,53.9
18048,752,78,Computer Science,Annual Exam,100,58.1
18049,753,73,Mathematics,Unit Test 1,25,20.6
18050,753,73,Mathematics,Unit Test 2,25,24.4
18051,753,73,Mathematics,Half Yearly,100,77.6
18052,753,73,Mathematics,Annual Exam,100,88.7
18053,753,74,Science,Unit Test 1,25,19.0
18054,753,74,Science,Unit Test 2,25,18.3
18055,753,74,Science,Half Yearly,100,55.1
18056,753,74,Science,Annual Exam,100,72.0
18057,753,75,English,Unit Test 1,25,19.3
18058,753,75,English,Unit Test 2,25,17.1
18059,753,75,English,Half Yearly,100,65.3
18060,753,75,English,Annual Exam,100,76.8
18061,753,76,Social Studies,Unit Test 1,25,18.3
18062,753,76,Social Studies,Unit Test 2,25,17.1
18063,753,76,Social Studies,Half Yearly,100,89.2
18064,753,76,Social Studies,Annual Exam,100,67.6
18065,753,77,Telugu,Unit Test 1,25,19.8
18066,753,77,Telugu,Unit Test 2,25,18.7
18067,753,77,Telugu,Half Yearly,100,75.1
18068,753,77,Telugu,Annual Exam,100,69.4
18069,753,78,Computer Science,Unit Test 1,25,21.3
18070,753,78,Computer Science,Unit Test 2,25,19.3
18071,753,78,Computer Science,Half Yearly,100,70.7
18072,753,78,Computer Science,Annual Exam,100,67.0
18073,754,73,Mathematics,Unit Test 1,25,17.7
18074,754,73,Mathematics,Unit Test 2,25,17.7
18075,754,73,Mathematics,Half Yearly,100,71.5
18076,754,73,Mathematics,Annual Exam,100,71.3
18077,754,74,Science,Unit Test 1,25,18.2
18078,754,74,Science,Unit Test 2,25,22.2
18079,754,74,Science,Half Yearly,100,80.5
18080,754,74,Science,Annual Exam,100,90.7
18081,754,75,English,Unit Test 1,25,16.3
18082,754,75,English,Unit Test 2,25,18.6
18083,754,75,English,Half Yearly,100,75.4
18084,754,75,English,Annual Exam,100,63.6
18085,754,76,Social Studies,Unit Test 1,25,20.7
18086,754,76,Social Studies,Unit Test 2,25,17.0
18087,754,76,Social Studies,Half Yearly,100,80.2
18088,754,76,Social Studies,Annual Exam,100,87.3
18089,754,77,Telugu,Unit Test 1,25,18.5
18090,754,77,Telugu,Unit Test 2,25,15.6
18091,754,77,Telugu,Half Yearly,100,57.7
18092,754,77,Telugu,Annual Exam,100,72.7
18093,754,78,Computer Science,Unit Test 1,25,17.3
18094,754,78,Computer Science,Unit Test 2,25,16.5
18095,754,78,Computer Science,Half Yearly,100,62.5
18096,754,78,Computer Science,Annual Exam,100,76.6
18097,755,73,Mathematics,Unit Test 1,25,22.3
18098,755,73,Mathematics,Unit Test 2,25,24.8
18099,755,73,Mathematics,Half Yearly,100,100.0
18100,755,73,Mathematics,Annual Exam,100,100.0
18101,755,74,Science,Unit Test 1,25,23.5
18102,755,74,Science,Unit Test 2,25,24.2
18103,755,74,Science,Half Yearly,100,97.4
18104,755,74,Science,Annual Exam,100,100.0
18105,755,75,English,Unit Test 1,25,23.6
18106,755,75,English,Unit Test 2,25,25.0
18107,755,75,English,Half Yearly,100,100.0
18108,755,75,English,Annual Exam,100,99.0
18109,755,76,Social Studies,Unit Test 1,25,23.2
18110,755,76,Social Studies,Unit Test 2,25,23.3
18111,755,76,Social Studies,Half Yearly,100,100.0
18112,755,76,Social Studies,Annual Exam,100,85.7
18113,755,77,Telugu,Unit Test 1,25,21.9
18114,755,77,Telugu,Unit Test 2,25,19.2
18115,755,77,Telugu,Half Yearly,100,99.3
18116,755,77,Telugu,Annual Exam,100,92.8
18117,755,78,Computer Science,Unit Test 1,25,23.5
18118,755,78,Computer Science,Unit Test 2,25,19.6
18119,755,78,Computer Science,Half Yearly,100,83.3
18120,755,78,Computer Science,Annual Exam,100,94.1
18121,756,73,Mathematics,Unit Test 1,25,18.9
18122,756,73,Mathematics,Unit Test 2,25,21.0
18123,756,73,Mathematics,Half Yearly,100,69.8
18124,756,73,Mathematics,Annual Exam,100,80.4
18125,756,74,Science,Unit Test 1,25,17.1
18126,756,74,Science,Unit Test 2,25,18.3
18127,756,74,Science,Half Yearly,100,78.4
18128,756,74,Science,Annual Exam,100,80.5
18129,756,75,English,Unit Test 1,25,17.9
18130,756,75,English,Unit Test 2,25,13.1
18131,756,75,English,Half Yearly,100,71.6
18132,756,75,English,Annual Exam,100,65.4
18133,756,76,Social Studies,Unit Test 1,25,16.1
18134,756,76,Social Studies,Unit Test 2,25,14.4
18135,756,76,Social Studies,Half Yearly,100,69.1
18136,756,76,Social Studies,Annual Exam,100,74.1
18137,756,77,Telugu,Unit Test 1,25,19.9
18138,756,77,Telugu,Unit Test 2,25,19.6
18139,756,77,Telugu,Half Yearly,100,75.9
18140,756,77,Telugu,Annual Exam,100,81.0
18141,756,78,Computer Science,Unit Test 1,25,18.1
18142,756,78,Computer Science,Unit Test 2,25,20.3
18143,756,78,Computer Science,Half Yearly,100,65.7
18144,756,78,Computer Science,Annual Exam,100,84.4
18145,757,73,Mathematics,Unit Test 1,25,14.9
18146,757,73,Mathematics,Unit Test 2,25,18.9
18147,757,73,Mathematics,Half Yearly,100,69.1
18148,757,73,Mathematics,Annual Exam,100,73.3
18149,757,74,Science,Unit Test 1,25,16.0
18150,757,74,Science,Unit Test 2,25,12.3
18151,757,74,Science,Half Yearly,100,66.5
18152,757,74,Science,Annual Exam,100,55.1
18153,757,75,English,Unit Test 1,25,20.2
18154,757,75,English,Unit Test 2,25,15.3
18155,757,75,English,Half Yearly,100,75.1
18156,757,75,English,Annual Exam,100,69.6
18157,757,76,Social Studies,Unit Test 1,25,14.0
18158,757,76,Social Studies,Unit Test 2,25,11.4
18159,757,76,Social Studies,Half Yearly,100,58.0
18160,757,76,Social Studies,Annual Exam,100,57.5
18161,757,77,Telugu,Unit Test 1,25,16.8
18162,757,77,Telugu,Unit Test 2,25,17.9
18163,757,77,Telugu,Half Yearly,100,57.9
18164,757,77,Telugu,Annual Exam,100,61.7
18165,757,78,Computer Science,Unit Test 1,25,18.9
18166,757,78,Computer Science,Unit Test 2,25,14.3
18167,757,78,Computer Science,Half Yearly,100,75.0
18168,757,78,Computer Science,Annual Exam,100,65.8
18169,758,73,Mathematics,Unit Test 1,25,15.9
18170,758,73,Mathematics,Unit Test 2,25,14.5
18171,758,73,Mathematics,Half Yearly,100,67.2
18172,758,73,Mathematics,Annual Exam,100,65.2
18173,758,74,Science,Unit Test 1,25,18.0
18174,758,74,Science,Unit Test 2,25,18.0
18175,758,74,Science,Half Yearly,100,60.5
18176,758,74,Science,Annual Exam,100,63.0
18177,758,75,English,Unit Test 1,25,18.3
18178,758,75,English,Unit Test 2,25,14.7
18179,758,75,English,Half Yearly,100,74.5
18180,758,75,English,Annual Exam,100,71.7
18181,758,76,Social Studies,Unit Test 1,25,16.9
18182,758,76,Social Studies,Unit Test 2,25,16.3
18183,758,76,Social Studies,Half Yearly,100,61.8
18184,758,76,Social Studies,Annual Exam,100,49.9
18185,758,77,Telugu,Unit Test 1,25,13.5
18186,758,77,Telugu,Unit Test 2,25,16.6
18187,758,77,Telugu,Half Yearly,100,50.7
18188,758,77,Telugu,Annual Exam,100,55.7
18189,758,78,Computer Science,Unit Test 1,25,16.9
18190,758,78,Computer Science,Unit Test 2,25,17.5
18191,758,78,Computer Science,Half Yearly,100,56.1
18192,758,78,Computer Science,Annual Exam,100,54.2
18193,759,73,Mathematics,Unit Test 1,25,6.2
18194,759,73,Mathematics,Unit Test 2,25,8.4
18195,759,73,Mathematics,Half Yearly,100,34.3
18196,759,73,Mathematics,Annual Exam,100,25.8
18197,759,74,Science,Unit Test 1,25,10.0
18198,759,74,Science,Unit Test 2,25,8.3
18199,759,74,Science,Half Yearly,100,42.7
18200,759,74,Science,Annual Exam,100,28.5
18201,759,75,English,Unit Test 1,25,7.9
18202,759,75,English,Unit Test 2,25,5.9
18203,759,75,English,Half Yearly,100,32.2
18204,759,75,English,Annual Exam,100,31.9
18205,759,76,Social Studies,Unit Test 1,25,12.5
18206,759,76,Social Studies,Unit Test 2,25,9.1
18207,759,76,Social Studies,Half Yearly,100,36.4
18208,759,76,Social Studies,Annual Exam,100,34.5
18209,759,77,Telugu,Unit Test 1,25,16.8
18210,759,77,Telugu,Unit Test 2,25,10.7
18211,759,77,Telugu,Half Yearly,100,39.7
18212,759,77,Telugu,Annual Exam,100,46.3
18213,759,78,Computer Science,Unit Test 1,25,6.9
18214,759,78,Computer Science,Unit Test 2,25,5.3
18215,759,78,Computer Science,Half Yearly,100,23.4
18216,759,78,Computer Science,Annual Exam,100,26.2
18217,760,73,Mathematics,Unit Test 1,25,16.0
18218,760,73,Mathematics,Unit Test 2,25,12.8
18219,760,73,Mathematics,Half Yearly,100,54.7
18220,760,73,Mathematics,Annual Exam,100,64.7
18221,760,74,Science,Unit Test 1,25,16.1
18222,760,74,Science,Unit Test 2,25,17.3
18223,760,74,Science,Half Yearly,100,71.6
18224,760,74,Science,Annual Exam,100,60.4
18225,760,75,English,Unit Test 1,25,18.9
18226,760,75,English,Unit Test 2,25,23.2
18227,760,75,English,Half Yearly,100,61.4
18228,760,75,English,Annual Exam,100,72.3
18229,760,76,Social Studies,Unit Test 1,25,21.0
18230,760,76,Social Studies,Unit Test 2,25,19.5
18231,760,76,Social Studies,Half Yearly,100,53.9
18232,760,76,Social Studies,Annual Exam,100,85.9
18233,760,77,Telugu,Unit Test 1,25,17.5
18234,760,77,Telugu,Unit Test 2,25,13.3
18235,760,77,Telugu,Half Yearly,100,61.9
18236,760,77,Telugu,Annual Exam,100,59.6
18237,760,78,Computer Science,Unit Test 1,25,18.1
18238,760,78,Computer Science,Unit Test 2,25,20.2
18239,760,78,Computer Science,Half Yearly,100,73.8
18240,760,78,Computer Science,Annual Exam,100,74.5
18241,761,73,Mathematics,Unit Test 1,25,23.3
18242,761,73,Mathematics,Unit Test 2,25,20.3
18243,761,73,Mathematics,Half Yearly,100,100.0
18244,761,73,Mathematics,Annual Exam,100,99.4
18245,761,74,Science,Unit Test 1,25,24.3
18246,761,74,Science,Unit Test 2,25,24.3
18247,761,74,Science,Half Yearly,100,83.1
18248,761,74,Science,Annual Exam,100,84.3
18249,761,75,English,Unit Test 1,25,18.8
18250,761,75,English,Unit Test 2,25,25.0
18251,761,75,English,Half Yearly,100,93.6
18252,761,75,English,Annual Exam,100,95.1
18253,761,76,Social Studies,Unit Test 1,25,20.5
18254,761,76,Social Studies,Unit Test 2,25,22.5
18255,761,76,Social Studies,Half Yearly,100,89.6
18256,761,76,Social Studies,Annual Exam,100,87.9
18257,761,77,Telugu,Unit Test 1,25,23.2
18258,761,77,Telugu,Unit Test 2,25,23.9
18259,761,77,Telugu,Half Yearly,100,94.5
18260,761,77,Telugu,Annual Exam,100,83.2
18261,761,78,Computer Science,Unit Test 1,25,22.1
18262,761,78,Computer Science,Unit Test 2,25,25.0
18263,761,78,Computer Science,Half Yearly,100,92.8
18264,761,78,Computer Science,Annual Exam,100,92.1
18265,762,73,Mathematics,Unit Test 1,25,19.9
18266,762,73,Mathematics,Unit Test 2,25,21.9
18267,762,73,Mathematics,Half Yearly,100,80.9
18268,762,73,Mathematics,Annual Exam,100,78.2
18269,762,74,Science,Unit Test 1,25,22.1
18270,762,74,Science,Unit Test 2,25,19.4
18271,762,74,Science,Half Yearly,100,95.4
18272,762,74,Science,Annual Exam,100,85.7
18273,762,75,English,Unit Test 1,25,23.2
18274,762,75,English,Unit Test 2,25,20.9
18275,762,75,English,Half Yearly,100,100.0
18276,762,75,English,Annual Exam,100,92.8
18277,762,76,Social Studies,Unit Test 1,25,21.9
18278,762,76,Social Studies,Unit Test 2,25,19.9
18279,762,76,Social Studies,Half Yearly,100,83.8
18280,762,76,Social Studies,Annual Exam,100,82.5
18281,762,77,Telugu,Unit Test 1,25,18.5
18282,762,77,Telugu,Unit Test 2,25,19.2
18283,762,77,Telugu,Half Yearly,100,75.6
18284,762,77,Telugu,Annual Exam,100,74.2
18285,762,78,Computer Science,Unit Test 1,25,17.7
18286,762,78,Computer Science,Unit Test 2,25,18.3
18287,762,78,Computer Science,Half Yearly,100,78.6
18288,762,78,Computer Science,Annual Exam,100,68.2
18289,763,73,Mathematics,Unit Test 1,25,16.9
18290,763,73,Mathematics,Unit Test 2,25,22.5
18291,763,73,Mathematics,Half Yearly,100,81.1
18292,763,73,Mathematics,Annual Exam,100,82.2
18293,763,74,Science,Unit Test 1,25,14.3
18294,763,74,Science,Unit Test 2,25,15.6
18295,763,74,Science,Half Yearly,100,62.2
18296,763,74,Science,Annual Exam,100,49.0
18297,763,75,English,Unit Test 1,25,18.6
18298,763,75,English,Unit Test 2,25,17.3
18299,763,75,English,Half Yearly,100,63.9
18300,763,75,English,Annual Exam,100,59.3
18301,763,76,Social Studies,Unit Test 1,25,17.3
18302,763,76,Social Studies,Unit Test 2,25,18.4
18303,763,76,Social Studies,Half Yearly,100,62.4
18304,763,76,Social Studies,Annual Exam,100,62.2
18305,763,77,Telugu,Unit Test 1,25,15.8
18306,763,77,Telugu,Unit Test 2,25,14.3
18307,763,77,Telugu,Half Yearly,100,64.4
18308,763,77,Telugu,Annual Exam,100,55.5
18309,763,78,Computer Science,Unit Test 1,25,14.9
18310,763,78,Computer Science,Unit Test 2,25,17.1
18311,763,78,Computer Science,Half Yearly,100,82.2
18312,763,78,Computer Science,Annual Exam,100,78.1
18313,764,73,Mathematics,Unit Test 1,25,23.5
18314,764,73,Mathematics,Unit Test 2,25,24.5
18315,764,73,Mathematics,Half Yearly,100,99.3
18316,764,73,Mathematics,Annual Exam,100,86.9
18317,764,74,Science,Unit Test 1,25,21.7
18318,764,74,Science,Unit Test 2,25,21.0
18319,764,74,Science,Half Yearly,100,88.9
18320,764,74,Science,Annual Exam,100,83.5
18321,764,75,English,Unit Test 1,25,23.8
18322,764,75,English,Unit Test 2,25,20.4
18323,764,75,English,Half Yearly,100,85.8
18324,764,75,English,Annual Exam,100,93.4
18325,764,76,Social Studies,Unit Test 1,25,22.8
18326,764,76,Social Studies,Unit Test 2,25,21.9
18327,764,76,Social Studies,Half Yearly,100,100.0
18328,764,76,Social Studies,Annual Exam,100,88.4
18329,764,77,Telugu,Unit Test 1,25,16.8
18330,764,77,Telugu,Unit Test 2,25,21.9
18331,764,77,Telugu,Half Yearly,100,84.6
18332,764,77,Telugu,Annual Exam,100,75.8
18333,764,78,Computer Science,Unit Test 1,25,22.1
18334,764,78,Computer Science,Unit Test 2,25,25.0
18335,764,78,Computer Science,Half Yearly,100,94.7
18336,764,78,Computer Science,Annual Exam,100,85.5
18337,765,73,Mathematics,Unit Test 1,25,14.1
18338,765,73,Mathematics,Unit Test 2,25,12.6
18339,765,73,Mathematics,Half Yearly,100,67.5
18340,765,73,Mathematics,Annual Exam,100,63.2
18341,765,74,Science,Unit Test 1,25,16.7
18342,765,74,Science,Unit Test 2,25,19.1
18343,765,74,Science,Half Yearly,100,66.0
18344,765,74,Science,Annual Exam,100,59.4
18345,765,75,English,Unit Test 1,25,18.7
18346,765,75,English,Unit Test 2,25,16.9
18347,765,75,English,Half Yearly,100,74.9
18348,765,75,English,Annual Exam,100,64.1
18349,765,76,Social Studies,Unit Test 1,25,17.6
18350,765,76,Social Studies,Unit Test 2,25,16.8
18351,765,76,Social Studies,Half Yearly,100,60.1
18352,765,76,Social Studies,Annual Exam,100,51.0
18353,765,77,Telugu,Unit Test 1,25,17.3
18354,765,77,Telugu,Unit Test 2,25,17.0
18355,765,77,Telugu,Half Yearly,100,64.2
18356,765,77,Telugu,Annual Exam,100,51.4
18357,765,78,Computer Science,Unit Test 1,25,15.9
18358,765,78,Computer Science,Unit Test 2,25,13.2
18359,765,78,Computer Science,Half Yearly,100,60.3
18360,765,78,Computer Science,Annual Exam,100,77.2
18361,766,73,Mathematics,Unit Test 1,25,21.3
18362,766,73,Mathematics,Unit Test 2,25,18.3
18363,766,73,Mathematics,Half Yearly,100,86.0
18364,766,73,Mathematics,Annual Exam,100,95.9
18365,766,74,Science,Unit Test 1,25,23.3
18366,766,74,Science,Unit Test 2,25,19.4
18367,766,74,Science,Half Yearly,100,74.7
18368,766,74,Science,Annual Exam,100,93.7
18369,766,75,English,Unit Test 1,25,21.4
18370,766,75,English,Unit Test 2,25,24.5
18371,766,75,English,Half Yearly,100,75.7
18372,766,75,English,Annual Exam,100,87.5
18373,766,76,Social Studies,Unit Test 1,25,20.8
18374,766,76,Social Studies,Unit Test 2,25,18.2
18375,766,76,Social Studies,Half Yearly,100,76.1
18376,766,76,Social Studies,Annual Exam,100,68.0
18377,766,77,Telugu,Unit Test 1,25,21.6
18378,766,77,Telugu,Unit Test 2,25,20.3
18379,766,77,Telugu,Half Yearly,100,76.8
18380,766,77,Telugu,Annual Exam,100,77.0
18381,766,78,Computer Science,Unit Test 1,25,21.3
18382,766,78,Computer Science,Unit Test 2,25,22.3
18383,766,78,Computer Science,Half Yearly,100,81.0
18384,766,78,Computer Science,Annual Exam,100,79.0
18385,767,73,Mathematics,Unit Test 1,25,25.0
18386,767,73,Mathematics,Unit Test 2,25,25.0
18387,767,73,Mathematics,Half Yearly,100,100.0
18388,767,73,Mathematics,Annual Exam,100,100.0
18389,767,74,Science,Unit Test 1,25,25.0
18390,767,74,Science,Unit Test 2,25,23.7
18391,767,74,Science,Half Yearly,100,95.5
18392,767,74,Science,Annual Exam,100,87.3
18393,767,75,English,Unit Test 1,25,25.0
18394,767,75,English,Unit Test 2,25,21.4
18395,767,75,English,Half Yearly,100,100.0
18396,767,75,English,Annual Exam,100,90.4
18397,767,76,Social Studies,Unit Test 1,25,25.0
18398,767,76,Social Studies,Unit Test 2,25,25.0
18399,767,76,Social Studies,Half Yearly,100,100.0
18400,767,76,Social Studies,Annual Exam,100,95.9
18401,767,77,Telugu,Unit Test 1,25,23.1
18402,767,77,Telugu,Unit Test 2,25,25.0
18403,767,77,Telugu,Half Yearly,100,92.9
18404,767,77,Telugu,Annual Exam,100,76.5
18405,767,78,Computer Science,Unit Test 1,25,22.9
18406,767,78,Computer Science,Unit Test 2,25,25.0
18407,767,78,Computer Science,Half Yearly,100,92.0
18408,767,78,Computer Science,Annual Exam,100,100.0
18409,768,73,Mathematics,Unit Test 1,25,18.3
18410,768,73,Mathematics,Unit Test 2,25,18.3
18411,768,73,Mathematics,Half Yearly,100,60.0
18412,768,73,Mathematics,Annual Exam,100,60.9
18413,768,74,Science,Unit Test 1,25,15.2
18414,768,74,Science,Unit Test 2,25,14.4
18415,768,74,Science,Half Yearly,100,53.5
18416,768,74,Science,Annual Exam,100,48.2
18417,768,75,English,Unit Test 1,25,13.8
18418,768,75,English,Unit Test 2,25,15.6
18419,768,75,English,Half Yearly,100,75.6
18420,768,75,English,Annual Exam,100,74.7
18421,768,76,Social Studies,Unit Test 1,25,19.0
18422,768,76,Social Studies,Unit Test 2,25,13.9
18423,768,76,Social Studies,Half Yearly,100,63.8
18424,768,76,Social Studies,Annual Exam,100,77.1
18425,768,77,Telugu,Unit Test 1,25,15.5
18426,768,77,Telugu,Unit Test 2,25,17.5
18427,768,77,Telugu,Half Yearly,100,65.1
18428,768,77,Telugu,Annual Exam,100,66.1
18429,768,78,Computer Science,Unit Test 1,25,15.4
18430,768,78,Computer Science,Unit Test 2,25,16.4
18431,768,78,Computer Science,Half Yearly,100,51.5
18432,768,78,Computer Science,Annual Exam,100,64.0
18433,769,73,Mathematics,Unit Test 1,25,23.8
18434,769,73,Mathematics,Unit Test 2,25,23.6
18435,769,73,Mathematics,Half Yearly,100,100.0
18436,769,73,Mathematics,Annual Exam,100,86.2
18437,769,74,Science,Unit Test 1,25,21.5
18438,769,74,Science,Unit Test 2,25,24.8
18439,769,74,Science,Half Yearly,100,100.0
18440,769,74,Science,Annual Exam,100,91.3
18441,769,75,English,Unit Test 1,25,25.0
18442,769,75,English,Unit Test 2,25,23.3
18443,769,75,English,Half Yearly,100,87.4
18444,769,75,English,Annual Exam,100,100.0
18445,769,76,Social Studies,Unit Test 1,25,23.7
18446,769,76,Social Studies,Unit Test 2,25,20.2
18447,769,76,Social Studies,Half Yearly,100,80.4
18448,769,76,Social Studies,Annual Exam,100,86.3
18449,769,77,Telugu,Unit Test 1,25,25.0
18450,769,77,Telugu,Unit Test 2,25,25.0
18451,769,77,Telugu,Half Yearly,100,98.4
18452,769,77,Telugu,Annual Exam,100,100.0
18453,769,78,Computer Science,Unit Test 1,25,24.7
18454,769,78,Computer Science,Unit Test 2,25,24.3
18455,769,78,Computer Science,Half Yearly,100,90.1
18456,769,78,Computer Science,Annual Exam,100,85.1
18457,770,73,Mathematics,Unit Test 1,25,8.5
18458,770,73,Mathematics,Unit Test 2,25,11.7
18459,770,73,Mathematics,Half Yearly,100,44.2
18460,770,73,Mathematics,Annual Exam,100,38.0
18461,770,74,Science,Unit Test 1,25,8.6
18462,770,74,Science,Unit Test 2,25,9.9
18463,770,74,Science,Half Yearly,100,48.1
18464,770,74,Science,Annual Exam,100,56.1
18465,770,75,English,Unit Test 1,25,12.9
18466,770,75,English,Unit Test 2,25,15.7
18467,770,75,English,Half Yearly,100,70.6
18468,770,75,English,Annual Exam,100,47.2
18469,770,76,Social Studies,Unit Test 1,25,13.4
18470,770,76,Social Studies,Unit Test 2,25,8.6
18471,770,76,Social Studies,Half Yearly,100,42.7
18472,770,76,Social Studies,Annual Exam,100,38.8
18473,770,77,Telugu,Unit Test 1,25,12.0
18474,770,77,Telugu,Unit Test 2,25,14.3
18475,770,77,Telugu,Half Yearly,100,55.0
18476,770,77,Telugu,Annual Exam,100,70.0
18477,770,78,Computer Science,Unit Test 1,25,13.2
18478,770,78,Computer Science,Unit Test 2,25,12.9
18479,770,78,Computer Science,Half Yearly,100,60.6
18480,770,78,Computer Science,Annual Exam,100,48.8
18481,771,73,Mathematics,Unit Test 1,25,18.1
18482,771,73,Mathematics,Unit Test 2,25,15.5
18483,771,73,Mathematics,Half Yearly,100,83.7
18484,771,73,Mathematics,Annual Exam,100,78.9
18485,771,74,Science,Unit Test 1,25,17.4
18486,771,74,Science,Unit Test 2,25,15.9
18487,771,74,Science,Half Yearly,100,69.9
18488,771,74,Science,Annual Exam,100,65.8
18489,771,75,English,Unit Test 1,25,15.8
18490,771,75,English,Unit Test 2,25,19.2
18491,771,75,English,Half Yearly,100,61.9
18492,771,75,English,Annual Exam,100,64.5
18493,771,76,Social Studies,Unit Test 1,25,12.8
18494,771,76,Social Studies,Unit Test 2,25,10.0
18495,771,76,Social Studies,Half Yearly,100,51.3
18496,771,76,Social Studies,Annual Exam,100,60.1
18497,771,77,Telugu,Unit Test 1,25,13.9
18498,771,77,Telugu,Unit Test 2,25,12.8
18499,771,77,Telugu,Half Yearly,100,49.8
18500,771,77,Telugu,Annual Exam,100,55.4
18501,771,78,Computer Science,Unit Test 1,25,17.0
18502,771,78,Computer Science,Unit Test 2,25,16.3
18503,771,78,Computer Science,Half Yearly,100,62.5
18504,771,78,Computer Science,Annual Exam,100,57.7
18505,772,73,Mathematics,Unit Test 1,25,19.3
18506,772,73,Mathematics,Unit Test 2,25,15.5
18507,772,73,Mathematics,Half Yearly,100,77.3
18508,772,73,Mathematics,Annual Exam,100,85.1
18509,772,74,Science,Unit Test 1,25,21.3
18510,772,74,Science,Unit Test 2,25,20.5
18511,772,74,Science,Half Yearly,100,76.0
18512,772,74,Science,Annual Exam,100,98.5
18513,772,75,English,Unit Test 1,25,22.3
18514,772,75,English,Unit Test 2,25,16.7
18515,772,75,English,Half Yearly,100,71.3
18516,772,75,English,Annual Exam,100,72.9
18517,772,76,Social Studies,Unit Test 1,25,21.9
18518,772,76,Social Studies,Unit Test 2,25,20.6
18519,772,76,Social Studies,Half Yearly,100,95.3
18520,772,76,Social Studies,Annual Exam,100,89.6
18521,772,77,Telugu,Unit Test 1,25,21.3
18522,772,77,Telugu,Unit Test 2,25,20.7
18523,772,77,Telugu,Half Yearly,100,92.7
18524,772,77,Telugu,Annual Exam,100,100.0
18525,772,78,Computer Science,Unit Test 1,25,18.3
18526,772,78,Computer Science,Unit Test 2,25,23.5
18527,772,78,Computer Science,Half Yearly,100,81.9
18528,772,78,Computer Science,Annual Exam,100,94.1
18529,773,73,Mathematics,Unit Test 1,25,16.6
18530,773,73,Mathematics,Unit Test 2,25,15.5
18531,773,73,Mathematics,Half Yearly,100,61.4
18532,773,73,Mathematics,Annual Exam,100,71.7
18533,773,74,Science,Unit Test 1,25,13.1
18534,773,74,Science,Unit Test 2,25,14.2
18535,773,74,Science,Half Yearly,100,40.6
18536,773,74,Science,Annual Exam,100,48.9
18537,773,75,English,Unit Test 1,25,17.3
18538,773,75,English,Unit Test 2,25,13.1
18539,773,75,English,Half Yearly,100,59.3
18540,773,75,English,Annual Exam,100,65.2
18541,773,76,Social Studies,Unit Test 1,25,17.9
18542,773,76,Social Studies,Unit Test 2,25,17.7
18543,773,76,Social Studies,Half Yearly,100,57.6
18544,773,76,Social Studies,Annual Exam,100,49.0
18545,773,77,Telugu,Unit Test 1,25,15.7
18546,773,77,Telugu,Unit Test 2,25,15.6
18547,773,77,Telugu,Half Yearly,100,70.1
18548,773,77,Telugu,Annual Exam,100,64.0
18549,773,78,Computer Science,Unit Test 1,25,14.4
18550,773,78,Computer Science,Unit Test 2,25,14.5
18551,773,78,Computer Science,Half Yearly,100,52.2
18552,773,78,Computer Science,Annual Exam,100,67.7
18553,774,73,Mathematics,Unit Test 1,25,15.6
18554,774,73,Mathematics,Unit Test 2,25,15.9
18555,774,73,Mathematics,Half Yearly,100,68.0
18556,774,73,Mathematics,Annual Exam,100,65.8
18557,774,74,Science,Unit Test 1,25,15.8
18558,774,74,Science,Unit Test 2,25,13.9
18559,774,74,Science,Half Yearly,100,73.0
18560,774,74,Science,Annual Exam,100,79.2
18561,774,75,English,Unit Test 1,25,18.6
18562,774,75,English,Unit Test 2,25,17.1
18563,774,75,English,Half Yearly,100,57.5
18564,774,75,English,Annual Exam,100,64.0
18565,774,76,Social Studies,Unit Test 1,25,20.1
18566,774,76,Social Studies,Unit Test 2,25,18.1
18567,774,76,Social Studies,Half Yearly,100,70.2
18568,774,76,Social Studies,Annual Exam,100,84.4
18569,774,77,Telugu,Unit Test 1,25,20.0
18570,774,77,Telugu,Unit Test 2,25,18.6
18571,774,77,Telugu,Half Yearly,100,77.3
18572,774,77,Telugu,Annual Exam,100,85.7
18573,774,78,Computer Science,Unit Test 1,25,13.4
18574,774,78,Computer Science,Unit Test 2,25,16.5
18575,774,78,Computer Science,Half Yearly,100,73.6
18576,774,78,Computer Science,Annual Exam,100,53.4
18577,775,73,Mathematics,Unit Test 1,25,15.2
18578,775,73,Mathematics,Unit Test 2,25,14.1
18579,775,73,Mathematics,Half Yearly,100,59.2
18580,775,73,Mathematics,Annual Exam,100,74.5
18581,775,74,Science,Unit Test 1,25,8.6
18582,775,74,Science,Unit Test 2,25,11.6
18583,775,74,Science,Half Yearly,100,48.0
18584,775,74,Science,Annual Exam,100,51.0
18585,775,75,English,Unit Test 1,25,11.5
18586,775,75,English,Unit Test 2,25,16.7
18587,775,75,English,Half Yearly,100,49.8
18588,775,75,English,Annual Exam,100,50.5
18589,775,76,Social Studies,Unit Test 1,25,12.8
18590,775,76,Social Studies,Unit Test 2,25,17.6
18591,775,76,Social Studies,Half Yearly,100,63.2
18592,775,76,Social Studies,Annual Exam,100,54.5
18593,775,77,Telugu,Unit Test 1,25,17.9
18594,775,77,Telugu,Unit Test 2,25,13.5
18595,775,77,Telugu,Half Yearly,100,60.5
18596,775,77,Telugu,Annual Exam,100,57.7
18597,775,78,Computer Science,Unit Test 1,25,14.7
18598,775,78,Computer Science,Unit Test 2,25,8.0
18599,775,78,Computer Science,Half Yearly,100,50.5
18600,775,78,Computer Science,Annual Exam,100,41.8
18601,776,73,Mathematics,Unit Test 1,25,17.3
18602,776,73,Mathematics,Unit Test 2,25,17.5
18603,776,73,Mathematics,Half Yearly,100,77.4
18604,776,73,Mathematics,Annual Exam,100,61.7
18605,776,74,Science,Unit Test 1,25,20.9
18606,776,74,Science,Unit Test 2,25,15.8
18607,776,74,Science,Half Yearly,100,70.6
18608,776,74,Science,Annual Exam,100,57.6
18609,776,75,English,Unit Test 1,25,16.5
18610,776,75,English,Unit Test 2,25,15.2
18611,776,75,English,Half Yearly,100,66.0
18612,776,75,English,Annual Exam,100,69.0
18613,776,76,Social Studies,Unit Test 1,25,16.1
18614,776,76,Social Studies,Unit Test 2,25,14.9
18615,776,76,Social Studies,Half Yearly,100,61.0
18616,776,76,Social Studies,Annual Exam,100,77.4
18617,776,77,Telugu,Unit Test 1,25,16.6
18618,776,77,Telugu,Unit Test 2,25,17.4
18619,776,77,Telugu,Half Yearly,100,77.0
18620,776,77,Telugu,Annual Exam,100,66.0
18621,776,78,Computer Science,Unit Test 1,25,16.3
18622,776,78,Computer Science,Unit Test 2,25,16.8
18623,776,78,Computer Science,Half Yearly,100,66.9
18624,776,78,Computer Science,Annual Exam,100,62.9
18625,777,73,Mathematics,Unit Test 1,25,19.6
18626,777,73,Mathematics,Unit Test 2,25,17.0
18627,777,73,Mathematics,Half Yearly,100,64.9
18628,777,73,Mathematics,Annual Exam,100,72.4
18629,777,74,Science,Unit Test 1,25,14.5
18630,777,74,Science,Unit Test 2,25,14.9
18631,777,74,Science,Half Yearly,100,71.9
18632,777,74,Science,Annual Exam,100,61.4
18633,777,75,English,Unit Test 1,25,19.0
18634,777,75,English,Unit Test 2,25,16.1
18635,777,75,English,Half Yearly,100,72.7
18636,777,75,English,Annual Exam,100,68.2
18637,777,76,Social Studies,Unit Test 1,25,13.5
18638,777,76,Social Studies,Unit Test 2,25,15.0
18639,777,76,Social Studies,Half Yearly,100,78.3
18640,777,76,Social Studies,Annual Exam,100,60.6
18641,777,77,Telugu,Unit Test 1,25,18.8
18642,777,77,Telugu,Unit Test 2,25,13.2
18643,777,77,Telugu,Half Yearly,100,79.2
18644,777,77,Telugu,Annual Exam,100,65.4
18645,777,78,Computer Science,Unit Test 1,25,20.4
18646,777,78,Computer Science,Unit Test 2,25,18.9
18647,777,78,Computer Science,Half Yearly,100,74.5
18648,777,78,Computer Science,Annual Exam,100,73.0
18649,778,73,Mathematics,Unit Test 1,25,21.0
18650,778,73,Mathematics,Unit Test 2,25,18.4
18651,778,73,Mathematics,Half Yearly,100,95.5
18652,778,73,Mathematics,Annual Exam,100,80.2
18653,778,74,Science,Unit Test 1,25,12.5
18654,778,74,Science,Unit Test 2,25,16.6
18655,778,74,Science,Half Yearly,100,67.7
18656,778,74,Science,Annual Exam,100,58.9
18657,778,75,English,Unit Test 1,25,13.8
18658,778,75,English,Unit Test 2,25,18.3
18659,778,75,English,Half Yearly,100,82.4
18660,778,75,English,Annual Exam,100,86.3
18661,778,76,Social Studies,Unit Test 1,25,16.0
18662,778,76,Social Studies,Unit Test 2,25,17.9
18663,778,76,Social Studies,Half Yearly,100,58.0
18664,778,76,Social Studies,Annual Exam,100,72.2
18665,778,77,Telugu,Unit Test 1,25,21.3
18666,778,77,Telugu,Unit Test 2,25,20.8
18667,778,77,Telugu,Half Yearly,100,87.5
18668,778,77,Telugu,Annual Exam,100,87.7
18669,778,78,Computer Science,Unit Test 1,25,13.6
18670,778,78,Computer Science,Unit Test 2,25,19.9
18671,778,78,Computer Science,Half Yearly,100,63.9
18672,778,78,Computer Science,Annual Exam,100,65.8
18673,779,73,Mathematics,Unit Test 1,25,15.9
18674,779,73,Mathematics,Unit Test 2,25,17.7
18675,779,73,Mathematics,Half Yearly,100,84.6
18676,779,73,Mathematics,Annual Exam,100,60.8
18677,779,74,Science,Unit Test 1,25,19.6
18678,779,74,Science,Unit Test 2,25,19.8
18679,779,74,Science,Half Yearly,100,70.8
18680,779,74,Science,Annual Exam,100,67.3
18681,779,75,English,Unit Test 1,25,15.2
18682,779,75,English,Unit Test 2,25,19.6
18683,779,75,English,Half Yearly,100,75.6
18684,779,75,English,Annual Exam,100,83.2
18685,779,76,Social Studies,Unit Test 1,25,12.7
18686,779,76,Social Studies,Unit Test 2,25,14.9
18687,779,76,Social Studies,Half Yearly,100,56.1
18688,779,76,Social Studies,Annual Exam,100,72.8
18689,779,77,Telugu,Unit Test 1,25,19.9
18690,779,77,Telugu,Unit Test 2,25,22.6
18691,779,77,Telugu,Half Yearly,100,77.5
18692,779,77,Telugu,Annual Exam,100,80.5
18693,779,78,Computer Science,Unit Test 1,25,19.1
18694,779,78,Computer Science,Unit Test 2,25,15.1
18695,779,78,Computer Science,Half Yearly,100,70.7
18696,779,78,Computer Science,Annual Exam,100,56.2
18697,780,73,Mathematics,Unit Test 1,25,18.5
18698,780,73,Mathematics,Unit Test 2,25,16.8
18699,780,73,Mathematics,Half Yearly,100,64.6
18700,780,73,Mathematics,Annual Exam,100,67.4
18701,780,74,Science,Unit Test 1,25,20.6
18702,780,74,Science,Unit Test 2,25,21.6
18703,780,74,Science,Half Yearly,100,99.8
18704,780,74,Science,Annual Exam,100,81.9
18705,780,75,English,Unit Test 1,25,18.9
18706,780,75,English,Unit Test 2,25,20.0
18707,780,75,English,Half Yearly,100,57.9
18708,780,75,English,Annual Exam,100,69.5
18709,780,76,Social Studies,Unit Test 1,25,19.3
18710,780,76,Social Studies,Unit Test 2,25,16.9
18711,780,76,Social Studies,Half Yearly,100,74.3
18712,780,76,Social Studies,Annual Exam,100,61.4
18713,780,77,Telugu,Unit Test 1,25,21.5
18714,780,77,Telugu,Unit Test 2,25,18.1
18715,780,77,Telugu,Half Yearly,100,92.3
18716,780,77,Telugu,Annual Exam,100,80.3
18717,780,78,Computer Science,Unit Test 1,25,19.1
18718,780,78,Computer Science,Unit Test 2,25,16.9
18719,780,78,Computer Science,Half Yearly,100,64.6
18720,780,78,Computer Science,Annual Exam,100,62.3
18721,781,79,Mathematics,Unit Test 1,25,11.8
18722,781,79,Mathematics,Unit Test 2,25,12.5
18723,781,79,Mathematics,Half Yearly,100,46.0
18724,781,79,Mathematics,Annual Exam,100,50.2
18725,781,80,Science,Unit Test 1,25,10.1
18726,781,80,Science,Unit Test 2,25,11.4
18727,781,80,Science,Half Yearly,100,54.4
18728,781,80,Science,Annual Exam,100,36.1
18729,781,81,English,Unit Test 1,25,14.1
18730,781,81,English,Unit Test 2,25,17.0
18731,781,81,English,Half Yearly,100,70.4
18732,781,81,English,Annual Exam,100,61.3
18733,781,82,Social Studies,Unit Test 1,25,11.2
18734,781,82,Social Studies,Unit Test 2,25,13.8
18735,781,82,Social Studies,Half Yearly,100,49.8
18736,781,82,Social Studies,Annual Exam,100,36.3
18737,781,83,Telugu,Unit Test 1,25,14.9
18738,781,83,Telugu,Unit Test 2,25,14.2
18739,781,83,Telugu,Half Yearly,100,47.0
18740,781,83,Telugu,Annual Exam,100,50.5
18741,781,84,Computer Science,Unit Test 1,25,14.8
18742,781,84,Computer Science,Unit Test 2,25,16.1
18743,781,84,Computer Science,Half Yearly,100,59.0
18744,781,84,Computer Science,Annual Exam,100,47.1
18745,782,79,Mathematics,Unit Test 1,25,23.8
18746,782,79,Mathematics,Unit Test 2,25,21.6
18747,782,79,Mathematics,Half Yearly,100,85.8
18748,782,79,Mathematics,Annual Exam,100,91.0
18749,782,80,Science,Unit Test 1,25,18.9
18750,782,80,Science,Unit Test 2,25,17.9
18751,782,80,Science,Half Yearly,100,80.8
18752,782,80,Science,Annual Exam,100,90.9
18753,782,81,English,Unit Test 1,25,16.5
18754,782,81,English,Unit Test 2,25,16.2
18755,782,81,English,Half Yearly,100,59.9
18756,782,81,English,Annual Exam,100,61.3
18757,782,82,Social Studies,Unit Test 1,25,18.7
18758,782,82,Social Studies,Unit Test 2,25,14.0
18759,782,82,Social Studies,Half Yearly,100,66.9
18760,782,82,Social Studies,Annual Exam,100,88.6
18761,782,83,Telugu,Unit Test 1,25,20.0
18762,782,83,Telugu,Unit Test 2,25,19.8
18763,782,83,Telugu,Half Yearly,100,60.6
18764,782,83,Telugu,Annual Exam,100,46.0
18765,782,84,Computer Science,Unit Test 1,25,17.4
18766,782,84,Computer Science,Unit Test 2,25,19.8
18767,782,84,Computer Science,Half Yearly,100,63.2
18768,782,84,Computer Science,Annual Exam,100,64.4
18769,783,79,Mathematics,Unit Test 1,25,18.6
18770,783,79,Mathematics,Unit Test 2,25,25.0
18771,783,79,Mathematics,Half Yearly,100,85.6
18772,783,79,Mathematics,Annual Exam,100,92.3
18773,783,80,Science,Unit Test 1,25,22.9
18774,783,80,Science,Unit Test 2,25,22.1
18775,783,80,Science,Half Yearly,100,96.6
18776,783,80,Science,Annual Exam,100,70.5
18777,783,81,English,Unit Test 1,25,20.8
18778,783,81,English,Unit Test 2,25,21.3
18779,783,81,English,Half Yearly,100,94.7
18780,783,81,English,Annual Exam,100,79.4
18781,783,82,Social Studies,Unit Test 1,25,20.3
18782,783,82,Social Studies,Unit Test 2,25,18.4
18783,783,82,Social Studies,Half Yearly,100,80.3
18784,783,82,Social Studies,Annual Exam,100,87.2
18785,783,83,Telugu,Unit Test 1,25,23.2
18786,783,83,Telugu,Unit Test 2,25,22.3
18787,783,83,Telugu,Half Yearly,100,81.5
18788,783,83,Telugu,Annual Exam,100,86.2
18789,783,84,Computer Science,Unit Test 1,25,18.5
18790,783,84,Computer Science,Unit Test 2,25,20.5
18791,783,84,Computer Science,Half Yearly,100,78.6
18792,783,84,Computer Science,Annual Exam,100,92.4
18793,784,79,Mathematics,Unit Test 1,25,11.3
18794,784,79,Mathematics,Unit Test 2,25,14.7
18795,784,79,Mathematics,Half Yearly,100,56.0
18796,784,79,Mathematics,Annual Exam,100,58.2
18797,784,80,Science,Unit Test 1,25,15.9
18798,784,80,Science,Unit Test 2,25,15.1
18799,784,80,Science,Half Yearly,100,68.4
18800,784,80,Science,Annual Exam,100,70.9
18801,784,81,English,Unit Test 1,25,15.4
18802,784,81,English,Unit Test 2,25,13.8
18803,784,81,English,Half Yearly,100,55.2
18804,784,81,English,Annual Exam,100,56.8
18805,784,82,Social Studies,Unit Test 1,25,17.9
18806,784,82,Social Studies,Unit Test 2,25,14.3
18807,784,82,Social Studies,Half Yearly,100,65.3
18808,784,82,Social Studies,Annual Exam,100,56.0
18809,784,83,Telugu,Unit Test 1,25,10.0
18810,784,83,Telugu,Unit Test 2,25,12.2
18811,784,83,Telugu,Half Yearly,100,53.3
18812,784,83,Telugu,Annual Exam,100,32.4
18813,784,84,Computer Science,Unit Test 1,25,14.2
18814,784,84,Computer Science,Unit Test 2,25,16.6
18815,784,84,Computer Science,Half Yearly,100,64.5
18816,784,84,Computer Science,Annual Exam,100,84.9
18817,785,79,Mathematics,Unit Test 1,25,16.9
18818,785,79,Mathematics,Unit Test 2,25,14.3
18819,785,79,Mathematics,Half Yearly,100,63.8
18820,785,79,Mathematics,Annual Exam,100,61.8
18821,785,80,Science,Unit Test 1,25,11.9
18822,785,80,Science,Unit Test 2,25,12.8
18823,785,80,Science,Half Yearly,100,49.3
18824,785,80,Science,Annual Exam,100,53.5
18825,785,81,English,Unit Test 1,25,14.7
18826,785,81,English,Unit Test 2,25,14.5
18827,785,81,English,Half Yearly,100,45.9
18828,785,81,English,Annual Exam,100,38.4
18829,785,82,Social Studies,Unit Test 1,25,15.0
18830,785,82,Social Studies,Unit Test 2,25,13.6
18831,785,82,Social Studies,Half Yearly,100,46.7
18832,785,82,Social Studies,Annual Exam,100,52.2
18833,785,83,Telugu,Unit Test 1,25,16.3
18834,785,83,Telugu,Unit Test 2,25,15.6
18835,785,83,Telugu,Half Yearly,100,64.7
18836,785,83,Telugu,Annual Exam,100,52.9
18837,785,84,Computer Science,Unit Test 1,25,19.4
18838,785,84,Computer Science,Unit Test 2,25,18.7
18839,785,84,Computer Science,Half Yearly,100,61.5
18840,785,84,Computer Science,Annual Exam,100,66.1
18841,786,79,Mathematics,Unit Test 1,25,25.0
18842,786,79,Mathematics,Unit Test 2,25,25.0
18843,786,79,Mathematics,Half Yearly,100,93.3
18844,786,79,Mathematics,Annual Exam,100,100.0
18845,786,80,Science,Unit Test 1,25,23.4
18846,786,80,Science,Unit Test 2,25,25.0
18847,786,80,Science,Half Yearly,100,94.4
18848,786,80,Science,Annual Exam,100,83.5
18849,786,81,English,Unit Test 1,25,22.8
18850,786,81,English,Unit Test 2,25,24.7
18851,786,81,English,Half Yearly,100,100.0
18852,786,81,English,Annual Exam,100,100.0
18853,786,82,Social Studies,Unit Test 1,25,24.6
18854,786,82,Social Studies,Unit Test 2,25,25.0
18855,786,82,Social Studies,Half Yearly,100,100.0
18856,786,82,Social Studies,Annual Exam,100,100.0
18857,786,83,Telugu,Unit Test 1,25,24.7
18858,786,83,Telugu,Unit Test 2,25,25.0
18859,786,83,Telugu,Half Yearly,100,100.0
18860,786,83,Telugu,Annual Exam,100,83.2
18861,786,84,Computer Science,Unit Test 1,25,23.2
18862,786,84,Computer Science,Unit Test 2,25,21.8
18863,786,84,Computer Science,Half Yearly,100,94.8
18864,786,84,Computer Science,Annual Exam,100,90.5
18865,787,79,Mathematics,Unit Test 1,25,11.6
18866,787,79,Mathematics,Unit Test 2,25,16.4
18867,787,79,Mathematics,Half Yearly,100,74.6
18868,787,79,Mathematics,Annual Exam,100,66.7
18869,787,80,Science,Unit Test 1,25,20.3
18870,787,80,Science,Unit Test 2,25,17.4
18871,787,80,Science,Half Yearly,100,81.0
18872,787,80,Science,Annual Exam,100,88.8
18873,787,81,English,Unit Test 1,25,20.6
18874,787,81,English,Unit Test 2,25,19.5
18875,787,81,English,Half Yearly,100,80.8
18876,787,81,English,Annual Exam,100,78.6
18877,787,82,Social Studies,Unit Test 1,25,15.9
18878,787,82,Social Studies,Unit Test 2,25,17.8
18879,787,82,Social Studies,Half Yearly,100,56.7
18880,787,82,Social Studies,Annual Exam,100,67.4
18881,787,83,Telugu,Unit Test 1,25,20.1
18882,787,83,Telugu,Unit Test 2,25,20.2
18883,787,83,Telugu,Half Yearly,100,78.4
18884,787,83,Telugu,Annual Exam,100,71.6
18885,787,84,Computer Science,Unit Test 1,25,15.1
18886,787,84,Computer Science,Unit Test 2,25,15.6
18887,787,84,Computer Science,Half Yearly,100,76.3
18888,787,84,Computer Science,Annual Exam,100,53.0
18889,788,79,Mathematics,Unit Test 1,25,12.0
18890,788,79,Mathematics,Unit Test 2,25,12.0
18891,788,79,Mathematics,Half Yearly,100,38.9
18892,788,79,Mathematics,Annual Exam,100,63.9
18893,788,80,Science,Unit Test 1,25,11.4
18894,788,80,Science,Unit Test 2,25,8.5
18895,788,80,Science,Half Yearly,100,50.5
18896,788,80,Science,Annual Exam,100,59.9
18897,788,81,English,Unit Test 1,25,10.5
18898,788,81,English,Unit Test 2,25,15.2
18899,788,81,English,Half Yearly,100,52.6
18900,788,81,English,Annual Exam,100,74.3
18901,788,82,Social Studies,Unit Test 1,25,15.1
18902,788,82,Social Studies,Unit Test 2,25,12.6
18903,788,82,Social Studies,Half Yearly,100,64.8
18904,788,82,Social Studies,Annual Exam,100,77.2
18905,788,83,Telugu,Unit Test 1,25,13.4
18906,788,83,Telugu,Unit Test 2,25,12.0
18907,788,83,Telugu,Half Yearly,100,61.5
18908,788,83,Telugu,Annual Exam,100,66.5
18909,788,84,Computer Science,Unit Test 1,25,13.4
18910,788,84,Computer Science,Unit Test 2,25,9.4
18911,788,84,Computer Science,Half Yearly,100,59.3
18912,788,84,Computer Science,Annual Exam,100,52.1
18913,789,79,Mathematics,Unit Test 1,25,18.5
18914,789,79,Mathematics,Unit Test 2,25,18.1
18915,789,79,Mathematics,Half Yearly,100,63.0
18916,789,79,Mathematics,Annual Exam,100,71.8
18917,789,80,Science,Unit Test 1,25,14.6
18918,789,80,Science,Unit Test 2,25,18.5
18919,789,80,Science,Half Yearly,100,66.1
18920,789,80,Science,Annual Exam,100,70.8
18921,789,81,English,Unit Test 1,25,19.6
18922,789,81,English,Unit Test 2,25,21.7
18923,789,81,English,Half Yearly,100,76.9
18924,789,81,English,Annual Exam,100,66.9
18925,789,82,Social Studies,Unit Test 1,25,23.2
18926,789,82,Social Studies,Unit Test 2,25,15.5
18927,789,82,Social Studies,Half Yearly,100,70.5
18928,789,82,Social Studies,Annual Exam,100,70.5
18929,789,83,Telugu,Unit Test 1,25,17.2
18930,789,83,Telugu,Unit Test 2,25,16.6
18931,789,83,Telugu,Half Yearly,100,64.3
18932,789,83,Telugu,Annual Exam,100,66.5
18933,789,84,Computer Science,Unit Test 1,25,18.7
18934,789,84,Computer Science,Unit Test 2,25,19.5
18935,789,84,Computer Science,Half Yearly,100,74.8
18936,789,84,Computer Science,Annual Exam,100,75.0
18937,790,79,Mathematics,Unit Test 1,25,16.7
18938,790,79,Mathematics,Unit Test 2,25,18.3
18939,790,79,Mathematics,Half Yearly,100,71.6
18940,790,79,Mathematics,Annual Exam,100,67.4
18941,790,80,Science,Unit Test 1,25,17.8
18942,790,80,Science,Unit Test 2,25,16.7
18943,790,80,Science,Half Yearly,100,66.4
18944,790,80,Science,Annual Exam,100,55.0
18945,790,81,English,Unit Test 1,25,12.7
18946,790,81,English,Unit Test 2,25,12.4
18947,790,81,English,Half Yearly,100,63.6
18948,790,81,English,Annual Exam,100,75.5
18949,790,82,Social Studies,Unit Test 1,25,16.1
18950,790,82,Social Studies,Unit Test 2,25,11.4
18951,790,82,Social Studies,Half Yearly,100,41.9
18952,790,82,Social Studies,Annual Exam,100,47.6
18953,790,83,Telugu,Unit Test 1,25,14.6
18954,790,83,Telugu,Unit Test 2,25,15.6
18955,790,83,Telugu,Half Yearly,100,59.7
18956,790,83,Telugu,Annual Exam,100,51.9
18957,790,84,Computer Science,Unit Test 1,25,20.6
18958,790,84,Computer Science,Unit Test 2,25,16.6
18959,790,84,Computer Science,Half Yearly,100,63.0
18960,790,84,Computer Science,Annual Exam,100,82.6
18961,791,79,Mathematics,Unit Test 1,25,14.9
18962,791,79,Mathematics,Unit Test 2,25,17.8
18963,791,79,Mathematics,Half Yearly,100,61.2
18964,791,79,Mathematics,Annual Exam,100,56.0
18965,791,80,Science,Unit Test 1,25,15.6
18966,791,80,Science,Unit Test 2,25,11.3
18967,791,80,Science,Half Yearly,100,60.8
18968,791,80,Science,Annual Exam,100,50.6
18969,791,81,English,Unit Test 1,25,12.6
18970,791,81,English,Unit Test 2,25,16.4
18971,791,81,English,Half Yearly,100,78.6
18972,791,81,English,Annual Exam,100,76.0
18973,791,82,Social Studies,Unit Test 1,25,13.9
18974,791,82,Social Studies,Unit Test 2,25,14.1
18975,791,82,Social Studies,Half Yearly,100,58.5
18976,791,82,Social Studies,Annual Exam,100,67.4
18977,791,83,Telugu,Unit Test 1,25,18.6
18978,791,83,Telugu,Unit Test 2,25,14.3
18979,791,83,Telugu,Half Yearly,100,63.1
18980,791,83,Telugu,Annual Exam,100,76.0
18981,791,84,Computer Science,Unit Test 1,25,12.8
18982,791,84,Computer Science,Unit Test 2,25,14.6
18983,791,84,Computer Science,Half Yearly,100,53.2
18984,791,84,Computer Science,Annual Exam,100,60.5
18985,792,79,Mathematics,Unit Test 1,25,15.6
18986,792,79,Mathematics,Unit Test 2,25,10.3
18987,792,79,Mathematics,Half Yearly,100,51.2
18988,792,79,Mathematics,Annual Exam,100,45.9
18989,792,80,Science,Unit Test 1,25,13.1
18990,792,80,Science,Unit Test 2,25,16.3
18991,792,80,Science,Half Yearly,100,65.2
18992,792,80,Science,Annual Exam,100,56.3
18993,792,81,English,Unit Test 1,25,13.3
18994,792,81,English,Unit Test 2,25,13.8
18995,792,81,English,Half Yearly,100,51.6
18996,792,81,English,Annual Exam,100,63.1
18997,792,82,Social Studies,Unit Test 1,25,13.4
18998,792,82,Social Studies,Unit Test 2,25,16.4
18999,792,82,Social Studies,Half Yearly,100,64.4
19000,792,82,Social Studies,Annual Exam,100,54.1
19001,792,83,Telugu,Unit Test 1,25,18.0
19002,792,83,Telugu,Unit Test 2,25,16.8
19003,792,83,Telugu,Half Yearly,100,63.4
19004,792,83,Telugu,Annual Exam,100,67.3
19005,792,84,Computer Science,Unit Test 1,25,16.5
19006,792,84,Computer Science,Unit Test 2,25,11.0
19007,792,84,Computer Science,Half Yearly,100,53.3
19008,792,84,Computer Science,Annual Exam,100,48.7
19009,793,79,Mathematics,Unit Test 1,25,18.1
19010,793,79,Mathematics,Unit Test 2,25,16.4
19011,793,79,Mathematics,Half Yearly,100,66.6
19012,793,79,Mathematics,Annual Exam,100,64.9
19013,793,80,Science,Unit Test 1,25,21.3
19014,793,80,Science,Unit Test 2,25,18.0
19015,793,80,Science,Half Yearly,100,86.6
19016,793,80,Science,Annual Exam,100,99.4
19017,793,81,English,Unit Test 1,25,16.7
19018,793,81,English,Unit Test 2,25,16.9
19019,793,81,English,Half Yearly,100,68.4
19020,793,81,English,Annual Exam,100,70.6
19021,793,82,Social Studies,Unit Test 1,25,21.4
19022,793,82,Social Studies,Unit Test 2,25,18.2
19023,793,82,Social Studies,Half Yearly,100,70.5
19024,793,82,Social Studies,Annual Exam,100,75.4
19025,793,83,Telugu,Unit Test 1,25,18.5
19026,793,83,Telugu,Unit Test 2,25,14.8
19027,793,83,Telugu,Half Yearly,100,63.7
19028,793,83,Telugu,Annual Exam,100,82.3
19029,793,84,Computer Science,Unit Test 1,25,19.0
19030,793,84,Computer Science,Unit Test 2,25,21.1
19031,793,84,Computer Science,Half Yearly,100,75.4
19032,793,84,Computer Science,Annual Exam,100,78.9
19033,794,79,Mathematics,Unit Test 1,25,16.6
19034,794,79,Mathematics,Unit Test 2,25,17.5
19035,794,79,Mathematics,Half Yearly,100,82.5
19036,794,79,Mathematics,Annual Exam,100,71.7
19037,794,80,Science,Unit Test 1,25,21.5
19038,794,80,Science,Unit Test 2,25,18.4
19039,794,80,Science,Half Yearly,100,79.8
19040,794,80,Science,Annual Exam,100,80.3
19041,794,81,English,Unit Test 1,25,16.7
19042,794,81,English,Unit Test 2,25,15.8
19043,794,81,English,Half Yearly,100,69.2
19044,794,81,English,Annual Exam,100,80.8
19045,794,82,Social Studies,Unit Test 1,25,22.7
19046,794,82,Social Studies,Unit Test 2,25,25.0
19047,794,82,Social Studies,Half Yearly,100,93.0
19048,794,82,Social Studies,Annual Exam,100,98.0
19049,794,83,Telugu,Unit Test 1,25,20.7
19050,794,83,Telugu,Unit Test 2,25,18.0
19051,794,83,Telugu,Half Yearly,100,80.8
19052,794,83,Telugu,Annual Exam,100,85.1
19053,794,84,Computer Science,Unit Test 1,25,17.3
19054,794,84,Computer Science,Unit Test 2,25,19.4
19055,794,84,Computer Science,Half Yearly,100,60.1
19056,794,84,Computer Science,Annual Exam,100,84.7
19057,795,79,Mathematics,Unit Test 1,25,16.0
19058,795,79,Mathematics,Unit Test 2,25,18.9
19059,795,79,Mathematics,Half Yearly,100,70.3
19060,795,79,Mathematics,Annual Exam,100,64.6
19061,795,80,Science,Unit Test 1,25,19.5
19062,795,80,Science,Unit Test 2,25,16.6
19063,795,80,Science,Half Yearly,100,70.5
19064,795,80,Science,Annual Exam,100,72.5
19065,795,81,English,Unit Test 1,25,20.5
19066,795,81,English,Unit Test 2,25,23.3
19067,795,81,English,Half Yearly,100,80.3
19068,795,81,English,Annual Exam,100,83.4
19069,795,82,Social Studies,Unit Test 1,25,17.3
19070,795,82,Social Studies,Unit Test 2,25,18.5
19071,795,82,Social Studies,Half Yearly,100,71.7
19072,795,82,Social Studies,Annual Exam,100,77.3
19073,795,83,Telugu,Unit Test 1,25,14.8
19074,795,83,Telugu,Unit Test 2,25,15.8
19075,795,83,Telugu,Half Yearly,100,64.6
19076,795,83,Telugu,Annual Exam,100,58.3
19077,795,84,Computer Science,Unit Test 1,25,16.8
19078,795,84,Computer Science,Unit Test 2,25,15.9
19079,795,84,Computer Science,Half Yearly,100,70.4
19080,795,84,Computer Science,Annual Exam,100,59.1
19081,796,79,Mathematics,Unit Test 1,25,14.2
19082,796,79,Mathematics,Unit Test 2,25,15.7
19083,796,79,Mathematics,Half Yearly,100,43.3
19084,796,79,Mathematics,Annual Exam,100,40.1
19085,796,80,Science,Unit Test 1,25,15.5
19086,796,80,Science,Unit Test 2,25,10.3
19087,796,80,Science,Half Yearly,100,54.8
19088,796,80,Science,Annual Exam,100,45.4
19089,796,81,English,Unit Test 1,25,13.7
19090,796,81,English,Unit Test 2,25,13.0
19091,796,81,English,Half Yearly,100,57.7
19092,796,81,English,Annual Exam,100,54.0
19093,796,82,Social Studies,Unit Test 1,25,14.9
19094,796,82,Social Studies,Unit Test 2,25,12.3
19095,796,82,Social Studies,Half Yearly,100,56.2
19096,796,82,Social Studies,Annual Exam,100,65.5
19097,796,83,Telugu,Unit Test 1,25,14.5
19098,796,83,Telugu,Unit Test 2,25,13.4
19099,796,83,Telugu,Half Yearly,100,52.1
19100,796,83,Telugu,Annual Exam,100,62.1
19101,796,84,Computer Science,Unit Test 1,25,11.9
19102,796,84,Computer Science,Unit Test 2,25,18.4
19103,796,84,Computer Science,Half Yearly,100,48.6
19104,796,84,Computer Science,Annual Exam,100,54.0
19105,797,79,Mathematics,Unit Test 1,25,21.5
19106,797,79,Mathematics,Unit Test 2,25,20.1
19107,797,79,Mathematics,Half Yearly,100,78.5
19108,797,79,Mathematics,Annual Exam,100,83.5
19109,797,80,Science,Unit Test 1,25,19.9
19110,797,80,Science,Unit Test 2,25,22.3
19111,797,80,Science,Half Yearly,100,100.0
19112,797,80,Science,Annual Exam,100,89.8
19113,797,81,English,Unit Test 1,25,22.0
19114,797,81,English,Unit Test 2,25,24.6
19115,797,81,English,Half Yearly,100,86.4
19116,797,81,English,Annual Exam,100,89.9
19117,797,82,Social Studies,Unit Test 1,25,22.9
19118,797,82,Social Studies,Unit Test 2,25,20.2
19119,797,82,Social Studies,Half Yearly,100,96.3
19120,797,82,Social Studies,Annual Exam,100,94.9
19121,797,83,Telugu,Unit Test 1,25,21.9
19122,797,83,Telugu,Unit Test 2,25,22.9
19123,797,83,Telugu,Half Yearly,100,100.0
19124,797,83,Telugu,Annual Exam,100,83.0
19125,797,84,Computer Science,Unit Test 1,25,23.4
19126,797,84,Computer Science,Unit Test 2,25,25.0
19127,797,84,Computer Science,Half Yearly,100,100.0
19128,797,84,Computer Science,Annual Exam,100,86.8
19129,798,79,Mathematics,Unit Test 1,25,21.3
19130,798,79,Mathematics,Unit Test 2,25,20.5
19131,798,79,Mathematics,Half Yearly,100,85.0
19132,798,79,Mathematics,Annual Exam,100,71.7
19133,798,80,Science,Unit Test 1,25,20.4
19134,798,80,Science,Unit Test 2,25,18.7
19135,798,80,Science,Half Yearly,100,76.5
19136,798,80,Science,Annual Exam,100,73.6
19137,798,81,English,Unit Test 1,25,17.3
19138,798,81,English,Unit Test 2,25,23.0
19139,798,81,English,Half Yearly,100,71.3
19140,798,81,English,Annual Exam,100,59.4
19141,798,82,Social Studies,Unit Test 1,25,21.3
19142,798,82,Social Studies,Unit Test 2,25,19.5
19143,798,82,Social Studies,Half Yearly,100,80.3
19144,798,82,Social Studies,Annual Exam,100,85.3
19145,798,83,Telugu,Unit Test 1,25,21.7
19146,798,83,Telugu,Unit Test 2,25,25.0
19147,798,83,Telugu,Half Yearly,100,91.4
19148,798,83,Telugu,Annual Exam,100,80.3
19149,798,84,Computer Science,Unit Test 1,25,22.0
19150,798,84,Computer Science,Unit Test 2,25,20.5
19151,798,84,Computer Science,Half Yearly,100,82.5
19152,798,84,Computer Science,Annual Exam,100,88.1
19153,799,79,Mathematics,Unit Test 1,25,13.3
19154,799,79,Mathematics,Unit Test 2,25,11.8
19155,799,79,Mathematics,Half Yearly,100,51.1
19156,799,79,Mathematics,Annual Exam,100,58.2
19157,799,80,Science,Unit Test 1,25,14.9
19158,799,80,Science,Unit Test 2,25,14.0
19159,799,80,Science,Half Yearly,100,49.8
19160,799,80,Science,Annual Exam,100,62.3
19161,799,81,English,Unit Test 1,25,11.3
19162,799,81,English,Unit Test 2,25,16.1
19163,799,81,English,Half Yearly,100,41.7
19164,799,81,English,Annual Exam,100,69.9
19165,799,82,Social Studies,Unit Test 1,25,10.5
19166,799,82,Social Studies,Unit Test 2,25,16.4
19167,799,82,Social Studies,Half Yearly,100,67.5
19168,799,82,Social Studies,Annual Exam,100,59.3
19169,799,83,Telugu,Unit Test 1,25,17.0
19170,799,83,Telugu,Unit Test 2,25,14.0
19171,799,83,Telugu,Half Yearly,100,71.7
19172,799,83,Telugu,Annual Exam,100,53.6
19173,799,84,Computer Science,Unit Test 1,25,16.6
19174,799,84,Computer Science,Unit Test 2,25,19.0
19175,799,84,Computer Science,Half Yearly,100,67.9
19176,799,84,Computer Science,Annual Exam,100,66.2
19177,800,79,Mathematics,Unit Test 1,25,19.3
19178,800,79,Mathematics,Unit Test 2,25,16.6
19179,800,79,Mathematics,Half Yearly,100,68.4
19180,800,79,Mathematics,Annual Exam,100,57.5
19181,800,80,Science,Unit Test 1,25,16.3
19182,800,80,Science,Unit Test 2,25,16.2
19183,800,80,Science,Half Yearly,100,79.2
19184,800,80,Science,Annual Exam,100,66.9
19185,800,81,English,Unit Test 1,25,11.7
19186,800,81,English,Unit Test 2,25,12.5
19187,800,81,English,Half Yearly,100,71.5
19188,800,81,English,Annual Exam,100,51.8
19189,800,82,Social Studies,Unit Test 1,25,19.5
19190,800,82,Social Studies,Unit Test 2,25,15.5
19191,800,82,Social Studies,Half Yearly,100,65.7
19192,800,82,Social Studies,Annual Exam,100,56.0
19193,800,83,Telugu,Unit Test 1,25,14.8
19194,800,83,Telugu,Unit Test 2,25,17.5
19195,800,83,Telugu,Half Yearly,100,62.5
19196,800,83,Telugu,Annual Exam,100,70.1
19197,800,84,Computer Science,Unit Test 1,25,14.7
19198,800,84,Computer Science,Unit Test 2,25,14.5
19199,800,84,Computer Science,Half Yearly,100,51.5
19200,800,84,Computer Science,Annual Exam,100,52.7
19201,801,79,Mathematics,Unit Test 1,25,18.0
19202,801,79,Mathematics,Unit Test 2,25,19.1
19203,801,79,Mathematics,Half Yearly,100,74.7
19204,801,79,Mathematics,Annual Exam,100,82.5
19205,801,80,Science,Unit Test 1,25,17.8
19206,801,80,Science,Unit Test 2,25,18.6
19207,801,80,Science,Half Yearly,100,72.5
19208,801,80,Science,Annual Exam,100,69.1
19209,801,81,English,Unit Test 1,25,20.7
19210,801,81,English,Unit Test 2,25,20.0
19211,801,81,English,Half Yearly,100,91.0
19212,801,81,English,Annual Exam,100,75.1
19213,801,82,Social Studies,Unit Test 1,25,19.9
19214,801,82,Social Studies,Unit Test 2,25,16.3
19215,801,82,Social Studies,Half Yearly,100,77.4
19216,801,82,Social Studies,Annual Exam,100,82.7
19217,801,83,Telugu,Unit Test 1,25,21.0
19218,801,83,Telugu,Unit Test 2,25,22.9
19219,801,83,Telugu,Half Yearly,100,92.0
19220,801,83,Telugu,Annual Exam,100,84.0
19221,801,84,Computer Science,Unit Test 1,25,20.6
19222,801,84,Computer Science,Unit Test 2,25,21.6
19223,801,84,Computer Science,Half Yearly,100,92.0
19224,801,84,Computer Science,Annual Exam,100,82.7
19225,802,79,Mathematics,Unit Test 1,25,23.8
19226,802,79,Mathematics,Unit Test 2,25,24.3
19227,802,79,Mathematics,Half Yearly,100,84.2
19228,802,79,Mathematics,Annual Exam,100,91.9
19229,802,80,Science,Unit Test 1,25,23.5
19230,802,80,Science,Unit Test 2,25,25.0
19231,802,80,Science,Half Yearly,100,90.2
19232,802,80,Science,Annual Exam,100,100.0
19233,802,81,English,Unit Test 1,25,25.0
19234,802,81,English,Unit Test 2,25,21.7
19235,802,81,English,Half Yearly,100,86.2
19236,802,81,English,Annual Exam,100,96.5
19237,802,82,Social Studies,Unit Test 1,25,23.8
19238,802,82,Social Studies,Unit Test 2,25,25.0
19239,802,82,Social Studies,Half Yearly,100,88.0
19240,802,82,Social Studies,Annual Exam,100,100.0
19241,802,83,Telugu,Unit Test 1,25,25.0
19242,802,83,Telugu,Unit Test 2,25,23.9
19243,802,83,Telugu,Half Yearly,100,100.0
19244,802,83,Telugu,Annual Exam,100,100.0
19245,802,84,Computer Science,Unit Test 1,25,23.2
19246,802,84,Computer Science,Unit Test 2,25,25.0
19247,802,84,Computer Science,Half Yearly,100,100.0
19248,802,84,Computer Science,Annual Exam,100,84.0
19249,803,79,Mathematics,Unit Test 1,25,25.0
19250,803,79,Mathematics,Unit Test 2,25,25.0
19251,803,79,Mathematics,Half Yearly,100,100.0
19252,803,79,Mathematics,Annual Exam,100,100.0
19253,803,80,Science,Unit Test 1,25,25.0
19254,803,80,Science,Unit Test 2,25,25.0
19255,803,80,Science,Half Yearly,100,100.0
19256,803,80,Science,Annual Exam,100,100.0
19257,803,81,English,Unit Test 1,25,25.0
19258,803,81,English,Unit Test 2,25,25.0
19259,803,81,English,Half Yearly,100,100.0
19260,803,81,English,Annual Exam,100,100.0
19261,803,82,Social Studies,Unit Test 1,25,22.3
19262,803,82,Social Studies,Unit Test 2,25,25.0
19263,803,82,Social Studies,Half Yearly,100,95.9
19264,803,82,Social Studies,Annual Exam,100,94.5
19265,803,83,Telugu,Unit Test 1,25,25.0
19266,803,83,Telugu,Unit Test 2,25,23.5
19267,803,83,Telugu,Half Yearly,100,91.0
19268,803,83,Telugu,Annual Exam,100,92.9
19269,803,84,Computer Science,Unit Test 1,25,25.0
19270,803,84,Computer Science,Unit Test 2,25,21.5
19271,803,84,Computer Science,Half Yearly,100,100.0
19272,803,84,Computer Science,Annual Exam,100,100.0
19273,804,79,Mathematics,Unit Test 1,25,14.6
19274,804,79,Mathematics,Unit Test 2,25,9.2
19275,804,79,Mathematics,Half Yearly,100,31.1
19276,804,79,Mathematics,Annual Exam,100,69.6
19277,804,80,Science,Unit Test 1,25,11.8
19278,804,80,Science,Unit Test 2,25,8.6
19279,804,80,Science,Half Yearly,100,47.0
19280,804,80,Science,Annual Exam,100,52.4
19281,804,81,English,Unit Test 1,25,18.5
19282,804,81,English,Unit Test 2,25,19.2
19283,804,81,English,Half Yearly,100,76.0
19284,804,81,English,Annual Exam,100,79.3
19285,804,82,Social Studies,Unit Test 1,25,17.9
19286,804,82,Social Studies,Unit Test 2,25,11.8
19287,804,82,Social Studies,Half Yearly,100,56.2
19288,804,82,Social Studies,Annual Exam,100,90.8
19289,804,83,Telugu,Unit Test 1,25,18.8
19290,804,83,Telugu,Unit Test 2,25,16.0
19291,804,83,Telugu,Half Yearly,100,58.1
19292,804,83,Telugu,Annual Exam,100,54.7
19293,804,84,Computer Science,Unit Test 1,25,12.0
19294,804,84,Computer Science,Unit Test 2,25,14.1
19295,804,84,Computer Science,Half Yearly,100,58.4
19296,804,84,Computer Science,Annual Exam,100,35.4
19297,805,79,Mathematics,Unit Test 1,25,21.1
19298,805,79,Mathematics,Unit Test 2,25,21.6
19299,805,79,Mathematics,Half Yearly,100,93.0
19300,805,79,Mathematics,Annual Exam,100,82.1
19301,805,80,Science,Unit Test 1,25,23.0
19302,805,80,Science,Unit Test 2,25,22.5
19303,805,80,Science,Half Yearly,100,95.8
19304,805,80,Science,Annual Exam,100,75.9
19305,805,81,English,Unit Test 1,25,20.1
19306,805,81,English,Unit Test 2,25,19.7
19307,805,81,English,Half Yearly,100,91.2
19308,805,81,English,Annual Exam,100,93.3
19309,805,82,Social Studies,Unit Test 1,25,24.3
19310,805,82,Social Studies,Unit Test 2,25,19.9
19311,805,82,Social Studies,Half Yearly,100,91.1
19312,805,82,Social Studies,Annual Exam,100,92.5
19313,805,83,Telugu,Unit Test 1,25,19.5
19314,805,83,Telugu,Unit Test 2,25,19.6
19315,805,83,Telugu,Half Yearly,100,85.0
19316,805,83,Telugu,Annual Exam,100,77.4
19317,805,84,Computer Science,Unit Test 1,25,24.5
19318,805,84,Computer Science,Unit Test 2,25,22.0
19319,805,84,Computer Science,Half Yearly,100,86.0
19320,805,84,Computer Science,Annual Exam,100,100.0
19321,806,79,Mathematics,Unit Test 1,25,23.9
19322,806,79,Mathematics,Unit Test 2,25,21.4
19323,806,79,Mathematics,Half Yearly,100,80.4
19324,806,79,Mathematics,Annual Exam,100,100.0
19325,806,80,Science,Unit Test 1,25,19.9
19326,806,80,Science,Unit Test 2,25,21.1
19327,806,80,Science,Half Yearly,100,93.9
19328,806,80,Science,Annual Exam,100,73.1
19329,806,81,English,Unit Test 1,25,23.2
19330,806,81,English,Unit Test 2,25,19.0
19331,806,81,English,Half Yearly,100,91.6
19332,806,81,English,Annual Exam,100,93.6
19333,806,82,Social Studies,Unit Test 1,25,22.0
19334,806,82,Social Studies,Unit Test 2,25,18.0
19335,806,82,Social Studies,Half Yearly,100,82.8
19336,806,82,Social Studies,Annual Exam,100,87.7
19337,806,83,Telugu,Unit Test 1,25,21.9
19338,806,83,Telugu,Unit Test 2,25,24.4
19339,806,83,Telugu,Half Yearly,100,78.3
19340,806,83,Telugu,Annual Exam,100,89.3
19341,806,84,Computer Science,Unit Test 1,25,20.9
19342,806,84,Computer Science,Unit Test 2,25,15.3
19343,806,84,Computer Science,Half Yearly,100,79.1
19344,806,84,Computer Science,Annual Exam,100,72.5
19345,807,79,Mathematics,Unit Test 1,25,19.9
19346,807,79,Mathematics,Unit Test 2,25,20.4
19347,807,79,Mathematics,Half Yearly,100,69.0
19348,807,79,Mathematics,Annual Exam,100,78.8
19349,807,80,Science,Unit Test 1,25,22.9
19350,807,80,Science,Unit Test 2,25,14.8
19351,807,80,Science,Half Yearly,100,75.6
19352,807,80,Science,Annual Exam,100,79.0
19353,807,81,English,Unit Test 1,25,20.5
19354,807,81,English,Unit Test 2,25,21.0
19355,807,81,English,Half Yearly,100,74.5
19356,807,81,English,Annual Exam,100,91.0
19357,807,82,Social Studies,Unit Test 1,25,15.3
19358,807,82,Social Studies,Unit Test 2,25,15.9
19359,807,82,Social Studies,Half Yearly,100,56.2
19360,807,82,Social Studies,Annual Exam,100,74.7
19361,807,83,Telugu,Unit Test 1,25,21.4
19362,807,83,Telugu,Unit Test 2,25,16.6
19363,807,83,Telugu,Half Yearly,100,69.5
19364,807,83,Telugu,Annual Exam,100,82.1
19365,807,84,Computer Science,Unit Test 1,25,16.8
19366,807,84,Computer Science,Unit Test 2,25,20.2
19367,807,84,Computer Science,Half Yearly,100,67.1
19368,807,84,Computer Science,Annual Exam,100,87.0
19369,808,79,Mathematics,Unit Test 1,25,21.9
19370,808,79,Mathematics,Unit Test 2,25,21.8
19371,808,79,Mathematics,Half Yearly,100,99.2
19372,808,79,Mathematics,Annual Exam,100,94.2
19373,808,80,Science,Unit Test 1,25,24.3
19374,808,80,Science,Unit Test 2,25,24.4
19375,808,80,Science,Half Yearly,100,88.0
19376,808,80,Science,Annual Exam,100,100.0
19377,808,81,English,Unit Test 1,25,22.9
19378,808,81,English,Unit Test 2,25,25.0
19379,808,81,English,Half Yearly,100,89.4
19380,808,81,English,Annual Exam,100,97.0
19381,808,82,Social Studies,Unit Test 1,25,23.0
19382,808,82,Social Studies,Unit Test 2,25,20.8
19383,808,82,Social Studies,Half Yearly,100,95.9
19384,808,82,Social Studies,Annual Exam,100,80.5
19385,808,83,Telugu,Unit Test 1,25,22.1
19386,808,83,Telugu,Unit Test 2,25,19.7
19387,808,83,Telugu,Half Yearly,100,76.3
19388,808,83,Telugu,Annual Exam,100,74.5
19389,808,84,Computer Science,Unit Test 1,25,23.5
19390,808,84,Computer Science,Unit Test 2,25,25.0
19391,808,84,Computer Science,Half Yearly,100,100.0
19392,808,84,Computer Science,Annual Exam,100,100.0
19393,809,79,Mathematics,Unit Test 1,25,17.6
19394,809,79,Mathematics,Unit Test 2,25,18.0
19395,809,79,Mathematics,Half Yearly,100,50.7
19396,809,79,Mathematics,Annual Exam,100,74.6
19397,809,80,Science,Unit Test 1,25,20.5
19398,809,80,Science,Unit Test 2,25,21.2
19399,809,80,Science,Half Yearly,100,64.1
19400,809,80,Science,Annual Exam,100,87.3
19401,809,81,English,Unit Test 1,25,16.5
19402,809,81,English,Unit Test 2,25,15.5
19403,809,81,English,Half Yearly,100,76.4
19404,809,81,English,Annual Exam,100,69.2
19405,809,82,Social Studies,Unit Test 1,25,18.2
19406,809,82,Social Studies,Unit Test 2,25,20.0
19407,809,82,Social Studies,Half Yearly,100,71.8
19408,809,82,Social Studies,Annual Exam,100,56.4
19409,809,83,Telugu,Unit Test 1,25,20.0
19410,809,83,Telugu,Unit Test 2,25,20.4
19411,809,83,Telugu,Half Yearly,100,71.8
19412,809,83,Telugu,Annual Exam,100,88.0
19413,809,84,Computer Science,Unit Test 1,25,21.5
19414,809,84,Computer Science,Unit Test 2,25,21.5
19415,809,84,Computer Science,Half Yearly,100,82.6
19416,809,84,Computer Science,Annual Exam,100,85.2
19417,810,79,Mathematics,Unit Test 1,25,12.4
19418,810,79,Mathematics,Unit Test 2,25,14.0
19419,810,79,Mathematics,Half Yearly,100,50.7
19420,810,79,Mathematics,Annual Exam,100,61.8
19421,810,80,Science,Unit Test 1,25,21.5
19422,810,80,Science,Unit Test 2,25,23.2
19423,810,80,Science,Half Yearly,100,59.6
19424,810,80,Science,Annual Exam,100,49.8
19425,810,81,English,Unit Test 1,25,20.2
19426,810,81,English,Unit Test 2,25,16.0
19427,810,81,English,Half Yearly,100,72.5
19428,810,81,English,Annual Exam,100,81.9
19429,810,82,Social Studies,Unit Test 1,25,16.5
19430,810,82,Social Studies,Unit Test 2,25,15.4
19431,810,82,Social Studies,Half Yearly,100,55.5
19432,810,82,Social Studies,Annual Exam,100,75.4
19433,810,83,Telugu,Unit Test 1,25,15.8
19434,810,83,Telugu,Unit Test 2,25,15.0
19435,810,83,Telugu,Half Yearly,100,68.0
19436,810,83,Telugu,Annual Exam,100,78.6
19437,810,84,Computer Science,Unit Test 1,25,18.9
19438,810,84,Computer Science,Unit Test 2,25,13.9
19439,810,84,Computer Science,Half Yearly,100,70.2
19440,810,84,Computer Science,Annual Exam,100,69.5
19441,811,79,Mathematics,Unit Test 1,25,19.1
19442,811,79,Mathematics,Unit Test 2,25,18.3
19443,811,79,Mathematics,Half Yearly,100,90.3
19444,811,79,Mathematics,Annual Exam,100,70.4
19445,811,80,Science,Unit Test 1,25,15.0
19446,811,80,Science,Unit Test 2,25,21.5
19447,811,80,Science,Half Yearly,100,56.7
19448,811,80,Science,Annual Exam,100,77.7
19449,811,81,English,Unit Test 1,25,18.1
19450,811,81,English,Unit Test 2,25,17.0
19451,811,81,English,Half Yearly,100,70.0
19452,811,81,English,Annual Exam,100,66.0
19453,811,82,Social Studies,Unit Test 1,25,20.3
19454,811,82,Social Studies,Unit Test 2,25,16.5
19455,811,82,Social Studies,Half Yearly,100,50.0
19456,811,82,Social Studies,Annual Exam,100,84.1
19457,811,83,Telugu,Unit Test 1,25,17.6
19458,811,83,Telugu,Unit Test 2,25,20.2
19459,811,83,Telugu,Half Yearly,100,79.3
19460,811,83,Telugu,Annual Exam,100,69.9
19461,811,84,Computer Science,Unit Test 1,25,21.8
19462,811,84,Computer Science,Unit Test 2,25,18.4
19463,811,84,Computer Science,Half Yearly,100,76.2
19464,811,84,Computer Science,Annual Exam,100,83.6
19465,812,79,Mathematics,Unit Test 1,25,18.5
19466,812,79,Mathematics,Unit Test 2,25,13.6
19467,812,79,Mathematics,Half Yearly,100,68.3
19468,812,79,Mathematics,Annual Exam,100,60.2
19469,812,80,Science,Unit Test 1,25,12.4
19470,812,80,Science,Unit Test 2,25,19.1
19471,812,80,Science,Half Yearly,100,65.4
19472,812,80,Science,Annual Exam,100,76.7
19473,812,81,English,Unit Test 1,25,19.3
19474,812,81,English,Unit Test 2,25,16.6
19475,812,81,English,Half Yearly,100,75.8
19476,812,81,English,Annual Exam,100,56.8
19477,812,82,Social Studies,Unit Test 1,25,17.0
19478,812,82,Social Studies,Unit Test 2,25,18.0
19479,812,82,Social Studies,Half Yearly,100,54.8
19480,812,82,Social Studies,Annual Exam,100,78.7
19481,812,83,Telugu,Unit Test 1,25,21.7
19482,812,83,Telugu,Unit Test 2,25,18.0
19483,812,83,Telugu,Half Yearly,100,64.0
19484,812,83,Telugu,Annual Exam,100,67.6
19485,812,84,Computer Science,Unit Test 1,25,19.9
19486,812,84,Computer Science,Unit Test 2,25,18.5
19487,812,84,Computer Science,Half Yearly,100,68.3
19488,812,84,Computer Science,Annual Exam,100,54.4
19489,813,79,Mathematics,Unit Test 1,25,15.4
19490,813,79,Mathematics,Unit Test 2,25,15.4
19491,813,79,Mathematics,Half Yearly,100,80.0
19492,813,79,Mathematics,Annual Exam,100,70.8
19493,813,80,Science,Unit Test 1,25,15.8
19494,813,80,Science,Unit Test 2,25,14.3
19495,813,80,Science,Half Yearly,100,61.1
19496,813,80,Science,Annual Exam,100,49.9
19497,813,81,English,Unit Test 1,25,16.6
19498,813,81,English,Unit Test 2,25,14.8
19499,813,81,English,Half Yearly,100,61.3
19500,813,81,English,Annual Exam,100,44.1
19501,813,82,Social Studies,Unit Test 1,25,13.2
19502,813,82,Social Studies,Unit Test 2,25,15.3
19503,813,82,Social Studies,Half Yearly,100,57.9
19504,813,82,Social Studies,Annual Exam,100,57.5
19505,813,83,Telugu,Unit Test 1,25,13.4
19506,813,83,Telugu,Unit Test 2,25,16.0
19507,813,83,Telugu,Half Yearly,100,57.1
19508,813,83,Telugu,Annual Exam,100,57.8
19509,813,84,Computer Science,Unit Test 1,25,16.6
19510,813,84,Computer Science,Unit Test 2,25,14.4
19511,813,84,Computer Science,Half Yearly,100,58.8
19512,813,84,Computer Science,Annual Exam,100,64.9
19513,814,79,Mathematics,Unit Test 1,25,17.4
19514,814,79,Mathematics,Unit Test 2,25,20.8
19515,814,79,Mathematics,Half Yearly,100,59.1
19516,814,79,Mathematics,Annual Exam,100,63.0
19517,814,80,Science,Unit Test 1,25,16.7
19518,814,80,Science,Unit Test 2,25,16.9
19519,814,80,Science,Half Yearly,100,68.2
19520,814,80,Science,Annual Exam,100,74.7
19521,814,81,English,Unit Test 1,25,14.1
19522,814,81,English,Unit Test 2,25,18.6
19523,814,81,English,Half Yearly,100,68.3
19524,814,81,English,Annual Exam,100,54.3
19525,814,82,Social Studies,Unit Test 1,25,17.3
19526,814,82,Social Studies,Unit Test 2,25,19.3
19527,814,82,Social Studies,Half Yearly,100,77.3
19528,814,82,Social Studies,Annual Exam,100,76.1
19529,814,83,Telugu,Unit Test 1,25,18.3
19530,814,83,Telugu,Unit Test 2,25,16.7
19531,814,83,Telugu,Half Yearly,100,66.0
19532,814,83,Telugu,Annual Exam,100,76.1
19533,814,84,Computer Science,Unit Test 1,25,12.9
19534,814,84,Computer Science,Unit Test 2,25,14.1
19535,814,84,Computer Science,Half Yearly,100,74.6
19536,814,84,Computer Science,Annual Exam,100,58.3
19537,815,79,Mathematics,Unit Test 1,25,23.3
19538,815,79,Mathematics,Unit Test 2,25,20.9
19539,815,79,Mathematics,Half Yearly,100,95.2
19540,815,79,Mathematics,Annual Exam,100,98.5
19541,815,80,Science,Unit Test 1,25,21.2
19542,815,80,Science,Unit Test 2,25,18.2
19543,815,80,Science,Half Yearly,100,84.8
19544,815,80,Science,Annual Exam,100,89.6
19545,815,81,English,Unit Test 1,25,24.8
19546,815,81,English,Unit Test 2,25,20.6
19547,815,81,English,Half Yearly,100,92.0
19548,815,81,English,Annual Exam,100,85.7
19549,815,82,Social Studies,Unit Test 1,25,22.9
19550,815,82,Social Studies,Unit Test 2,25,25.0
19551,815,82,Social Studies,Half Yearly,100,100.0
19552,815,82,Social Studies,Annual Exam,100,86.4
19553,815,83,Telugu,Unit Test 1,25,20.7
19554,815,83,Telugu,Unit Test 2,25,19.4
19555,815,83,Telugu,Half Yearly,100,94.5
19556,815,83,Telugu,Annual Exam,100,85.6
19557,815,84,Computer Science,Unit Test 1,25,23.5
19558,815,84,Computer Science,Unit Test 2,25,21.0
19559,815,84,Computer Science,Half Yearly,100,100.0
19560,815,84,Computer Science,Annual Exam,100,77.0
19561,816,79,Mathematics,Unit Test 1,25,17.8
19562,816,79,Mathematics,Unit Test 2,25,16.2
19563,816,79,Mathematics,Half Yearly,100,79.8
19564,816,79,Mathematics,Annual Exam,100,79.1
19565,816,80,Science,Unit Test 1,25,15.7
19566,816,80,Science,Unit Test 2,25,14.4
19567,816,80,Science,Half Yearly,100,66.0
19568,816,80,Science,Annual Exam,100,69.2
19569,816,81,English,Unit Test 1,25,19.2
19570,816,81,English,Unit Test 2,25,20.1
19571,816,81,English,Half Yearly,100,81.6
19572,816,81,English,Annual Exam,100,56.6
19573,816,82,Social Studies,Unit Test 1,25,19.5
19574,816,82,Social Studies,Unit Test 2,25,18.4
19575,816,82,Social Studies,Half Yearly,100,71.9
19576,816,82,Social Studies,Annual Exam,100,83.8
19577,816,83,Telugu,Unit Test 1,25,12.5
19578,816,83,Telugu,Unit Test 2,25,12.2
19579,816,83,Telugu,Half Yearly,100,44.7
19580,816,83,Telugu,Annual Exam,100,49.4
19581,816,84,Computer Science,Unit Test 1,25,17.3
19582,816,84,Computer Science,Unit Test 2,25,17.2
19583,816,84,Computer Science,Half Yearly,100,67.3
19584,816,84,Computer Science,Annual Exam,100,76.3
19585,817,79,Mathematics,Unit Test 1,25,20.3
19586,817,79,Mathematics,Unit Test 2,25,22.7
19587,817,79,Mathematics,Half Yearly,100,92.6
19588,817,79,Mathematics,Annual Exam,100,79.9
19589,817,80,Science,Unit Test 1,25,17.8
19590,817,80,Science,Unit Test 2,25,19.4
19591,817,80,Science,Half Yearly,100,64.6
19592,817,80,Science,Annual Exam,100,83.6
19593,817,81,English,Unit Test 1,25,18.9
19594,817,81,English,Unit Test 2,25,18.8
19595,817,81,English,Half Yearly,100,63.1
19596,817,81,English,Annual Exam,100,77.4
19597,817,82,Social Studies,Unit Test 1,25,20.1
19598,817,82,Social Studies,Unit Test 2,25,23.6
19599,817,82,Social Studies,Half Yearly,100,81.6
19600,817,82,Social Studies,Annual Exam,100,83.5
19601,817,83,Telugu,Unit Test 1,25,25.0
19602,817,83,Telugu,Unit Test 2,25,25.0
19603,817,83,Telugu,Half Yearly,100,93.1
19604,817,83,Telugu,Annual Exam,100,98.6
19605,817,84,Computer Science,Unit Test 1,25,15.7
19606,817,84,Computer Science,Unit Test 2,25,18.1
19607,817,84,Computer Science,Half Yearly,100,91.0
19608,817,84,Computer Science,Annual Exam,100,76.6
19609,818,79,Mathematics,Unit Test 1,25,13.9
19610,818,79,Mathematics,Unit Test 2,25,12.5
19611,818,79,Mathematics,Half Yearly,100,47.0
19612,818,79,Mathematics,Annual Exam,100,55.1
19613,818,80,Science,Unit Test 1,25,17.4
19614,818,80,Science,Unit Test 2,25,15.0
19615,818,80,Science,Half Yearly,100,53.8
19616,818,80,Science,Annual Exam,100,60.1
19617,818,81,English,Unit Test 1,25,17.4
19618,818,81,English,Unit Test 2,25,17.5
19619,818,81,English,Half Yearly,100,57.4
19620,818,81,English,Annual Exam,100,55.4
19621,818,82,Social Studies,Unit Test 1,25,11.3
19622,818,82,Social Studies,Unit Test 2,25,18.1
19623,818,82,Social Studies,Half Yearly,100,64.1
19624,818,82,Social Studies,Annual Exam,100,73.6
19625,818,83,Telugu,Unit Test 1,25,18.0
19626,818,83,Telugu,Unit Test 2,25,13.7
19627,818,83,Telugu,Half Yearly,100,70.8
19628,818,83,Telugu,Annual Exam,100,67.0
19629,818,84,Computer Science,Unit Test 1,25,16.4
19630,818,84,Computer Science,Unit Test 2,25,14.7
19631,818,84,Computer Science,Half Yearly,100,41.0
19632,818,84,Computer Science,Annual Exam,100,67.9
19633,819,79,Mathematics,Unit Test 1,25,13.5
19634,819,79,Mathematics,Unit Test 2,25,17.6
19635,819,79,Mathematics,Half Yearly,100,60.2
19636,819,79,Mathematics,Annual Exam,100,41.8
19637,819,80,Science,Unit Test 1,25,16.2
19638,819,80,Science,Unit Test 2,25,16.3
19639,819,80,Science,Half Yearly,100,66.4
19640,819,80,Science,Annual Exam,100,74.1
19641,819,81,English,Unit Test 1,25,9.6
19642,819,81,English,Unit Test 2,25,13.8
19643,819,81,English,Half Yearly,100,40.4
19644,819,81,English,Annual Exam,100,61.3
19645,819,82,Social Studies,Unit Test 1,25,16.3
19646,819,82,Social Studies,Unit Test 2,25,14.2
19647,819,82,Social Studies,Half Yearly,100,57.8
19648,819,82,Social Studies,Annual Exam,100,53.4
19649,819,83,Telugu,Unit Test 1,25,16.8
19650,819,83,Telugu,Unit Test 2,25,14.4
19651,819,83,Telugu,Half Yearly,100,53.2
19652,819,83,Telugu,Annual Exam,100,48.3
19653,819,84,Computer Science,Unit Test 1,25,10.7
19654,819,84,Computer Science,Unit Test 2,25,11.2
19655,819,84,Computer Science,Half Yearly,100,63.5
19656,819,84,Computer Science,Annual Exam,100,53.3
19657,820,79,Mathematics,Unit Test 1,25,20.5
19658,820,79,Mathematics,Unit Test 2,25,19.0
19659,820,79,Mathematics,Half Yearly,100,89.9
19660,820,79,Mathematics,Annual Exam,100,81.6
19661,820,80,Science,Unit Test 1,25,20.1
19662,820,80,Science,Unit Test 2,25,14.1
19663,820,80,Science,Half Yearly,100,64.7
19664,820,80,Science,Annual Exam,100,82.2
19665,820,81,English,Unit Test 1,25,10.7
19666,820,81,English,Unit Test 2,25,16.9
19667,820,81,English,Half Yearly,100,71.1
19668,820,81,English,Annual Exam,100,61.7
19669,820,82,Social Studies,Unit Test 1,25,21.8
19670,820,82,Social Studies,Unit Test 2,25,21.9
19671,820,82,Social Studies,Half Yearly,100,85.0
19672,820,82,Social Studies,Annual Exam,100,72.8
19673,820,83,Telugu,Unit Test 1,25,22.0
19674,820,83,Telugu,Unit Test 2,25,20.9
19675,820,83,Telugu,Half Yearly,100,100.0
19676,820,83,Telugu,Annual Exam,100,99.3
19677,820,84,Computer Science,Unit Test 1,25,17.8
19678,820,84,Computer Science,Unit Test 2,25,18.6
19679,820,84,Computer Science,Half Yearly,100,77.2
19680,820,84,Computer Science,Annual Exam,100,65.9
19681,821,79,Mathematics,Unit Test 1,25,20.0
19682,821,79,Mathematics,Unit Test 2,25,21.3
19683,821,79,Mathematics,Half Yearly,100,76.0
19684,821,79,Mathematics,Annual Exam,100,86.3
19685,821,80,Science,Unit Test 1,25,21.3
19686,821,80,Science,Unit Test 2,25,19.0
19687,821,80,Science,Half Yearly,100,85.9
19688,821,80,Science,Annual Exam,100,75.3
19689,821,81,English,Unit Test 1,25,17.1
19690,821,81,English,Unit Test 2,25,18.2
19691,821,81,English,Half Yearly,100,63.4
19692,821,81,English,Annual Exam,100,86.2
19693,821,82,Social Studies,Unit Test 1,25,20.1
19694,821,82,Social Studies,Unit Test 2,25,19.4
19695,821,82,Social Studies,Half Yearly,100,89.7
19696,821,82,Social Studies,Annual Exam,100,82.1
19697,821,83,Telugu,Unit Test 1,25,19.8
19698,821,83,Telugu,Unit Test 2,25,18.7
19699,821,83,Telugu,Half Yearly,100,88.0
19700,821,83,Telugu,Annual Exam,100,74.9
19701,821,84,Computer Science,Unit Test 1,25,18.2
19702,821,84,Computer Science,Unit Test 2,25,22.1
19703,821,84,Computer Science,Half Yearly,100,91.0
19704,821,84,Computer Science,Annual Exam,100,88.2
19705,822,79,Mathematics,Unit Test 1,25,21.3
19706,822,79,Mathematics,Unit Test 2,25,19.3
19707,822,79,Mathematics,Half Yearly,100,92.7
19708,822,79,Mathematics,Annual Exam,100,69.2
19709,822,80,Science,Unit Test 1,25,20.0
19710,822,80,Science,Unit Test 2,25,19.4
19711,822,80,Science,Half Yearly,100,76.3
19712,822,80,Science,Annual Exam,100,72.4
19713,822,81,English,Unit Test 1,25,17.7
19714,822,81,English,Unit Test 2,25,17.8
19715,822,81,English,Half Yearly,100,69.3
19716,822,81,English,Annual Exam,100,84.2
19717,822,82,Social Studies,Unit Test 1,25,20.8
19718,822,82,Social Studies,Unit Test 2,25,20.4
19719,822,82,Social Studies,Half Yearly,100,68.7
19720,822,82,Social Studies,Annual Exam,100,82.0
19721,822,83,Telugu,Unit Test 1,25,20.1
19722,822,83,Telugu,Unit Test 2,25,19.2
19723,822,83,Telugu,Half Yearly,100,75.6
19724,822,83,Telugu,Annual Exam,100,61.8
19725,822,84,Computer Science,Unit Test 1,25,16.8
19726,822,84,Computer Science,Unit Test 2,25,19.4
19727,822,84,Computer Science,Half Yearly,100,75.7
19728,822,84,Computer Science,Annual Exam,100,82.1
19729,823,79,Mathematics,Unit Test 1,25,23.1
19730,823,79,Mathematics,Unit Test 2,25,23.2
19731,823,79,Mathematics,Half Yearly,100,96.6
19732,823,79,Mathematics,Annual Exam,100,100.0
19733,823,80,Science,Unit Test 1,25,24.9
19734,823,80,Science,Unit Test 2,25,24.2
19735,823,80,Science,Half Yearly,100,100.0
19736,823,80,Science,Annual Exam,100,100.0
19737,823,81,English,Unit Test 1,25,25.0
19738,823,81,English,Unit Test 2,25,25.0
19739,823,81,English,Half Yearly,100,85.7
19740,823,81,English,Annual Exam,100,100.0
19741,823,82,Social Studies,Unit Test 1,25,25.0
19742,823,82,Social Studies,Unit Test 2,25,25.0
19743,823,82,Social Studies,Half Yearly,100,94.4
19744,823,82,Social Studies,Annual Exam,100,100.0
19745,823,83,Telugu,Unit Test 1,25,24.4
19746,823,83,Telugu,Unit Test 2,25,25.0
19747,823,83,Telugu,Half Yearly,100,100.0
19748,823,83,Telugu,Annual Exam,100,100.0
19749,823,84,Computer Science,Unit Test 1,25,22.2
19750,823,84,Computer Science,Unit Test 2,25,19.0
19751,823,84,Computer Science,Half Yearly,100,97.4
19752,823,84,Computer Science,Annual Exam,100,84.1
19753,824,79,Mathematics,Unit Test 1,25,14.0
19754,824,79,Mathematics,Unit Test 2,25,14.2
19755,824,79,Mathematics,Half Yearly,100,70.2
19756,824,79,Mathematics,Annual Exam,100,55.4
19757,824,80,Science,Unit Test 1,25,17.9
19758,824,80,Science,Unit Test 2,25,13.9
19759,824,80,Science,Half Yearly,100,69.6
19760,824,80,Science,Annual Exam,100,63.3
19761,824,81,English,Unit Test 1,25,15.2
19762,824,81,English,Unit Test 2,25,19.3
19763,824,81,English,Half Yearly,100,55.9
19764,824,81,English,Annual Exam,100,66.7
19765,824,82,Social Studies,Unit Test 1,25,18.4
19766,824,82,Social Studies,Unit Test 2,25,18.5
19767,824,82,Social Studies,Half Yearly,100,81.4
19768,824,82,Social Studies,Annual Exam,100,70.8
19769,824,83,Telugu,Unit Test 1,25,13.0
19770,824,83,Telugu,Unit Test 2,25,18.5
19771,824,83,Telugu,Half Yearly,100,59.8
19772,824,83,Telugu,Annual Exam,100,78.1
19773,824,84,Computer Science,Unit Test 1,25,13.3
19774,824,84,Computer Science,Unit Test 2,25,17.3
19775,824,84,Computer Science,Half Yearly,100,53.4
19776,824,84,Computer Science,Annual Exam,100,53.8
19777,825,79,Mathematics,Unit Test 1,25,19.6
19778,825,79,Mathematics,Unit Test 2,25,18.5
19779,825,79,Mathematics,Half Yearly,100,72.6
19780,825,79,Mathematics,Annual Exam,100,80.2
19781,825,80,Science,Unit Test 1,25,16.3
19782,825,80,Science,Unit Test 2,25,16.4
19783,825,80,Science,Half Yearly,100,65.8
19784,825,80,Science,Annual Exam,100,84.7
19785,825,81,English,Unit Test 1,25,19.3
19786,825,81,English,Unit Test 2,25,16.3
19787,825,81,English,Half Yearly,100,84.1
19788,825,81,English,Annual Exam,100,80.5
19789,825,82,Social Studies,Unit Test 1,25,16.9
19790,825,82,Social Studies,Unit Test 2,25,15.7
19791,825,82,Social Studies,Half Yearly,100,76.4
19792,825,82,Social Studies,Annual Exam,100,74.1
19793,825,83,Telugu,Unit Test 1,25,16.6
19794,825,83,Telugu,Unit Test 2,25,15.5
19795,825,83,Telugu,Half Yearly,100,73.4
19796,825,83,Telugu,Annual Exam,100,69.3
19797,825,84,Computer Science,Unit Test 1,25,20.3
19798,825,84,Computer Science,Unit Test 2,25,16.9
19799,825,84,Computer Science,Half Yearly,100,67.4
19800,825,84,Computer Science,Annual Exam,100,79.4
19801,826,79,Mathematics,Unit Test 1,25,20.6
19802,826,79,Mathematics,Unit Test 2,25,22.8
19803,826,79,Mathematics,Half Yearly,100,91.4
19804,826,79,Mathematics,Annual Exam,100,86.7
19805,826,80,Science,Unit Test 1,25,24.1
19806,826,80,Science,Unit Test 2,25,18.4
19807,826,80,Science,Half Yearly,100,83.7
19808,826,80,Science,Annual Exam,100,87.7
19809,826,81,English,Unit Test 1,25,22.0
19810,826,81,English,Unit Test 2,25,18.9
19811,826,81,English,Half Yearly,100,76.6
19812,826,81,English,Annual Exam,100,74.1
19813,826,82,Social Studies,Unit Test 1,25,22.6
19814,826,82,Social Studies,Unit Test 2,25,21.5
19815,826,82,Social Studies,Half Yearly,100,91.8
19816,826,82,Social Studies,Annual Exam,100,81.0
19817,826,83,Telugu,Unit Test 1,25,25.0
19818,826,83,Telugu,Unit Test 2,25,22.5
19819,826,83,Telugu,Half Yearly,100,98.5
19820,826,83,Telugu,Annual Exam,100,84.9
19821,826,84,Computer Science,Unit Test 1,25,18.8
19822,826,84,Computer Science,Unit Test 2,25,20.5
19823,826,84,Computer Science,Half Yearly,100,91.4
19824,826,84,Computer Science,Annual Exam,100,67.9
19825,827,79,Mathematics,Unit Test 1,25,19.2
19826,827,79,Mathematics,Unit Test 2,25,17.4
19827,827,79,Mathematics,Half Yearly,100,57.9
19828,827,79,Mathematics,Annual Exam,100,67.2
19829,827,80,Science,Unit Test 1,25,23.7
19830,827,80,Science,Unit Test 2,25,18.1
19831,827,80,Science,Half Yearly,100,77.2
19832,827,80,Science,Annual Exam,100,79.7
19833,827,81,English,Unit Test 1,25,16.8
19834,827,81,English,Unit Test 2,25,18.7
19835,827,81,English,Half Yearly,100,64.3
19836,827,81,English,Annual Exam,100,59.3
19837,827,82,Social Studies,Unit Test 1,25,15.9
19838,827,82,Social Studies,Unit Test 2,25,20.8
19839,827,82,Social Studies,Half Yearly,100,80.1
19840,827,82,Social Studies,Annual Exam,100,74.4
19841,827,83,Telugu,Unit Test 1,25,16.9
19842,827,83,Telugu,Unit Test 2,25,17.3
19843,827,83,Telugu,Half Yearly,100,73.5
19844,827,83,Telugu,Annual Exam,100,77.9
19845,827,84,Computer Science,Unit Test 1,25,16.4
19846,827,84,Computer Science,Unit Test 2,25,19.4
19847,827,84,Computer Science,Half Yearly,100,72.1
19848,827,84,Computer Science,Annual Exam,100,57.5
19849,828,79,Mathematics,Unit Test 1,25,13.3
19850,828,79,Mathematics,Unit Test 2,25,13.2
19851,828,79,Mathematics,Half Yearly,100,76.1
19852,828,79,Mathematics,Annual Exam,100,72.8
19853,828,80,Science,Unit Test 1,25,18.0
19854,828,80,Science,Unit Test 2,25,15.7
19855,828,80,Science,Half Yearly,100,72.0
19856,828,80,Science,Annual Exam,100,68.5
19857,828,81,English,Unit Test 1,25,21.1
19858,828,81,English,Unit Test 2,25,20.7
19859,828,81,English,Half Yearly,100,88.2
19860,828,81,English,Annual Exam,100,88.6
19861,828,82,Social Studies,Unit Test 1,25,20.5
19862,828,82,Social Studies,Unit Test 2,25,17.8
19863,828,82,Social Studies,Half Yearly,100,74.7
19864,828,82,Social Studies,Annual Exam,100,64.2
19865,828,83,Telugu,Unit Test 1,25,18.5
19866,828,83,Telugu,Unit Test 2,25,16.8
19867,828,83,Telugu,Half Yearly,100,74.5
19868,828,83,Telugu,Annual Exam,100,75.1
19869,828,84,Computer Science,Unit Test 1,25,18.5
19870,828,84,Computer Science,Unit Test 2,25,16.7
19871,828,84,Computer Science,Half Yearly,100,82.4
19872,828,84,Computer Science,Annual Exam,100,78.0
19873,829,79,Mathematics,Unit Test 1,25,21.9
19874,829,79,Mathematics,Unit Test 2,25,21.3
19875,829,79,Mathematics,Half Yearly,100,79.9
19876,829,79,Mathematics,Annual Exam,100,82.6
19877,829,80,Science,Unit Test 1,25,20.6
19878,829,80,Science,Unit Test 2,25,21.6
19879,829,80,Science,Half Yearly,100,75.9
19880,829,80,Science,Annual Exam,100,77.0
19881,829,81,English,Unit Test 1,25,13.0
19882,829,81,English,Unit Test 2,25,17.7
19883,829,81,English,Half Yearly,100,65.9
19884,829,81,English,Annual Exam,100,60.9
19885,829,82,Social Studies,Unit Test 1,25,19.9
19886,829,82,Social Studies,Unit Test 2,25,14.9
19887,829,82,Social Studies,Half Yearly,100,72.8
19888,829,82,Social Studies,Annual Exam,100,72.1
19889,829,83,Telugu,Unit Test 1,25,15.9
19890,829,83,Telugu,Unit Test 2,25,15.6
19891,829,83,Telugu,Half Yearly,100,75.5
19892,829,83,Telugu,Annual Exam,100,65.6
19893,829,84,Computer Science,Unit Test 1,25,20.4
19894,829,84,Computer Science,Unit Test 2,25,18.9
19895,829,84,Computer Science,Half Yearly,100,78.5
19896,829,84,Computer Science,Annual Exam,100,67.2
19897,830,79,Mathematics,Unit Test 1,25,18.7
19898,830,79,Mathematics,Unit Test 2,25,17.7
19899,830,79,Mathematics,Half Yearly,100,69.8
19900,830,79,Mathematics,Annual Exam,100,51.6
19901,830,80,Science,Unit Test 1,25,15.9
19902,830,80,Science,Unit Test 2,25,18.2
19903,830,80,Science,Half Yearly,100,72.5
19904,830,80,Science,Annual Exam,100,72.5
19905,830,81,English,Unit Test 1,25,19.4
19906,830,81,English,Unit Test 2,25,17.7
19907,830,81,English,Half Yearly,100,64.9
19908,830,81,English,Annual Exam,100,68.1
19909,830,82,Social Studies,Unit Test 1,25,13.2
19910,830,82,Social Studies,Unit Test 2,25,16.9
19911,830,82,Social Studies,Half Yearly,100,59.6
19912,830,82,Social Studies,Annual Exam,100,71.0
19913,830,83,Telugu,Unit Test 1,25,14.9
19914,830,83,Telugu,Unit Test 2,25,18.3
19915,830,83,Telugu,Half Yearly,100,70.9
19916,830,83,Telugu,Annual Exam,100,60.6
19917,830,84,Computer Science,Unit Test 1,25,16.4
19918,830,84,Computer Science,Unit Test 2,25,12.1
19919,830,84,Computer Science,Half Yearly,100,62.4
19920,830,84,Computer Science,Annual Exam,100,74.4
19921,831,79,Mathematics,Unit Test 1,25,14.5
19922,831,79,Mathematics,Unit Test 2,25,12.2
19923,831,79,Mathematics,Half Yearly,100,65.7
19924,831,79,Mathematics,Annual Exam,100,81.3
19925,831,80,Science,Unit Test 1,25,19.3
19926,831,80,Science,Unit Test 2,25,17.8
19927,831,80,Science,Half Yearly,100,84.2
19928,831,80,Science,Annual Exam,100,86.9
19929,831,81,English,Unit Test 1,25,19.3
19930,831,81,English,Unit Test 2,25,19.5
19931,831,81,English,Half Yearly,100,71.8
19932,831,81,English,Annual Exam,100,71.5
19933,831,82,Social Studies,Unit Test 1,25,21.3
19934,831,82,Social Studies,Unit Test 2,25,18.2
19935,831,82,Social Studies,Half Yearly,100,68.7
19936,831,82,Social Studies,Annual Exam,100,74.9
19937,831,83,Telugu,Unit Test 1,25,20.6
19938,831,83,Telugu,Unit Test 2,25,17.8
19939,831,83,Telugu,Half Yearly,100,75.5
19940,831,83,Telugu,Annual Exam,100,69.7
19941,831,84,Computer Science,Unit Test 1,25,23.8
19942,831,84,Computer Science,Unit Test 2,25,22.3
19943,831,84,Computer Science,Half Yearly,100,83.6
19944,831,84,Computer Science,Annual Exam,100,86.5
19945,832,79,Mathematics,Unit Test 1,25,20.0
19946,832,79,Mathematics,Unit Test 2,25,20.7
19947,832,79,Mathematics,Half Yearly,100,93.4
19948,832,79,Mathematics,Annual Exam,100,89.1
19949,832,80,Science,Unit Test 1,25,22.0
19950,832,80,Science,Unit Test 2,25,20.7
19951,832,80,Science,Half Yearly,100,81.7
19952,832,80,Science,Annual Exam,100,82.1
19953,832,81,English,Unit Test 1,25,21.8
19954,832,81,English,Unit Test 2,25,23.8
19955,832,81,English,Half Yearly,100,71.7
19956,832,81,English,Annual Exam,100,97.4
19957,832,82,Social Studies,Unit Test 1,25,21.3
19958,832,82,Social Studies,Unit Test 2,25,20.7
19959,832,82,Social Studies,Half Yearly,100,93.7
19960,832,82,Social Studies,Annual Exam,100,91.5
19961,832,83,Telugu,Unit Test 1,25,22.7
19962,832,83,Telugu,Unit Test 2,25,19.4
19963,832,83,Telugu,Half Yearly,100,93.3
19964,832,83,Telugu,Annual Exam,100,94.5
19965,832,84,Computer Science,Unit Test 1,25,22.9
19966,832,84,Computer Science,Unit Test 2,25,23.4
19967,832,84,Computer Science,Half Yearly,100,96.8
19968,832,84,Computer Science,Annual Exam,100,90.6
19969,833,79,Mathematics,Unit Test 1,25,12.0
19970,833,79,Mathematics,Unit Test 2,25,12.7
19971,833,79,Mathematics,Half Yearly,100,51.6
19972,833,79,Mathematics,Annual Exam,100,34.7
19973,833,80,Science,Unit Test 1,25,11.5
19974,833,80,Science,Unit Test 2,25,15.9
19975,833,80,Science,Half Yearly,100,54.9
19976,833,80,Science,Annual Exam,100,50.6
19977,833,81,English,Unit Test 1,25,9.7
19978,833,81,English,Unit Test 2,25,11.3
19979,833,81,English,Half Yearly,100,33.0
19980,833,81,English,Annual Exam,100,49.6
19981,833,82,Social Studies,Unit Test 1,25,18.0
19982,833,82,Social Studies,Unit Test 2,25,16.1
19983,833,82,Social Studies,Half Yearly,100,51.1
19984,833,82,Social Studies,Annual Exam,100,58.7
19985,833,83,Telugu,Unit Test 1,25,15.1
19986,833,83,Telugu,Unit Test 2,25,12.5
19987,833,83,Telugu,Half Yearly,100,55.6
19988,833,83,Telugu,Annual Exam,100,52.9
19989,833,84,Computer Science,Unit Test 1,25,14.5
19990,833,84,Computer Science,Unit Test 2,25,18.4
19991,833,84,Computer Science,Half Yearly,100,81.1
19992,833,84,Computer Science,Annual Exam,100,59.5
19993,834,79,Mathematics,Unit Test 1,25,12.5
19994,834,79,Mathematics,Unit Test 2,25,17.2
19995,834,79,Mathematics,Half Yearly,100,51.0
19996,834,79,Mathematics,Annual Exam,100,51.5
19997,834,80,Science,Unit Test 1,25,10.5
19998,834,80,Science,Unit Test 2,25,12.8
19999,834,80,Science,Half Yearly,100,33.5
20000,834,80,Science,Annual Exam,100,26.0
20001,834,81,English,Unit Test 1,25,10.8
20002,834,81,English,Unit Test 2,25,9.0
20003,834,81,English,Half Yearly,100,54.7
20004,834,81,English,Annual Exam,100,42.7
20005,834,82,Social Studies,Unit Test 1,25,8.5
20006,834,82,Social Studies,Unit Test 2,25,8.4
20007,834,82,Social Studies,Half Yearly,100,42.1
20008,834,82,Social Studies,Annual Exam,100,31.3
20009,834,83,Telugu,Unit Test 1,25,15.1
20010,834,83,Telugu,Unit Test 2,25,7.7
20011,834,83,Telugu,Half Yearly,100,54.7
20012,834,83,Telugu,Annual Exam,100,37.2
20013,834,84,Computer Science,Unit Test 1,25,13.6
20014,834,84,Computer Science,Unit Test 2,25,12.9
20015,834,84,Computer Science,Half Yearly,100,51.7
20016,834,84,Computer Science,Annual Exam,100,43.9
20017,835,79,Mathematics,Unit Test 1,25,11.2
20018,835,79,Mathematics,Unit Test 2,25,11.5
20019,835,79,Mathematics,Half Yearly,100,27.8
20020,835,79,Mathematics,Annual Exam,100,40.7
20021,835,80,Science,Unit Test 1,25,10.6
20022,835,80,Science,Unit Test 2,25,11.4
20023,835,80,Science,Half Yearly,100,40.1
20024,835,80,Science,Annual Exam,100,42.8
20025,835,81,English,Unit Test 1,25,4.4
20026,835,81,English,Unit Test 2,25,5.2
20027,835,81,English,Half Yearly,100,28.7
20028,835,81,English,Annual Exam,100,40.9
20029,835,82,Social Studies,Unit Test 1,25,6.2
20030,835,82,Social Studies,Unit Test 2,25,7.7
20031,835,82,Social Studies,Half Yearly,100,21.2
20032,835,82,Social Studies,Annual Exam,100,21.0
20033,835,83,Telugu,Unit Test 1,25,10.9
20034,835,83,Telugu,Unit Test 2,25,9.5
20035,835,83,Telugu,Half Yearly,100,60.8
20036,835,83,Telugu,Annual Exam,100,41.8
20037,835,84,Computer Science,Unit Test 1,25,8.5
20038,835,84,Computer Science,Unit Test 2,25,7.5
20039,835,84,Computer Science,Half Yearly,100,37.3
20040,835,84,Computer Science,Annual Exam,100,47.3
20041,836,79,Mathematics,Unit Test 1,25,15.8
20042,836,79,Mathematics,Unit Test 2,25,19.8
20043,836,79,Mathematics,Half Yearly,100,79.0
20044,836,79,Mathematics,Annual Exam,100,73.6
20045,836,80,Science,Unit Test 1,25,18.5
20046,836,80,Science,Unit Test 2,25,18.5
20047,836,80,Science,Half Yearly,100,67.4
20048,836,80,Science,Annual Exam,100,82.5
20049,836,81,English,Unit Test 1,25,17.9
20050,836,81,English,Unit Test 2,25,18.6
20051,836,81,English,Half Yearly,100,86.9
20052,836,81,English,Annual Exam,100,68.2
20053,836,82,Social Studies,Unit Test 1,25,19.4
20054,836,82,Social Studies,Unit Test 2,25,19.6
20055,836,82,Social Studies,Half Yearly,100,80.2
20056,836,82,Social Studies,Annual Exam,100,81.9
20057,836,83,Telugu,Unit Test 1,25,22.9
20058,836,83,Telugu,Unit Test 2,25,19.8
20059,836,83,Telugu,Half Yearly,100,76.4
20060,836,83,Telugu,Annual Exam,100,69.7
20061,836,84,Computer Science,Unit Test 1,25,16.8
20062,836,84,Computer Science,Unit Test 2,25,18.3
20063,836,84,Computer Science,Half Yearly,100,73.2
20064,836,84,Computer Science,Annual Exam,100,72.3
20065,837,79,Mathematics,Unit Test 1,25,16.7
20066,837,79,Mathematics,Unit Test 2,25,13.5
20067,837,79,Mathematics,Half Yearly,100,54.3
20068,837,79,Mathematics,Annual Exam,100,48.1
20069,837,80,Science,Unit Test 1,25,13.5
20070,837,80,Science,Unit Test 2,25,11.7
20071,837,80,Science,Half Yearly,100,21.8
20072,837,80,Science,Annual Exam,100,36.7
20073,837,81,English,Unit Test 1,25,11.5
20074,837,81,English,Unit Test 2,25,10.7
20075,837,81,English,Half Yearly,100,57.3
20076,837,81,English,Annual Exam,100,39.6
20077,837,82,Social Studies,Unit Test 1,25,8.1
20078,837,82,Social Studies,Unit Test 2,25,9.9
20079,837,82,Social Studies,Half Yearly,100,44.2
20080,837,82,Social Studies,Annual Exam,100,42.8
20081,837,83,Telugu,Unit Test 1,25,10.8
20082,837,83,Telugu,Unit Test 2,25,13.6
20083,837,83,Telugu,Half Yearly,100,46.2
20084,837,83,Telugu,Annual Exam,100,38.1
20085,837,84,Computer Science,Unit Test 1,25,10.3
20086,837,84,Computer Science,Unit Test 2,25,7.4
20087,837,84,Computer Science,Half Yearly,100,53.6
20088,837,84,Computer Science,Annual Exam,100,41.4
20089,838,79,Mathematics,Unit Test 1,25,16.9
20090,838,79,Mathematics,Unit Test 2,25,15.4
20091,838,79,Mathematics,Half Yearly,100,67.1
20092,838,79,Mathematics,Annual Exam,100,64.5
20093,838,80,Science,Unit Test 1,25,17.9
20094,838,80,Science,Unit Test 2,25,21.3
20095,838,80,Science,Half Yearly,100,86.0
20096,838,80,Science,Annual Exam,100,81.7
20097,838,81,English,Unit Test 1,25,15.5
20098,838,81,English,Unit Test 2,25,18.9
20099,838,81,English,Half Yearly,100,62.8
20100,838,81,English,Annual Exam,100,84.1
20101,838,82,Social Studies,Unit Test 1,25,20.4
20102,838,82,Social Studies,Unit Test 2,25,22.4
20103,838,82,Social Studies,Half Yearly,100,77.6
20104,838,82,Social Studies,Annual Exam,100,62.3
20105,838,83,Telugu,Unit Test 1,25,21.5
20106,838,83,Telugu,Unit Test 2,25,17.7
20107,838,83,Telugu,Half Yearly,100,77.5
20108,838,83,Telugu,Annual Exam,100,70.4
20109,838,84,Computer Science,Unit Test 1,25,19.3
20110,838,84,Computer Science,Unit Test 2,25,17.6
20111,838,84,Computer Science,Half Yearly,100,75.5
20112,838,84,Computer Science,Annual Exam,100,81.7
20113,839,79,Mathematics,Unit Test 1,25,13.5
20114,839,79,Mathematics,Unit Test 2,25,20.5
20115,839,79,Mathematics,Half Yearly,100,70.0
20116,839,79,Mathematics,Annual Exam,100,53.9
20117,839,80,Science,Unit Test 1,25,18.0
20118,839,80,Science,Unit Test 2,25,13.2
20119,839,80,Science,Half Yearly,100,58.2
20120,839,80,Science,Annual Exam,100,42.1
20121,839,81,English,Unit Test 1,25,16.2
20122,839,81,English,Unit Test 2,25,17.1
20123,839,81,English,Half Yearly,100,49.2
20124,839,81,English,Annual Exam,100,68.7
20125,839,82,Social Studies,Unit Test 1,25,16.8
20126,839,82,Social Studies,Unit Test 2,25,19.3
20127,839,82,Social Studies,Half Yearly,100,62.3
20128,839,82,Social Studies,Annual Exam,100,76.7
20129,839,83,Telugu,Unit Test 1,25,11.4
20130,839,83,Telugu,Unit Test 2,25,15.1
20131,839,83,Telugu,Half Yearly,100,66.4
20132,839,83,Telugu,Annual Exam,100,51.5
20133,839,84,Computer Science,Unit Test 1,25,16.6
20134,839,84,Computer Science,Unit Test 2,25,16.8
20135,839,84,Computer Science,Half Yearly,100,67.3
20136,839,84,Computer Science,Annual Exam,100,66.7
20137,840,79,Mathematics,Unit Test 1,25,18.2
20138,840,79,Mathematics,Unit Test 2,25,18.5
20139,840,79,Mathematics,Half Yearly,100,68.6
20140,840,79,Mathematics,Annual Exam,100,75.0
20141,840,80,Science,Unit Test 1,25,20.0
20142,840,80,Science,Unit Test 2,25,13.4
20143,840,80,Science,Half Yearly,100,78.8
20144,840,80,Science,Annual Exam,100,75.8
20145,840,81,English,Unit Test 1,25,20.5
20146,840,81,English,Unit Test 2,25,16.8
20147,840,81,English,Half Yearly,100,70.2
20148,840,81,English,Annual Exam,100,71.1
20149,840,82,Social Studies,Unit Test 1,25,20.0
20150,840,82,Social Studies,Unit Test 2,25,18.2
20151,840,82,Social Studies,Half Yearly,100,85.8
20152,840,82,Social Studies,Annual Exam,100,99.0
20153,840,83,Telugu,Unit Test 1,25,23.4
20154,840,83,Telugu,Unit Test 2,25,21.2
20155,840,83,Telugu,Half Yearly,100,93.2
20156,840,83,Telugu,Annual Exam,100,91.8
20157,840,84,Computer Science,Unit Test 1,25,14.8
20158,840,84,Computer Science,Unit Test 2,25,16.3
20159,840,84,Computer Science,Half Yearly,100,62.4
20160,840,84,Computer Science,Annual Exam,100,72.4
20161,841,85,Mathematics,Unit Test 1,25,20.8
20162,841,85,Mathematics,Unit Test 2,25,19.4
20163,841,85,Mathematics,Half Yearly,100,68.6
20164,841,85,Mathematics,Annual Exam,100,67.4
20165,841,86,Science,Unit Test 1,25,21.5
20166,841,86,Science,Unit Test 2,25,21.5
20167,841,86,Science,Half Yearly,100,76.4
20168,841,86,Science,Annual Exam,100,84.1
20169,841,87,English,Unit Test 1,25,18.1
20170,841,87,English,Unit Test 2,25,20.8
20171,841,87,English,Half Yearly,100,79.8
20172,841,87,English,Annual Exam,100,93.3
20173,841,88,Social Studies,Unit Test 1,25,21.2
20174,841,88,Social Studies,Unit Test 2,25,20.9
20175,841,88,Social Studies,Half Yearly,100,66.2
20176,841,88,Social Studies,Annual Exam,100,71.1
20177,841,89,Telugu,Unit Test 1,25,19.0
20178,841,89,Telugu,Unit Test 2,25,17.7
20179,841,89,Telugu,Half Yearly,100,79.4
20180,841,89,Telugu,Annual Exam,100,78.3
20181,841,90,Computer Science,Unit Test 1,25,22.6
20182,841,90,Computer Science,Unit Test 2,25,19.1
20183,841,90,Computer Science,Half Yearly,100,82.8
20184,841,90,Computer Science,Annual Exam,100,70.2
20185,842,85,Mathematics,Unit Test 1,25,17.4
20186,842,85,Mathematics,Unit Test 2,25,18.9
20187,842,85,Mathematics,Half Yearly,100,80.6
20188,842,85,Mathematics,Annual Exam,100,58.0
20189,842,86,Science,Unit Test 1,25,16.9
20190,842,86,Science,Unit Test 2,25,16.1
20191,842,86,Science,Half Yearly,100,53.2
20192,842,86,Science,Annual Exam,100,74.6
20193,842,87,English,Unit Test 1,25,20.2
20194,842,87,English,Unit Test 2,25,18.1
20195,842,87,English,Half Yearly,100,56.4
20196,842,87,English,Annual Exam,100,63.7
20197,842,88,Social Studies,Unit Test 1,25,18.7
20198,842,88,Social Studies,Unit Test 2,25,15.8
20199,842,88,Social Studies,Half Yearly,100,74.5
20200,842,88,Social Studies,Annual Exam,100,56.2
20201,842,89,Telugu,Unit Test 1,25,14.5
20202,842,89,Telugu,Unit Test 2,25,17.1
20203,842,89,Telugu,Half Yearly,100,66.5
20204,842,89,Telugu,Annual Exam,100,67.3
20205,842,90,Computer Science,Unit Test 1,25,15.4
20206,842,90,Computer Science,Unit Test 2,25,18.8
20207,842,90,Computer Science,Half Yearly,100,61.4
20208,842,90,Computer Science,Annual Exam,100,68.2
20209,843,85,Mathematics,Unit Test 1,25,23.0
20210,843,85,Mathematics,Unit Test 2,25,22.3
20211,843,85,Mathematics,Half Yearly,100,89.7
20212,843,85,Mathematics,Annual Exam,100,86.3
20213,843,86,Science,Unit Test 1,25,20.2
20214,843,86,Science,Unit Test 2,25,19.4
20215,843,86,Science,Half Yearly,100,92.6
20216,843,86,Science,Annual Exam,100,86.0
20217,843,87,English,Unit Test 1,25,24.8
20218,843,87,English,Unit Test 2,25,19.5
20219,843,87,English,Half Yearly,100,84.1
20220,843,87,English,Annual Exam,100,83.8
20221,843,88,Social Studies,Unit Test 1,25,21.5
20222,843,88,Social Studies,Unit Test 2,25,22.1
20223,843,88,Social Studies,Half Yearly,100,84.9
20224,843,88,Social Studies,Annual Exam,100,91.2
20225,843,89,Telugu,Unit Test 1,25,18.8
20226,843,89,Telugu,Unit Test 2,25,22.2
20227,843,89,Telugu,Half Yearly,100,91.2
20228,843,89,Telugu,Annual Exam,100,86.4
20229,843,90,Computer Science,Unit Test 1,25,15.6
20230,843,90,Computer Science,Unit Test 2,25,18.2
20231,843,90,Computer Science,Half Yearly,100,71.1
20232,843,90,Computer Science,Annual Exam,100,78.0
20233,844,85,Mathematics,Unit Test 1,25,23.7
20234,844,85,Mathematics,Unit Test 2,25,20.9
20235,844,85,Mathematics,Half Yearly,100,95.4
20236,844,85,Mathematics,Annual Exam,100,96.4
20237,844,86,Science,Unit Test 1,25,20.3
20238,844,86,Science,Unit Test 2,25,24.1
20239,844,86,Science,Half Yearly,100,93.6
20240,844,86,Science,Annual Exam,100,92.4
20241,844,87,English,Unit Test 1,25,21.9
20242,844,87,English,Unit Test 2,25,20.7
20243,844,87,English,Half Yearly,100,95.8
20244,844,87,English,Annual Exam,100,79.4
20245,844,88,Social Studies,Unit Test 1,25,23.5
20246,844,88,Social Studies,Unit Test 2,25,19.7
20247,844,88,Social Studies,Half Yearly,100,71.1
20248,844,88,Social Studies,Annual Exam,100,89.2
20249,844,89,Telugu,Unit Test 1,25,23.7
20250,844,89,Telugu,Unit Test 2,25,25.0
20251,844,89,Telugu,Half Yearly,100,97.2
20252,844,89,Telugu,Annual Exam,100,100.0
20253,844,90,Computer Science,Unit Test 1,25,21.3
20254,844,90,Computer Science,Unit Test 2,25,25.0
20255,844,90,Computer Science,Half Yearly,100,100.0
20256,844,90,Computer Science,Annual Exam,100,81.8
20257,845,85,Mathematics,Unit Test 1,25,15.0
20258,845,85,Mathematics,Unit Test 2,25,13.3
20259,845,85,Mathematics,Half Yearly,100,64.6
20260,845,85,Mathematics,Annual Exam,100,49.2
20261,845,86,Science,Unit Test 1,25,20.1
20262,845,86,Science,Unit Test 2,25,17.1
20263,845,86,Science,Half Yearly,100,53.7
20264,845,86,Science,Annual Exam,100,69.9
20265,845,87,English,Unit Test 1,25,13.4
20266,845,87,English,Unit Test 2,25,13.4
20267,845,87,English,Half Yearly,100,45.6
20268,845,87,English,Annual Exam,100,55.9
20269,845,88,Social Studies,Unit Test 1,25,16.8
20270,845,88,Social Studies,Unit Test 2,25,13.3
20271,845,88,Social Studies,Half Yearly,100,53.7
20272,845,88,Social Studies,Annual Exam,100,52.2
20273,845,89,Telugu,Unit Test 1,25,12.2
20274,845,89,Telugu,Unit Test 2,25,12.8
20275,845,89,Telugu,Half Yearly,100,46.3
20276,845,89,Telugu,Annual Exam,100,53.0
20277,845,90,Computer Science,Unit Test 1,25,16.5
20278,845,90,Computer Science,Unit Test 2,25,14.3
20279,845,90,Computer Science,Half Yearly,100,68.7
20280,845,90,Computer Science,Annual Exam,100,68.4
20281,846,85,Mathematics,Unit Test 1,25,13.2
20282,846,85,Mathematics,Unit Test 2,25,13.3
20283,846,85,Mathematics,Half Yearly,100,40.7
20284,846,85,Mathematics,Annual Exam,100,62.9
20285,846,86,Science,Unit Test 1,25,11.8
20286,846,86,Science,Unit Test 2,25,12.2
20287,846,86,Science,Half Yearly,100,52.3
20288,846,86,Science,Annual Exam,100,56.7
20289,846,87,English,Unit Test 1,25,18.5
20290,846,87,English,Unit Test 2,25,16.7
20291,846,87,English,Half Yearly,100,69.6
20292,846,87,English,Annual Exam,100,69.0
20293,846,88,Social Studies,Unit Test 1,25,12.0
20294,846,88,Social Studies,Unit Test 2,25,11.7
20295,846,88,Social Studies,Half Yearly,100,41.8
20296,846,88,Social Studies,Annual Exam,100,36.3
20297,846,89,Telugu,Unit Test 1,25,12.7
20298,846,89,Telugu,Unit Test 2,25,11.0
20299,846,89,Telugu,Half Yearly,100,69.6
20300,846,89,Telugu,Annual Exam,100,55.8
20301,846,90,Computer Science,Unit Test 1,25,11.3
20302,846,90,Computer Science,Unit Test 2,25,10.2
20303,846,90,Computer Science,Half Yearly,100,68.7
20304,846,90,Computer Science,Annual Exam,100,51.9
20305,847,85,Mathematics,Unit Test 1,25,13.8
20306,847,85,Mathematics,Unit Test 2,25,15.6
20307,847,85,Mathematics,Half Yearly,100,49.1
20308,847,85,Mathematics,Annual Exam,100,50.5
20309,847,86,Science,Unit Test 1,25,15.2
20310,847,86,Science,Unit Test 2,25,18.8
20311,847,86,Science,Half Yearly,100,56.1
20312,847,86,Science,Annual Exam,100,64.8
20313,847,87,English,Unit Test 1,25,15.6
20314,847,87,English,Unit Test 2,25,15.3
20315,847,87,English,Half Yearly,100,52.6
20316,847,87,English,Annual Exam,100,60.7
20317,847,88,Social Studies,Unit Test 1,25,13.7
20318,847,88,Social Studies,Unit Test 2,25,16.0
20319,847,88,Social Studies,Half Yearly,100,53.4
20320,847,88,Social Studies,Annual Exam,100,36.8
20321,847,89,Telugu,Unit Test 1,25,15.2
20322,847,89,Telugu,Unit Test 2,25,17.7
20323,847,89,Telugu,Half Yearly,100,47.4
20324,847,89,Telugu,Annual Exam,100,67.5
20325,847,90,Computer Science,Unit Test 1,25,17.3
20326,847,90,Computer Science,Unit Test 2,25,17.0
20327,847,90,Computer Science,Half Yearly,100,49.2
20328,847,90,Computer Science,Annual Exam,100,54.8
20329,848,85,Mathematics,Unit Test 1,25,21.5
20330,848,85,Mathematics,Unit Test 2,25,18.1
20331,848,85,Mathematics,Half Yearly,100,75.0
20332,848,85,Mathematics,Annual Exam,100,81.4
20333,848,86,Science,Unit Test 1,25,19.0
20334,848,86,Science,Unit Test 2,25,16.2
20335,848,86,Science,Half Yearly,100,64.6
20336,848,86,Science,Annual Exam,100,72.1
20337,848,87,English,Unit Test 1,25,16.7
20338,848,87,English,Unit Test 2,25,15.0
20339,848,87,English,Half Yearly,100,68.3
20340,848,87,English,Annual Exam,100,63.3
20341,848,88,Social Studies,Unit Test 1,25,17.4
20342,848,88,Social Studies,Unit Test 2,25,15.8
20343,848,88,Social Studies,Half Yearly,100,71.1
20344,848,88,Social Studies,Annual Exam,100,68.1
20345,848,89,Telugu,Unit Test 1,25,17.9
20346,848,89,Telugu,Unit Test 2,25,9.4
20347,848,89,Telugu,Half Yearly,100,70.3
20348,848,89,Telugu,Annual Exam,100,74.8
20349,848,90,Computer Science,Unit Test 1,25,19.4
20350,848,90,Computer Science,Unit Test 2,25,20.7
20351,848,90,Computer Science,Half Yearly,100,71.3
20352,848,90,Computer Science,Annual Exam,100,79.5
20353,849,85,Mathematics,Unit Test 1,25,5.1
20354,849,85,Mathematics,Unit Test 2,25,7.6
20355,849,85,Mathematics,Half Yearly,100,24.6
20356,849,85,Mathematics,Annual Exam,100,35.3
20357,849,86,Science,Unit Test 1,25,3.8
20358,849,86,Science,Unit Test 2,25,11.2
20359,849,86,Science,Half Yearly,100,34.0
20360,849,86,Science,Annual Exam,100,26.4
20361,849,87,English,Unit Test 1,25,6.6
20362,849,87,English,Unit Test 2,25,7.5
20363,849,87,English,Half Yearly,100,21.9
20364,849,87,English,Annual Exam,100,42.7
20365,849,88,Social Studies,Unit Test 1,25,12.9
20366,849,88,Social Studies,Unit Test 2,25,12.2
20367,849,88,Social Studies,Half Yearly,100,37.8
20368,849,88,Social Studies,Annual Exam,100,51.1
20369,849,89,Telugu,Unit Test 1,25,9.3
20370,849,89,Telugu,Unit Test 2,25,9.5
20371,849,89,Telugu,Half Yearly,100,38.3
20372,849,89,Telugu,Annual Exam,100,38.9
20373,849,90,Computer Science,Unit Test 1,25,11.6
20374,849,90,Computer Science,Unit Test 2,25,13.0
20375,849,90,Computer Science,Half Yearly,100,38.4
20376,849,90,Computer Science,Annual Exam,100,37.1
20377,850,85,Mathematics,Unit Test 1,25,8.3
20378,850,85,Mathematics,Unit Test 2,25,12.1
20379,850,85,Mathematics,Half Yearly,100,42.3
20380,850,85,Mathematics,Annual Exam,100,43.2
20381,850,86,Science,Unit Test 1,25,11.3
20382,850,86,Science,Unit Test 2,25,9.8
20383,850,86,Science,Half Yearly,100,17.9
20384,850,86,Science,Annual Exam,100,43.6
20385,850,87,English,Unit Test 1,25,12.9
20386,850,87,English,Unit Test 2,25,15.3
20387,850,87,English,Half Yearly,100,59.1
20388,850,87,English,Annual Exam,100,49.8
20389,850,88,Social Studies,Unit Test 1,25,12.8
20390,850,88,Social Studies,Unit Test 2,25,16.8
20391,850,88,Social Studies,Half Yearly,100,45.9
20392,850,88,Social Studies,Annual Exam,100,64.2
20393,850,89,Telugu,Unit Test 1,25,11.3
20394,850,89,Telugu,Unit Test 2,25,11.1
20395,850,89,Telugu,Half Yearly,100,49.4
20396,850,89,Telugu,Annual Exam,100,56.7
20397,850,90,Computer Science,Unit Test 1,25,15.0
20398,850,90,Computer Science,Unit Test 2,25,18.2
20399,850,90,Computer Science,Half Yearly,100,67.5
20400,850,90,Computer Science,Annual Exam,100,61.4
20401,851,85,Mathematics,Unit Test 1,25,18.8
20402,851,85,Mathematics,Unit Test 2,25,20.0
20403,851,85,Mathematics,Half Yearly,100,82.0
20404,851,85,Mathematics,Annual Exam,100,71.0
20405,851,86,Science,Unit Test 1,25,20.0
20406,851,86,Science,Unit Test 2,25,21.4
20407,851,86,Science,Half Yearly,100,76.2
20408,851,86,Science,Annual Exam,100,84.1
20409,851,87,English,Unit Test 1,25,18.9
20410,851,87,English,Unit Test 2,25,19.0
20411,851,87,English,Half Yearly,100,87.9
20412,851,87,English,Annual Exam,100,91.6
20413,851,88,Social Studies,Unit Test 1,25,16.8
20414,851,88,Social Studies,Unit Test 2,25,18.7
20415,851,88,Social Studies,Half Yearly,100,82.3
20416,851,88,Social Studies,Annual Exam,100,91.7
20417,851,89,Telugu,Unit Test 1,25,22.1
20418,851,89,Telugu,Unit Test 2,25,18.8
20419,851,89,Telugu,Half Yearly,100,58.5
20420,851,89,Telugu,Annual Exam,100,75.0
20421,851,90,Computer Science,Unit Test 1,25,12.0
20422,851,90,Computer Science,Unit Test 2,25,18.8
20423,851,90,Computer Science,Half Yearly,100,67.1
20424,851,90,Computer Science,Annual Exam,100,70.0
20425,852,85,Mathematics,Unit Test 1,25,18.5
20426,852,85,Mathematics,Unit Test 2,25,22.1
20427,852,85,Mathematics,Half Yearly,100,77.0
20428,852,85,Mathematics,Annual Exam,100,77.8
20429,852,86,Science,Unit Test 1,25,25.0
20430,852,86,Science,Unit Test 2,25,23.7
20431,852,86,Science,Half Yearly,100,83.8
20432,852,86,Science,Annual Exam,100,84.9
20433,852,87,English,Unit Test 1,25,21.0
20434,852,87,English,Unit Test 2,25,17.7
20435,852,87,English,Half Yearly,100,86.0
20436,852,87,English,Annual Exam,100,98.1
20437,852,88,Social Studies,Unit Test 1,25,19.8
20438,852,88,Social Studies,Unit Test 2,25,19.0
20439,852,88,Social Studies,Half Yearly,100,98.0
20440,852,88,Social Studies,Annual Exam,100,74.7
20441,852,89,Telugu,Unit Test 1,25,20.8
20442,852,89,Telugu,Unit Test 2,25,20.9
20443,852,89,Telugu,Half Yearly,100,100.0
20444,852,89,Telugu,Annual Exam,100,90.2
20445,852,90,Computer Science,Unit Test 1,25,22.0
20446,852,90,Computer Science,Unit Test 2,25,16.4
20447,852,90,Computer Science,Half Yearly,100,78.4
20448,852,90,Computer Science,Annual Exam,100,69.2
20449,853,85,Mathematics,Unit Test 1,25,18.4
20450,853,85,Mathematics,Unit Test 2,25,23.6
20451,853,85,Mathematics,Half Yearly,100,74.4
20452,853,85,Mathematics,Annual Exam,100,86.6
20453,853,86,Science,Unit Test 1,25,18.6
20454,853,86,Science,Unit Test 2,25,14.9
20455,853,86,Science,Half Yearly,100,91.0
20456,853,86,Science,Annual Exam,100,73.4
20457,853,87,English,Unit Test 1,25,19.0
20458,853,87,English,Unit Test 2,25,22.2
20459,853,87,English,Half Yearly,100,82.1
20460,853,87,English,Annual Exam,100,77.8
20461,853,88,Social Studies,Unit Test 1,25,24.1
20462,853,88,Social Studies,Unit Test 2,25,24.5
20463,853,88,Social Studies,Half Yearly,100,93.1
20464,853,88,Social Studies,Annual Exam,100,92.7
20465,853,89,Telugu,Unit Test 1,25,19.6
20466,853,89,Telugu,Unit Test 2,25,24.5
20467,853,89,Telugu,Half Yearly,100,77.0
20468,853,89,Telugu,Annual Exam,100,75.6
20469,853,90,Computer Science,Unit Test 1,25,21.5
20470,853,90,Computer Science,Unit Test 2,25,21.6
20471,853,90,Computer Science,Half Yearly,100,76.6
20472,853,90,Computer Science,Annual Exam,100,99.3
20473,854,85,Mathematics,Unit Test 1,25,18.0
20474,854,85,Mathematics,Unit Test 2,25,18.0
20475,854,85,Mathematics,Half Yearly,100,70.3
20476,854,85,Mathematics,Annual Exam,100,37.0
20477,854,86,Science,Unit Test 1,25,14.5
20478,854,86,Science,Unit Test 2,25,16.7
20479,854,86,Science,Half Yearly,100,62.6
20480,854,86,Science,Annual Exam,100,60.3
20481,854,87,English,Unit Test 1,25,12.8
20482,854,87,English,Unit Test 2,25,12.7
20483,854,87,English,Half Yearly,100,44.1
20484,854,87,English,Annual Exam,100,35.5
20485,854,88,Social Studies,Unit Test 1,25,13.7
20486,854,88,Social Studies,Unit Test 2,25,11.7
20487,854,88,Social Studies,Half Yearly,100,50.9
20488,854,88,Social Studies,Annual Exam,100,40.8
20489,854,89,Telugu,Unit Test 1,25,15.1
20490,854,89,Telugu,Unit Test 2,25,13.0
20491,854,89,Telugu,Half Yearly,100,62.8
20492,854,89,Telugu,Annual Exam,100,47.5
20493,854,90,Computer Science,Unit Test 1,25,13.4
20494,854,90,Computer Science,Unit Test 2,25,12.7
20495,854,90,Computer Science,Half Yearly,100,64.1
20496,854,90,Computer Science,Annual Exam,100,56.4
20497,855,85,Mathematics,Unit Test 1,25,23.3
20498,855,85,Mathematics,Unit Test 2,25,21.4
20499,855,85,Mathematics,Half Yearly,100,88.7
20500,855,85,Mathematics,Annual Exam,100,72.8
20501,855,86,Science,Unit Test 1,25,17.3
20502,855,86,Science,Unit Test 2,25,16.5
20503,855,86,Science,Half Yearly,100,67.5
20504,855,86,Science,Annual Exam,100,49.4
20505,855,87,English,Unit Test 1,25,17.1
20506,855,87,English,Unit Test 2,25,18.8
20507,855,87,English,Half Yearly,100,54.3
20508,855,87,English,Annual Exam,100,72.7
20509,855,88,Social Studies,Unit Test 1,25,17.3
20510,855,88,Social Studies,Unit Test 2,25,18.8
20511,855,88,Social Studies,Half Yearly,100,60.7
20512,855,88,Social Studies,Annual Exam,100,79.0
20513,855,89,Telugu,Unit Test 1,25,17.8
20514,855,89,Telugu,Unit Test 2,25,17.7
20515,855,89,Telugu,Half Yearly,100,53.1
20516,855,89,Telugu,Annual Exam,100,65.2
20517,855,90,Computer Science,Unit Test 1,25,19.3
20518,855,90,Computer Science,Unit Test 2,25,14.2
20519,855,90,Computer Science,Half Yearly,100,62.9
20520,855,90,Computer Science,Annual Exam,100,78.7
20521,856,85,Mathematics,Unit Test 1,25,11.4
20522,856,85,Mathematics,Unit Test 2,25,15.1
20523,856,85,Mathematics,Half Yearly,100,52.9
20524,856,85,Mathematics,Annual Exam,100,55.7
20525,856,86,Science,Unit Test 1,25,12.2
20526,856,86,Science,Unit Test 2,25,11.9
20527,856,86,Science,Half Yearly,100,63.4
20528,856,86,Science,Annual Exam,100,45.1
20529,856,87,English,Unit Test 1,25,16.8
20530,856,87,English,Unit Test 2,25,11.8
20531,856,87,English,Half Yearly,100,54.9
20532,856,87,English,Annual Exam,100,56.0
20533,856,88,Social Studies,Unit Test 1,25,12.4
20534,856,88,Social Studies,Unit Test 2,25,14.6
20535,856,88,Social Studies,Half Yearly,100,54.2
20536,856,88,Social Studies,Annual Exam,100,64.6
20537,856,89,Telugu,Unit Test 1,25,8.9
20538,856,89,Telugu,Unit Test 2,25,12.0
20539,856,89,Telugu,Half Yearly,100,15.0
20540,856,89,Telugu,Annual Exam,100,47.1
20541,856,90,Computer Science,Unit Test 1,25,11.1
20542,856,90,Computer Science,Unit Test 2,25,13.0
20543,856,90,Computer Science,Half Yearly,100,55.1
20544,856,90,Computer Science,Annual Exam,100,64.0
20545,857,85,Mathematics,Unit Test 1,25,16.0
20546,857,85,Mathematics,Unit Test 2,25,17.5
20547,857,85,Mathematics,Half Yearly,100,62.1
20548,857,85,Mathematics,Annual Exam,100,79.1
20549,857,86,Science,Unit Test 1,25,12.0
20550,857,86,Science,Unit Test 2,25,17.2
20551,857,86,Science,Half Yearly,100,61.7
20552,857,86,Science,Annual Exam,100,70.4
20553,857,87,English,Unit Test 1,25,15.5
20554,857,87,English,Unit Test 2,25,16.8
20555,857,87,English,Half Yearly,100,71.6
20556,857,87,English,Annual Exam,100,49.2
20557,857,88,Social Studies,Unit Test 1,25,20.9
20558,857,88,Social Studies,Unit Test 2,25,18.1
20559,857,88,Social Studies,Half Yearly,100,81.7
20560,857,88,Social Studies,Annual Exam,100,73.2
20561,857,89,Telugu,Unit Test 1,25,17.6
20562,857,89,Telugu,Unit Test 2,25,20.1
20563,857,89,Telugu,Half Yearly,100,72.5
20564,857,89,Telugu,Annual Exam,100,81.6
20565,857,90,Computer Science,Unit Test 1,25,15.9
20566,857,90,Computer Science,Unit Test 2,25,15.5
20567,857,90,Computer Science,Half Yearly,100,78.6
20568,857,90,Computer Science,Annual Exam,100,66.7
20569,858,85,Mathematics,Unit Test 1,25,10.4
20570,858,85,Mathematics,Unit Test 2,25,15.0
20571,858,85,Mathematics,Half Yearly,100,52.9
20572,858,85,Mathematics,Annual Exam,100,41.1
20573,858,86,Science,Unit Test 1,25,11.7
20574,858,86,Science,Unit Test 2,25,9.1
20575,858,86,Science,Half Yearly,100,38.7
20576,858,86,Science,Annual Exam,100,19.4
20577,858,87,English,Unit Test 1,25,13.3
20578,858,87,English,Unit Test 2,25,10.8
20579,858,87,English,Half Yearly,100,43.1
20580,858,87,English,Annual Exam,100,39.7
20581,858,88,Social Studies,Unit Test 1,25,12.3
20582,858,88,Social Studies,Unit Test 2,25,13.7
20583,858,88,Social Studies,Half Yearly,100,62.1
20584,858,88,Social Studies,Annual Exam,100,40.9
20585,858,89,Telugu,Unit Test 1,25,11.0
20586,858,89,Telugu,Unit Test 2,25,13.0
20587,858,89,Telugu,Half Yearly,100,47.1
20588,858,89,Telugu,Annual Exam,100,45.6
20589,858,90,Computer Science,Unit Test 1,25,12.3
20590,858,90,Computer Science,Unit Test 2,25,10.8
20591,858,90,Computer Science,Half Yearly,100,44.4
20592,858,90,Computer Science,Annual Exam,100,25.6
20593,859,85,Mathematics,Unit Test 1,25,7.3
20594,859,85,Mathematics,Unit Test 2,25,11.3
20595,859,85,Mathematics,Half Yearly,100,46.1
20596,859,85,Mathematics,Annual Exam,100,48.4
20597,859,86,Science,Unit Test 1,25,8.5
20598,859,86,Science,Unit Test 2,25,9.2
20599,859,86,Science,Half Yearly,100,36.2
20600,859,86,Science,Annual Exam,100,37.0
20601,859,87,English,Unit Test 1,25,7.4
20602,859,87,English,Unit Test 2,25,10.8
20603,859,87,English,Half Yearly,100,31.7
20604,859,87,English,Annual Exam,100,35.7
20605,859,88,Social Studies,Unit Test 1,25,6.8
20606,859,88,Social Studies,Unit Test 2,25,10.2
20607,859,88,Social Studies,Half Yearly,100,37.8
20608,859,88,Social Studies,Annual Exam,100,37.4
20609,859,89,Telugu,Unit Test 1,25,6.4
20610,859,89,Telugu,Unit Test 2,25,6.9
20611,859,89,Telugu,Half Yearly,100,36.9
20612,859,89,Telugu,Annual Exam,100,15.0
20613,859,90,Computer Science,Unit Test 1,25,6.8
20614,859,90,Computer Science,Unit Test 2,25,7.3
20615,859,90,Computer Science,Half Yearly,100,29.6
20616,859,90,Computer Science,Annual Exam,100,35.8
20617,860,85,Mathematics,Unit Test 1,25,17.6
20618,860,85,Mathematics,Unit Test 2,25,20.7
20619,860,85,Mathematics,Half Yearly,100,80.2
20620,860,85,Mathematics,Annual Exam,100,90.2
20621,860,86,Science,Unit Test 1,25,23.1
20622,860,86,Science,Unit Test 2,25,18.6
20623,860,86,Science,Half Yearly,100,75.8
20624,860,86,Science,Annual Exam,100,85.3
20625,860,87,English,Unit Test 1,25,19.0
20626,860,87,English,Unit Test 2,25,16.6
20627,860,87,English,Half Yearly,100,75.4
20628,860,87,English,Annual Exam,100,70.6
20629,860,88,Social Studies,Unit Test 1,25,12.6
20630,860,88,Social Studies,Unit Test 2,25,15.9
20631,860,88,Social Studies,Half Yearly,100,59.0
20632,860,88,Social Studies,Annual Exam,100,80.6
20633,860,89,Telugu,Unit Test 1,25,15.3
20634,860,89,Telugu,Unit Test 2,25,18.0
20635,860,89,Telugu,Half Yearly,100,70.4
20636,860,89,Telugu,Annual Exam,100,74.7
20637,860,90,Computer Science,Unit Test 1,25,20.5
20638,860,90,Computer Science,Unit Test 2,25,22.3
20639,860,90,Computer Science,Half Yearly,100,76.7
20640,860,90,Computer Science,Annual Exam,100,86.5
20641,861,85,Mathematics,Unit Test 1,25,25.0
20642,861,85,Mathematics,Unit Test 2,25,25.0
20643,861,85,Mathematics,Half Yearly,100,92.7
20644,861,85,Mathematics,Annual Exam,100,99.7
20645,861,86,Science,Unit Test 1,25,25.0
20646,861,86,Science,Unit Test 2,25,25.0
20647,861,86,Science,Half Yearly,100,100.0
20648,861,86,Science,Annual Exam,100,100.0
20649,861,87,English,Unit Test 1,25,25.0
20650,861,87,English,Unit Test 2,25,23.7
20651,861,87,English,Half Yearly,100,100.0
20652,861,87,English,Annual Exam,100,94.8
20653,861,88,Social Studies,Unit Test 1,25,25.0
20654,861,88,Social Studies,Unit Test 2,25,25.0
20655,861,88,Social Studies,Half Yearly,100,100.0
20656,861,88,Social Studies,Annual Exam,100,86.4
20657,861,89,Telugu,Unit Test 1,25,22.4
20658,861,89,Telugu,Unit Test 2,25,23.7
20659,861,89,Telugu,Half Yearly,100,89.8
20660,861,89,Telugu,Annual Exam,100,95.6
20661,861,90,Computer Science,Unit Test 1,25,25.0
20662,861,90,Computer Science,Unit Test 2,25,25.0
20663,861,90,Computer Science,Half Yearly,100,100.0
20664,861,90,Computer Science,Annual Exam,100,100.0
20665,862,85,Mathematics,Unit Test 1,25,24.0
20666,862,85,Mathematics,Unit Test 2,25,22.0
20667,862,85,Mathematics,Half Yearly,100,83.9
20668,862,85,Mathematics,Annual Exam,100,81.1
20669,862,86,Science,Unit Test 1,25,20.5
20670,862,86,Science,Unit Test 2,25,19.4
20671,862,86,Science,Half Yearly,100,80.3
20672,862,86,Science,Annual Exam,100,79.8
20673,862,87,English,Unit Test 1,25,23.8
20674,862,87,English,Unit Test 2,25,22.0
20675,862,87,English,Half Yearly,100,76.2
20676,862,87,English,Annual Exam,100,85.9
20677,862,88,Social Studies,Unit Test 1,25,22.1
20678,862,88,Social Studies,Unit Test 2,25,19.1
20679,862,88,Social Studies,Half Yearly,100,82.3
20680,862,88,Social Studies,Annual Exam,100,95.9
20681,862,89,Telugu,Unit Test 1,25,19.3
20682,862,89,Telugu,Unit Test 2,25,22.1
20683,862,89,Telugu,Half Yearly,100,79.0
20684,862,89,Telugu,Annual Exam,100,68.6
20685,862,90,Computer Science,Unit Test 1,25,21.5
20686,862,90,Computer Science,Unit Test 2,25,18.0
20687,862,90,Computer Science,Half Yearly,100,99.5
20688,862,90,Computer Science,Annual Exam,100,75.9
20689,863,85,Mathematics,Unit Test 1,25,18.8
20690,863,85,Mathematics,Unit Test 2,25,18.0
20691,863,85,Mathematics,Half Yearly,100,85.4
20692,863,85,Mathematics,Annual Exam,100,82.1
20693,863,86,Science,Unit Test 1,25,18.7
20694,863,86,Science,Unit Test 2,25,19.0
20695,863,86,Science,Half Yearly,100,73.2
20696,863,86,Science,Annual Exam,100,84.6
20697,863,87,English,Unit Test 1,25,17.5
20698,863,87,English,Unit Test 2,25,16.6
20699,863,87,English,Half Yearly,100,58.6
20700,863,87,English,Annual Exam,100,58.4
20701,863,88,Social Studies,Unit Test 1,25,20.4
20702,863,88,Social Studies,Unit Test 2,25,17.5
20703,863,88,Social Studies,Half Yearly,100,79.7
20704,863,88,Social Studies,Annual Exam,100,76.1
20705,863,89,Telugu,Unit Test 1,25,19.4
20706,863,89,Telugu,Unit Test 2,25,20.4
20707,863,89,Telugu,Half Yearly,100,75.6
20708,863,89,Telugu,Annual Exam,100,77.7
20709,863,90,Computer Science,Unit Test 1,25,19.5
20710,863,90,Computer Science,Unit Test 2,25,22.5
20711,863,90,Computer Science,Half Yearly,100,86.6
20712,863,90,Computer Science,Annual Exam,100,97.3
20713,864,85,Mathematics,Unit Test 1,25,7.3
20714,864,85,Mathematics,Unit Test 2,25,5.9
20715,864,85,Mathematics,Half Yearly,100,37.3
20716,864,85,Mathematics,Annual Exam,100,44.7
20717,864,86,Science,Unit Test 1,25,6.0
20718,864,86,Science,Unit Test 2,25,4.2
20719,864,86,Science,Half Yearly,100,18.9
20720,864,86,Science,Annual Exam,100,27.9
20721,864,87,English,Unit Test 1,25,10.1
20722,864,87,English,Unit Test 2,25,10.6
20723,864,87,English,Half Yearly,100,40.9
20724,864,87,English,Annual Exam,100,39.8
20725,864,88,Social Studies,Unit Test 1,25,10.0
20726,864,88,Social Studies,Unit Test 2,25,10.0
20727,864,88,Social Studies,Half Yearly,100,33.7
20728,864,88,Social Studies,Annual Exam,100,21.0
20729,864,89,Telugu,Unit Test 1,25,5.1
20730,864,89,Telugu,Unit Test 2,25,5.1
20731,864,89,Telugu,Half Yearly,100,25.8
20732,864,89,Telugu,Annual Exam,100,17.2
20733,864,90,Computer Science,Unit Test 1,25,6.6
20734,864,90,Computer Science,Unit Test 2,25,9.3
20735,864,90,Computer Science,Half Yearly,100,38.7
20736,864,90,Computer Science,Annual Exam,100,27.0
20737,865,85,Mathematics,Unit Test 1,25,15.3
20738,865,85,Mathematics,Unit Test 2,25,16.3
20739,865,85,Mathematics,Half Yearly,100,54.9
20740,865,85,Mathematics,Annual Exam,100,56.0
20741,865,86,Science,Unit Test 1,25,18.2
20742,865,86,Science,Unit Test 2,25,11.9
20743,865,86,Science,Half Yearly,100,64.1
20744,865,86,Science,Annual Exam,100,66.8
20745,865,87,English,Unit Test 1,25,14.0
20746,865,87,English,Unit Test 2,25,16.3
20747,865,87,English,Half Yearly,100,65.2
20748,865,87,English,Annual Exam,100,55.9
20749,865,88,Social Studies,Unit Test 1,25,17.9
20750,865,88,Social Studies,Unit Test 2,25,15.8
20751,865,88,Social Studies,Half Yearly,100,72.6
20752,865,88,Social Studies,Annual Exam,100,57.3
20753,865,89,Telugu,Unit Test 1,25,16.1
20754,865,89,Telugu,Unit Test 2,25,17.1
20755,865,89,Telugu,Half Yearly,100,74.4
20756,865,89,Telugu,Annual Exam,100,70.6
20757,865,90,Computer Science,Unit Test 1,25,14.9
20758,865,90,Computer Science,Unit Test 2,25,11.1
20759,865,90,Computer Science,Half Yearly,100,64.3
20760,865,90,Computer Science,Annual Exam,100,73.0
20761,866,85,Mathematics,Unit Test 1,25,25.0
20762,866,85,Mathematics,Unit Test 2,25,19.4
20763,866,85,Mathematics,Half Yearly,100,84.7
20764,866,85,Mathematics,Annual Exam,100,83.7
20765,866,86,Science,Unit Test 1,25,20.8
20766,866,86,Science,Unit Test 2,25,22.8
20767,866,86,Science,Half Yearly,100,86.7
20768,866,86,Science,Annual Exam,100,98.4
20769,866,87,English,Unit Test 1,25,17.7
20770,866,87,English,Unit Test 2,25,16.8
20771,866,87,English,Half Yearly,100,82.8
20772,866,87,English,Annual Exam,100,85.4
20773,866,88,Social Studies,Unit Test 1,25,23.9
20774,866,88,Social Studies,Unit Test 2,25,22.7
20775,866,88,Social Studies,Half Yearly,100,78.8
20776,866,88,Social Studies,Annual Exam,100,76.7
20777,866,89,Telugu,Unit Test 1,25,22.6
20778,866,89,Telugu,Unit Test 2,25,25.0
20779,866,89,Telugu,Half Yearly,100,97.8
20780,866,89,Telugu,Annual Exam,100,95.1
20781,866,90,Computer Science,Unit Test 1,25,22.5
20782,866,90,Computer Science,Unit Test 2,25,20.7
20783,866,90,Computer Science,Half Yearly,100,100.0
20784,866,90,Computer Science,Annual Exam,100,100.0
20785,867,85,Mathematics,Unit Test 1,25,14.6
20786,867,85,Mathematics,Unit Test 2,25,18.9
20787,867,85,Mathematics,Half Yearly,100,65.9
20788,867,85,Mathematics,Annual Exam,100,66.4
20789,867,86,Science,Unit Test 1,25,19.4
20790,867,86,Science,Unit Test 2,25,18.4
20791,867,86,Science,Half Yearly,100,74.6
20792,867,86,Science,Annual Exam,100,77.5
20793,867,87,English,Unit Test 1,25,19.4
20794,867,87,English,Unit Test 2,25,21.6
20795,867,87,English,Half Yearly,100,72.1
20796,867,87,English,Annual Exam,100,84.4
20797,867,88,Social Studies,Unit Test 1,25,19.0
20798,867,88,Social Studies,Unit Test 2,25,21.3
20799,867,88,Social Studies,Half Yearly,100,67.0
20800,867,88,Social Studies,Annual Exam,100,57.8
20801,867,89,Telugu,Unit Test 1,25,20.1
20802,867,89,Telugu,Unit Test 2,25,15.1
20803,867,89,Telugu,Half Yearly,100,71.7
20804,867,89,Telugu,Annual Exam,100,92.9
20805,867,90,Computer Science,Unit Test 1,25,14.6
20806,867,90,Computer Science,Unit Test 2,25,18.2
20807,867,90,Computer Science,Half Yearly,100,76.1
20808,867,90,Computer Science,Annual Exam,100,73.9
20809,868,85,Mathematics,Unit Test 1,25,24.4
20810,868,85,Mathematics,Unit Test 2,25,24.1
20811,868,85,Mathematics,Half Yearly,100,88.6
20812,868,85,Mathematics,Annual Exam,100,91.8
20813,868,86,Science,Unit Test 1,25,24.8
20814,868,86,Science,Unit Test 2,25,25.0
20815,868,86,Science,Half Yearly,100,100.0
20816,868,86,Science,Annual Exam,100,89.8
20817,868,87,English,Unit Test 1,25,23.2
20818,868,87,English,Unit Test 2,25,22.1
20819,868,87,English,Half Yearly,100,86.0
20820,868,87,English,Annual Exam,100,83.2
20821,868,88,Social Studies,Unit Test 1,25,17.5
20822,868,88,Social Studies,Unit Test 2,25,24.3
20823,868,88,Social Studies,Half Yearly,100,96.8
20824,868,88,Social Studies,Annual Exam,100,83.3
20825,868,89,Telugu,Unit Test 1,25,21.8
20826,868,89,Telugu,Unit Test 2,25,21.8
20827,868,89,Telugu,Half Yearly,100,85.6
20828,868,89,Telugu,Annual Exam,100,75.8
20829,868,90,Computer Science,Unit Test 1,25,19.5
20830,868,90,Computer Science,Unit Test 2,25,24.5
20831,868,90,Computer Science,Half Yearly,100,71.6
20832,868,90,Computer Science,Annual Exam,100,94.9
20833,869,85,Mathematics,Unit Test 1,25,9.6
20834,869,85,Mathematics,Unit Test 2,25,12.4
20835,869,85,Mathematics,Half Yearly,100,33.2
20836,869,85,Mathematics,Annual Exam,100,34.5
20837,869,86,Science,Unit Test 1,25,10.2
20838,869,86,Science,Unit Test 2,25,8.9
20839,869,86,Science,Half Yearly,100,40.4
20840,869,86,Science,Annual Exam,100,55.9
20841,869,87,English,Unit Test 1,25,10.7
20842,869,87,English,Unit Test 2,25,9.2
20843,869,87,English,Half Yearly,100,42.9
20844,869,87,English,Annual Exam,100,46.1
20845,869,88,Social Studies,Unit Test 1,25,12.7
20846,869,88,Social Studies,Unit Test 2,25,15.9
20847,869,88,Social Studies,Half Yearly,100,47.5
20848,869,88,Social Studies,Annual Exam,100,50.7
20849,869,89,Telugu,Unit Test 1,25,14.4
20850,869,89,Telugu,Unit Test 2,25,11.6
20851,869,89,Telugu,Half Yearly,100,43.0
20852,869,89,Telugu,Annual Exam,100,48.8
20853,869,90,Computer Science,Unit Test 1,25,10.4
20854,869,90,Computer Science,Unit Test 2,25,10.2
20855,869,90,Computer Science,Half Yearly,100,37.9
20856,869,90,Computer Science,Annual Exam,100,50.6
20857,870,85,Mathematics,Unit Test 1,25,9.7
20858,870,85,Mathematics,Unit Test 2,25,12.6
20859,870,85,Mathematics,Half Yearly,100,38.3
20860,870,85,Mathematics,Annual Exam,100,41.7
20861,870,86,Science,Unit Test 1,25,9.2
20862,870,86,Science,Unit Test 2,25,9.6
20863,870,86,Science,Half Yearly,100,30.1
20864,870,86,Science,Annual Exam,100,42.4
20865,870,87,English,Unit Test 1,25,10.8
20866,870,87,English,Unit Test 2,25,9.4
20867,870,87,English,Half Yearly,100,37.0
20868,870,87,English,Annual Exam,100,44.9
20869,870,88,Social Studies,Unit Test 1,25,14.3
20870,870,88,Social Studies,Unit Test 2,25,12.6
20871,870,88,Social Studies,Half Yearly,100,41.5
20872,870,88,Social Studies,Annual Exam,100,54.6
20873,870,89,Telugu,Unit Test 1,25,9.5
20874,870,89,Telugu,Unit Test 2,25,13.1
20875,870,89,Telugu,Half Yearly,100,44.9
20876,870,89,Telugu,Annual Exam,100,45.2
20877,870,90,Computer Science,Unit Test 1,25,4.6
20878,870,90,Computer Science,Unit Test 2,25,7.2
20879,870,90,Computer Science,Half Yearly,100,24.3
20880,870,90,Computer Science,Annual Exam,100,20.8
20881,871,85,Mathematics,Unit Test 1,25,12.7
20882,871,85,Mathematics,Unit Test 2,25,15.3
20883,871,85,Mathematics,Half Yearly,100,64.0
20884,871,85,Mathematics,Annual Exam,100,63.0
20885,871,86,Science,Unit Test 1,25,15.9
20886,871,86,Science,Unit Test 2,25,19.8
20887,871,86,Science,Half Yearly,100,79.4
20888,871,86,Science,Annual Exam,100,57.2
20889,871,87,English,Unit Test 1,25,17.3
20890,871,87,English,Unit Test 2,25,17.2
20891,871,87,English,Half Yearly,100,83.8
20892,871,87,English,Annual Exam,100,73.6
20893,871,88,Social Studies,Unit Test 1,25,12.7
20894,871,88,Social Studies,Unit Test 2,25,14.7
20895,871,88,Social Studies,Half Yearly,100,58.7
20896,871,88,Social Studies,Annual Exam,100,56.3
20897,871,89,Telugu,Unit Test 1,25,17.1
20898,871,89,Telugu,Unit Test 2,25,13.7
20899,871,89,Telugu,Half Yearly,100,65.9
20900,871,89,Telugu,Annual Exam,100,65.3
20901,871,90,Computer Science,Unit Test 1,25,18.7
20902,871,90,Computer Science,Unit Test 2,25,15.8
20903,871,90,Computer Science,Half Yearly,100,72.5
20904,871,90,Computer Science,Annual Exam,100,65.6
20905,872,85,Mathematics,Unit Test 1,25,14.9
20906,872,85,Mathematics,Unit Test 2,25,17.1
20907,872,85,Mathematics,Half Yearly,100,67.2
20908,872,85,Mathematics,Annual Exam,100,62.9
20909,872,86,Science,Unit Test 1,25,14.8
20910,872,86,Science,Unit Test 2,25,18.2
20911,872,86,Science,Half Yearly,100,56.4
20912,872,86,Science,Annual Exam,100,70.8
20913,872,87,English,Unit Test 1,25,16.4
20914,872,87,English,Unit Test 2,25,12.3
20915,872,87,English,Half Yearly,100,64.1
20916,872,87,English,Annual Exam,100,56.4
20917,872,88,Social Studies,Unit Test 1,25,19.1
20918,872,88,Social Studies,Unit Test 2,25,17.9
20919,872,88,Social Studies,Half Yearly,100,68.7
20920,872,88,Social Studies,Annual Exam,100,72.2
20921,872,89,Telugu,Unit Test 1,25,19.4
20922,872,89,Telugu,Unit Test 2,25,22.7
20923,872,89,Telugu,Half Yearly,100,85.3
20924,872,89,Telugu,Annual Exam,100,64.8
20925,872,90,Computer Science,Unit Test 1,25,16.3
20926,872,90,Computer Science,Unit Test 2,25,20.3
20927,872,90,Computer Science,Half Yearly,100,66.9
20928,872,90,Computer Science,Annual Exam,100,59.8
20929,873,85,Mathematics,Unit Test 1,25,18.2
20930,873,85,Mathematics,Unit Test 2,25,20.2
20931,873,85,Mathematics,Half Yearly,100,70.7
20932,873,85,Mathematics,Annual Exam,100,69.9
20933,873,86,Science,Unit Test 1,25,17.0
20934,873,86,Science,Unit Test 2,25,17.7
20935,873,86,Science,Half Yearly,100,80.1
20936,873,86,Science,Annual Exam,100,92.7
20937,873,87,English,Unit Test 1,25,18.1
20938,873,87,English,Unit Test 2,25,18.4
20939,873,87,English,Half Yearly,100,64.3
20940,873,87,English,Annual Exam,100,75.4
20941,873,88,Social Studies,Unit Test 1,25,19.5
20942,873,88,Social Studies,Unit Test 2,25,18.7
20943,873,88,Social Studies,Half Yearly,100,69.8
20944,873,88,Social Studies,Annual Exam,100,72.5
20945,873,89,Telugu,Unit Test 1,25,19.7
20946,873,89,Telugu,Unit Test 2,25,18.4
20947,873,89,Telugu,Half Yearly,100,80.6
20948,873,89,Telugu,Annual Exam,100,83.1
20949,873,90,Computer Science,Unit Test 1,25,17.1
20950,873,90,Computer Science,Unit Test 2,25,21.1
20951,873,90,Computer Science,Half Yearly,100,75.9
20952,873,90,Computer Science,Annual Exam,100,80.9
20953,874,85,Mathematics,Unit Test 1,25,16.4
20954,874,85,Mathematics,Unit Test 2,25,15.9
20955,874,85,Mathematics,Half Yearly,100,68.7
20956,874,85,Mathematics,Annual Exam,100,57.3
20957,874,86,Science,Unit Test 1,25,16.9
20958,874,86,Science,Unit Test 2,25,13.6
20959,874,86,Science,Half Yearly,100,82.1
20960,874,86,Science,Annual Exam,100,79.2
20961,874,87,English,Unit Test 1,25,12.6
20962,874,87,English,Unit Test 2,25,17.3
20963,874,87,English,Half Yearly,100,62.9
20964,874,87,English,Annual Exam,100,67.8
20965,874,88,Social Studies,Unit Test 1,25,15.6
20966,874,88,Social Studies,Unit Test 2,25,14.4
20967,874,88,Social Studies,Half Yearly,100,67.8
20968,874,88,Social Studies,Annual Exam,100,72.8
20969,874,89,Telugu,Unit Test 1,25,16.0
20970,874,89,Telugu,Unit Test 2,25,12.8
20971,874,89,Telugu,Half Yearly,100,62.3
20972,874,89,Telugu,Annual Exam,100,57.6
20973,874,90,Computer Science,Unit Test 1,25,11.9
20974,874,90,Computer Science,Unit Test 2,25,14.9
20975,874,90,Computer Science,Half Yearly,100,46.9
20976,874,90,Computer Science,Annual Exam,100,54.2
20977,875,85,Mathematics,Unit Test 1,25,21.6
20978,875,85,Mathematics,Unit Test 2,25,23.9
20979,875,85,Mathematics,Half Yearly,100,85.2
20980,875,85,Mathematics,Annual Exam,100,94.4
20981,875,86,Science,Unit Test 1,25,25.0
20982,875,86,Science,Unit Test 2,25,25.0
20983,875,86,Science,Half Yearly,100,86.0
20984,875,86,Science,Annual Exam,100,85.8
20985,875,87,English,Unit Test 1,25,19.5
20986,875,87,English,Unit Test 2,25,22.1
20987,875,87,English,Half Yearly,100,86.1
20988,875,87,English,Annual Exam,100,79.7
20989,875,88,Social Studies,Unit Test 1,25,20.4
20990,875,88,Social Studies,Unit Test 2,25,22.6
20991,875,88,Social Studies,Half Yearly,100,84.3
20992,875,88,Social Studies,Annual Exam,100,80.9
20993,875,89,Telugu,Unit Test 1,25,20.1
20994,875,89,Telugu,Unit Test 2,25,25.0
20995,875,89,Telugu,Half Yearly,100,78.0
20996,875,89,Telugu,Annual Exam,100,87.7
20997,875,90,Computer Science,Unit Test 1,25,23.6
20998,875,90,Computer Science,Unit Test 2,25,22.6
20999,875,90,Computer Science,Half Yearly,100,100.0
21000,875,90,Computer Science,Annual Exam,100,94.4
21001,876,85,Mathematics,Unit Test 1,25,14.9
21002,876,85,Mathematics,Unit Test 2,25,14.8
21003,876,85,Mathematics,Half Yearly,100,46.2
21004,876,85,Mathematics,Annual Exam,100,63.6
21005,876,86,Science,Unit Test 1,25,15.6
21006,876,86,Science,Unit Test 2,25,11.5
21007,876,86,Science,Half Yearly,100,54.9
21008,876,86,Science,Annual Exam,100,71.2
21009,876,87,English,Unit Test 1,25,14.1
21010,876,87,English,Unit Test 2,25,16.9
21011,876,87,English,Half Yearly,100,55.7
21012,876,87,English,Annual Exam,100,57.9
21013,876,88,Social Studies,Unit Test 1,25,11.0
21014,876,88,Social Studies,Unit Test 2,25,12.8
21015,876,88,Social Studies,Half Yearly,100,56.6
21016,876,88,Social Studies,Annual Exam,100,63.4
21017,876,89,Telugu,Unit Test 1,25,14.0
21018,876,89,Telugu,Unit Test 2,25,17.4
21019,876,89,Telugu,Half Yearly,100,57.1
21020,876,89,Telugu,Annual Exam,100,59.5
21021,876,90,Computer Science,Unit Test 1,25,12.2
21022,876,90,Computer Science,Unit Test 2,25,12.1
21023,876,90,Computer Science,Half Yearly,100,58.0
21024,876,90,Computer Science,Annual Exam,100,55.7
21025,877,85,Mathematics,Unit Test 1,25,16.6
21026,877,85,Mathematics,Unit Test 2,25,15.3
21027,877,85,Mathematics,Half Yearly,100,62.0
21028,877,85,Mathematics,Annual Exam,100,65.4
21029,877,86,Science,Unit Test 1,25,15.1
21030,877,86,Science,Unit Test 2,25,17.7
21031,877,86,Science,Half Yearly,100,71.8
21032,877,86,Science,Annual Exam,100,62.7
21033,877,87,English,Unit Test 1,25,19.1
21034,877,87,English,Unit Test 2,25,18.1
21035,877,87,English,Half Yearly,100,65.7
21036,877,87,English,Annual Exam,100,76.0
21037,877,88,Social Studies,Unit Test 1,25,15.9
21038,877,88,Social Studies,Unit Test 2,25,17.0
21039,877,88,Social Studies,Half Yearly,100,81.2
21040,877,88,Social Studies,Annual Exam,100,76.8
21041,877,89,Telugu,Unit Test 1,25,16.2
21042,877,89,Telugu,Unit Test 2,25,18.6
21043,877,89,Telugu,Half Yearly,100,78.0
21044,877,89,Telugu,Annual Exam,100,64.9
21045,877,90,Computer Science,Unit Test 1,25,15.9
21046,877,90,Computer Science,Unit Test 2,25,16.7
21047,877,90,Computer Science,Half Yearly,100,64.3
21048,877,90,Computer Science,Annual Exam,100,65.6
21049,878,85,Mathematics,Unit Test 1,25,15.8
21050,878,85,Mathematics,Unit Test 2,25,20.0
21051,878,85,Mathematics,Half Yearly,100,74.4
21052,878,85,Mathematics,Annual Exam,100,84.6
21053,878,86,Science,Unit Test 1,25,19.3
21054,878,86,Science,Unit Test 2,25,23.2
21055,878,86,Science,Half Yearly,100,71.0
21056,878,86,Science,Annual Exam,100,75.9
21057,878,87,English,Unit Test 1,25,14.0
21058,878,87,English,Unit Test 2,25,17.9
21059,878,87,English,Half Yearly,100,58.8
21060,878,87,English,Annual Exam,100,70.5
21061,878,88,Social Studies,Unit Test 1,25,13.5
21062,878,88,Social Studies,Unit Test 2,25,18.1
21063,878,88,Social Studies,Half Yearly,100,58.0
21064,878,88,Social Studies,Annual Exam,100,68.8
21065,878,89,Telugu,Unit Test 1,25,16.0
21066,878,89,Telugu,Unit Test 2,25,18.6
21067,878,89,Telugu,Half Yearly,100,83.5
21068,878,89,Telugu,Annual Exam,100,66.9
21069,878,90,Computer Science,Unit Test 1,25,18.9
21070,878,90,Computer Science,Unit Test 2,25,16.2
21071,878,90,Computer Science,Half Yearly,100,63.2
21072,878,90,Computer Science,Annual Exam,100,67.7
21073,879,85,Mathematics,Unit Test 1,25,14.9
21074,879,85,Mathematics,Unit Test 2,25,16.4
21075,879,85,Mathematics,Half Yearly,100,80.9
21076,879,85,Mathematics,Annual Exam,100,67.9
21077,879,86,Science,Unit Test 1,25,14.7
21078,879,86,Science,Unit Test 2,25,18.2
21079,879,86,Science,Half Yearly,100,80.2
21080,879,86,Science,Annual Exam,100,75.4
21081,879,87,English,Unit Test 1,25,22.0
21082,879,87,English,Unit Test 2,25,20.8
21083,879,87,English,Half Yearly,100,70.1
21084,879,87,English,Annual Exam,100,61.7
21085,879,88,Social Studies,Unit Test 1,25,22.3
21086,879,88,Social Studies,Unit Test 2,25,16.2
21087,879,88,Social Studies,Half Yearly,100,90.4
21088,879,88,Social Studies,Annual Exam,100,77.4
21089,879,89,Telugu,Unit Test 1,25,17.3
21090,879,89,Telugu,Unit Test 2,25,18.2
21091,879,89,Telugu,Half Yearly,100,74.7
21092,879,89,Telugu,Annual Exam,100,64.4
21093,879,90,Computer Science,Unit Test 1,25,15.1
21094,879,90,Computer Science,Unit Test 2,25,14.3
21095,879,90,Computer Science,Half Yearly,100,67.9
21096,879,90,Computer Science,Annual Exam,100,62.7
21097,880,85,Mathematics,Unit Test 1,25,13.8
21098,880,85,Mathematics,Unit Test 2,25,16.1
21099,880,85,Mathematics,Half Yearly,100,68.3
21100,880,85,Mathematics,Annual Exam,100,48.9
21101,880,86,Science,Unit Test 1,25,14.1
21102,880,86,Science,Unit Test 2,25,15.5
21103,880,86,Science,Half Yearly,100,69.4
21104,880,86,Science,Annual Exam,100,51.1
21105,880,87,English,Unit Test 1,25,16.4
21106,880,87,English,Unit Test 2,25,17.4
21107,880,87,English,Half Yearly,100,69.0
21108,880,87,English,Annual Exam,100,85.0
21109,880,88,Social Studies,Unit Test 1,25,13.3
21110,880,88,Social Studies,Unit Test 2,25,17.5
21111,880,88,Social Studies,Half Yearly,100,73.5
21112,880,88,Social Studies,Annual Exam,100,47.2
21113,880,89,Telugu,Unit Test 1,25,15.8
21114,880,89,Telugu,Unit Test 2,25,14.0
21115,880,89,Telugu,Half Yearly,100,51.7
21116,880,89,Telugu,Annual Exam,100,69.1
21117,880,90,Computer Science,Unit Test 1,25,15.8
21118,880,90,Computer Science,Unit Test 2,25,19.5
21119,880,90,Computer Science,Half Yearly,100,53.8
21120,880,90,Computer Science,Annual Exam,100,77.3
21121,881,85,Mathematics,Unit Test 1,25,17.6
21122,881,85,Mathematics,Unit Test 2,25,16.1
21123,881,85,Mathematics,Half Yearly,100,85.0
21124,881,85,Mathematics,Annual Exam,100,68.7
21125,881,86,Science,Unit Test 1,25,15.5
21126,881,86,Science,Unit Test 2,25,14.7
21127,881,86,Science,Half Yearly,100,60.0
21128,881,86,Science,Annual Exam,100,55.4
21129,881,87,English,Unit Test 1,25,14.7
21130,881,87,English,Unit Test 2,25,12.4
21131,881,87,English,Half Yearly,100,52.7
21132,881,87,English,Annual Exam,100,59.2
21133,881,88,Social Studies,Unit Test 1,25,14.2
21134,881,88,Social Studies,Unit Test 2,25,17.9
21135,881,88,Social Studies,Half Yearly,100,62.7
21136,881,88,Social Studies,Annual Exam,100,85.5
21137,881,89,Telugu,Unit Test 1,25,14.8
21138,881,89,Telugu,Unit Test 2,25,19.1
21139,881,89,Telugu,Half Yearly,100,68.0
21140,881,89,Telugu,Annual Exam,100,61.7
21141,881,90,Computer Science,Unit Test 1,25,12.8
21142,881,90,Computer Science,Unit Test 2,25,14.2
21143,881,90,Computer Science,Half Yearly,100,66.2
21144,881,90,Computer Science,Annual Exam,100,65.3
21145,882,85,Mathematics,Unit Test 1,25,14.8
21146,882,85,Mathematics,Unit Test 2,25,14.6
21147,882,85,Mathematics,Half Yearly,100,65.5
21148,882,85,Mathematics,Annual Exam,100,56.1
21149,882,86,Science,Unit Test 1,25,19.0
21150,882,86,Science,Unit Test 2,25,17.3
21151,882,86,Science,Half Yearly,100,81.0
21152,882,86,Science,Annual Exam,100,69.3
21153,882,87,English,Unit Test 1,25,12.4
21154,882,87,English,Unit Test 2,25,16.5
21155,882,87,English,Half Yearly,100,63.3
21156,882,87,English,Annual Exam,100,51.4
21157,882,88,Social Studies,Unit Test 1,25,18.1
21158,882,88,Social Studies,Unit Test 2,25,21.9
21159,882,88,Social Studies,Half Yearly,100,76.3
21160,882,88,Social Studies,Annual Exam,100,83.7
21161,882,89,Telugu,Unit Test 1,25,15.4
21162,882,89,Telugu,Unit Test 2,25,17.9
21163,882,89,Telugu,Half Yearly,100,63.1
21164,882,89,Telugu,Annual Exam,100,62.3
21165,882,90,Computer Science,Unit Test 1,25,17.9
21166,882,90,Computer Science,Unit Test 2,25,16.3
21167,882,90,Computer Science,Half Yearly,100,68.2
21168,882,90,Computer Science,Annual Exam,100,57.8
21169,883,85,Mathematics,Unit Test 1,25,18.2
21170,883,85,Mathematics,Unit Test 2,25,25.0
21171,883,85,Mathematics,Half Yearly,100,81.1
21172,883,85,Mathematics,Annual Exam,100,82.7
21173,883,86,Science,Unit Test 1,25,24.1
21174,883,86,Science,Unit Test 2,25,23.6
21175,883,86,Science,Half Yearly,100,89.1
21176,883,86,Science,Annual Exam,100,97.3
21177,883,87,English,Unit Test 1,25,21.7
21178,883,87,English,Unit Test 2,25,16.7
21179,883,87,English,Half Yearly,100,84.6
21180,883,87,English,Annual Exam,100,83.2
21181,883,88,Social Studies,Unit Test 1,25,22.7
21182,883,88,Social Studies,Unit Test 2,25,23.8
21183,883,88,Social Studies,Half Yearly,100,90.4
21184,883,88,Social Studies,Annual Exam,100,78.9
21185,883,89,Telugu,Unit Test 1,25,23.9
21186,883,89,Telugu,Unit Test 2,25,24.0
21187,883,89,Telugu,Half Yearly,100,91.7
21188,883,89,Telugu,Annual Exam,100,86.1
21189,883,90,Computer Science,Unit Test 1,25,24.3
21190,883,90,Computer Science,Unit Test 2,25,24.5
21191,883,90,Computer Science,Half Yearly,100,83.9
21192,883,90,Computer Science,Annual Exam,100,91.2
21193,884,85,Mathematics,Unit Test 1,25,9.1
21194,884,85,Mathematics,Unit Test 2,25,12.8
21195,884,85,Mathematics,Half Yearly,100,45.6
21196,884,85,Mathematics,Annual Exam,100,54.5
21197,884,86,Science,Unit Test 1,25,9.5
21198,884,86,Science,Unit Test 2,25,15.5
21199,884,86,Science,Half Yearly,100,60.0
21200,884,86,Science,Annual Exam,100,52.7
21201,884,87,English,Unit Test 1,25,16.9
21202,884,87,English,Unit Test 2,25,12.9
21203,884,87,English,Half Yearly,100,40.3
21204,884,87,English,Annual Exam,100,60.1
21205,884,88,Social Studies,Unit Test 1,25,13.0
21206,884,88,Social Studies,Unit Test 2,25,10.8
21207,884,88,Social Studies,Half Yearly,100,54.4
21208,884,88,Social Studies,Annual Exam,100,44.2
21209,884,89,Telugu,Unit Test 1,25,13.1
21210,884,89,Telugu,Unit Test 2,25,14.9
21211,884,89,Telugu,Half Yearly,100,62.2
21212,884,89,Telugu,Annual Exam,100,53.3
21213,884,90,Computer Science,Unit Test 1,25,8.3
21214,884,90,Computer Science,Unit Test 2,25,14.1
21215,884,90,Computer Science,Half Yearly,100,47.3
21216,884,90,Computer Science,Annual Exam,100,43.1
21217,885,85,Mathematics,Unit Test 1,25,16.6
21218,885,85,Mathematics,Unit Test 2,25,11.5
21219,885,85,Mathematics,Half Yearly,100,55.4
21220,885,85,Mathematics,Annual Exam,100,68.5
21221,885,86,Science,Unit Test 1,25,17.1
21222,885,86,Science,Unit Test 2,25,16.1
21223,885,86,Science,Half Yearly,100,65.6
21224,885,86,Science,Annual Exam,100,54.5
21225,885,87,English,Unit Test 1,25,11.3
21226,885,87,English,Unit Test 2,25,14.7
21227,885,87,English,Half Yearly,100,55.5
21228,885,87,English,Annual Exam,100,49.3
21229,885,88,Social Studies,Unit Test 1,25,15.4
21230,885,88,Social Studies,Unit Test 2,25,13.9
21231,885,88,Social Studies,Half Yearly,100,63.7
21232,885,88,Social Studies,Annual Exam,100,57.2
21233,885,89,Telugu,Unit Test 1,25,13.4
21234,885,89,Telugu,Unit Test 2,25,12.9
21235,885,89,Telugu,Half Yearly,100,54.9
21236,885,89,Telugu,Annual Exam,100,63.1
21237,885,90,Computer Science,Unit Test 1,25,12.0
21238,885,90,Computer Science,Unit Test 2,25,14.5
21239,885,90,Computer Science,Half Yearly,100,71.4
21240,885,90,Computer Science,Annual Exam,100,58.7
21241,886,85,Mathematics,Unit Test 1,25,22.6
21242,886,85,Mathematics,Unit Test 2,25,20.0
21243,886,85,Mathematics,Half Yearly,100,88.4
21244,886,85,Mathematics,Annual Exam,100,100.0
21245,886,86,Science,Unit Test 1,25,20.5
21246,886,86,Science,Unit Test 2,25,20.9
21247,886,86,Science,Half Yearly,100,85.1
21248,886,86,Science,Annual Exam,100,84.6
21249,886,87,English,Unit Test 1,25,21.5
21250,886,87,English,Unit Test 2,25,23.5
21251,886,87,English,Half Yearly,100,94.9
21252,886,87,English,Annual Exam,100,69.0
21253,886,88,Social Studies,Unit Test 1,25,20.0
21254,886,88,Social Studies,Unit Test 2,25,17.8
21255,886,88,Social Studies,Half Yearly,100,67.0
21256,886,88,Social Studies,Annual Exam,100,79.8
21257,886,89,Telugu,Unit Test 1,25,17.7
21258,886,89,Telugu,Unit Test 2,25,19.1
21259,886,89,Telugu,Half Yearly,100,100.0
21260,886,89,Telugu,Annual Exam,100,74.0
21261,886,90,Computer Science,Unit Test 1,25,22.1
21262,886,90,Computer Science,Unit Test 2,25,20.5
21263,886,90,Computer Science,Half Yearly,100,83.8
21264,886,90,Computer Science,Annual Exam,100,87.3
21265,887,85,Mathematics,Unit Test 1,25,17.1
21266,887,85,Mathematics,Unit Test 2,25,17.9
21267,887,85,Mathematics,Half Yearly,100,69.1
21268,887,85,Mathematics,Annual Exam,100,62.7
21269,887,86,Science,Unit Test 1,25,16.7
21270,887,86,Science,Unit Test 2,25,18.2
21271,887,86,Science,Half Yearly,100,64.2
21272,887,86,Science,Annual Exam,100,66.0
21273,887,87,English,Unit Test 1,25,16.8
21274,887,87,English,Unit Test 2,25,15.5
21275,887,87,English,Half Yearly,100,58.9
21276,887,87,English,Annual Exam,100,72.5
21277,887,88,Social Studies,Unit Test 1,25,15.3
21278,887,88,Social Studies,Unit Test 2,25,18.8
21279,887,88,Social Studies,Half Yearly,100,69.3
21280,887,88,Social Studies,Annual Exam,100,79.4
21281,887,89,Telugu,Unit Test 1,25,20.4
21282,887,89,Telugu,Unit Test 2,25,21.0
21283,887,89,Telugu,Half Yearly,100,81.2
21284,887,89,Telugu,Annual Exam,100,82.6
21285,887,90,Computer Science,Unit Test 1,25,13.1
21286,887,90,Computer Science,Unit Test 2,25,16.3
21287,887,90,Computer Science,Half Yearly,100,71.3
21288,887,90,Computer Science,Annual Exam,100,72.6
21289,888,85,Mathematics,Unit Test 1,25,11.9
21290,888,85,Mathematics,Unit Test 2,25,8.6
21291,888,85,Mathematics,Half Yearly,100,39.2
21292,888,85,Mathematics,Annual Exam,100,30.4
21293,888,86,Science,Unit Test 1,25,7.3
21294,888,86,Science,Unit Test 2,25,6.3
21295,888,86,Science,Half Yearly,100,49.8
21296,888,86,Science,Annual Exam,100,30.3
21297,888,87,English,Unit Test 1,25,5.1
21298,888,87,English,Unit Test 2,25,6.8
21299,888,87,English,Half Yearly,100,35.5
21300,888,87,English,Annual Exam,100,31.1
21301,888,88,Social Studies,Unit Test 1,25,11.3
21302,888,88,Social Studies,Unit Test 2,25,5.4
21303,888,88,Social Studies,Half Yearly,100,56.6
21304,888,88,Social Studies,Annual Exam,100,35.9
21305,888,89,Telugu,Unit Test 1,25,8.5
21306,888,89,Telugu,Unit Test 2,25,6.8
21307,888,89,Telugu,Half Yearly,100,27.2
21308,888,89,Telugu,Annual Exam,100,39.8
21309,888,90,Computer Science,Unit Test 1,25,9.5
21310,888,90,Computer Science,Unit Test 2,25,11.0
21311,888,90,Computer Science,Half Yearly,100,29.0
21312,888,90,Computer Science,Annual Exam,100,53.9
21313,889,85,Mathematics,Unit Test 1,25,14.6
21314,889,85,Mathematics,Unit Test 2,25,11.3
21315,889,85,Mathematics,Half Yearly,100,43.0
21316,889,85,Mathematics,Annual Exam,100,32.3
21317,889,86,Science,Unit Test 1,25,18.0
21318,889,86,Science,Unit Test 2,25,13.8
21319,889,86,Science,Half Yearly,100,53.9
21320,889,86,Science,Annual Exam,100,77.4
21321,889,87,English,Unit Test 1,25,16.7
21322,889,87,English,Unit Test 2,25,10.0
21323,889,87,English,Half Yearly,100,57.2
21324,889,87,English,Annual Exam,100,51.2
21325,889,88,Social Studies,Unit Test 1,25,14.7
21326,889,88,Social Studies,Unit Test 2,25,9.7
21327,889,88,Social Studies,Half Yearly,100,48.0
21328,889,88,Social Studies,Annual Exam,100,41.4
21329,889,89,Telugu,Unit Test 1,25,12.3
21330,889,89,Telugu,Unit Test 2,25,13.8
21331,889,89,Telugu,Half Yearly,100,41.7
21332,889,89,Telugu,Annual Exam,100,47.7
21333,889,90,Computer Science,Unit Test 1,25,15.7
21334,889,90,Computer Science,Unit Test 2,25,13.1
21335,889,90,Computer Science,Half Yearly,100,58.5
21336,889,90,Computer Science,Annual Exam,100,45.2
21337,890,85,Mathematics,Unit Test 1,25,21.8
21338,890,85,Mathematics,Unit Test 2,25,19.5
21339,890,85,Mathematics,Half Yearly,100,76.8
21340,890,85,Mathematics,Annual Exam,100,80.3
21341,890,86,Science,Unit Test 1,25,20.1
21342,890,86,Science,Unit Test 2,25,17.9
21343,890,86,Science,Half Yearly,100,81.3
21344,890,86,Science,Annual Exam,100,69.3
21345,890,87,English,Unit Test 1,25,21.5
21346,890,87,English,Unit Test 2,25,23.1
21347,890,87,English,Half Yearly,100,72.7
21348,890,87,English,Annual Exam,100,85.2
21349,890,88,Social Studies,Unit Test 1,25,19.7
21350,890,88,Social Studies,Unit Test 2,25,21.2
21351,890,88,Social Studies,Half Yearly,100,76.4
21352,890,88,Social Studies,Annual Exam,100,70.5
21353,890,89,Telugu,Unit Test 1,25,18.6
21354,890,89,Telugu,Unit Test 2,25,19.3
21355,890,89,Telugu,Half Yearly,100,76.4
21356,890,89,Telugu,Annual Exam,100,77.8
21357,890,90,Computer Science,Unit Test 1,25,17.4
21358,890,90,Computer Science,Unit Test 2,25,19.7
21359,890,90,Computer Science,Half Yearly,100,85.4
21360,890,90,Computer Science,Annual Exam,100,73.5
21361,891,85,Mathematics,Unit Test 1,25,25.0
21362,891,85,Mathematics,Unit Test 2,25,23.5
21363,891,85,Mathematics,Half Yearly,100,83.9
21364,891,85,Mathematics,Annual Exam,100,96.8
21365,891,86,Science,Unit Test 1,25,16.9
21366,891,86,Science,Unit Test 2,25,17.6
21367,891,86,Science,Half Yearly,100,75.9
21368,891,86,Science,Annual Exam,100,81.1
21369,891,87,English,Unit Test 1,25,23.9
21370,891,87,English,Unit Test 2,25,21.2
21371,891,87,English,Half Yearly,100,93.7
21372,891,87,English,Annual Exam,100,92.0
21373,891,88,Social Studies,Unit Test 1,25,23.5
21374,891,88,Social Studies,Unit Test 2,25,24.1
21375,891,88,Social Studies,Half Yearly,100,100.0
21376,891,88,Social Studies,Annual Exam,100,100.0
21377,891,89,Telugu,Unit Test 1,25,25.0
21378,891,89,Telugu,Unit Test 2,25,23.1
21379,891,89,Telugu,Half Yearly,100,96.7
21380,891,89,Telugu,Annual Exam,100,87.1
21381,891,90,Computer Science,Unit Test 1,25,23.8
21382,891,90,Computer Science,Unit Test 2,25,23.0
21383,891,90,Computer Science,Half Yearly,100,78.4
21384,891,90,Computer Science,Annual Exam,100,78.8
21385,892,85,Mathematics,Unit Test 1,25,8.0
21386,892,85,Mathematics,Unit Test 2,25,8.3
21387,892,85,Mathematics,Half Yearly,100,32.8
21388,892,85,Mathematics,Annual Exam,100,31.6
21389,892,86,Science,Unit Test 1,25,6.1
21390,892,86,Science,Unit Test 2,25,7.7
21391,892,86,Science,Half Yearly,100,15.0
21392,892,86,Science,Annual Exam,100,26.8
21393,892,87,English,Unit Test 1,25,9.6
21394,892,87,English,Unit Test 2,25,9.6
21395,892,87,English,Half Yearly,100,39.3
21396,892,87,English,Annual Exam,100,22.7
21397,892,88,Social Studies,Unit Test 1,25,3.8
21398,892,88,Social Studies,Unit Test 2,25,7.4
21399,892,88,Social Studies,Half Yearly,100,15.0
21400,892,88,Social Studies,Annual Exam,100,20.1
21401,892,89,Telugu,Unit Test 1,25,8.8
21402,892,89,Telugu,Unit Test 2,25,7.8
21403,892,89,Telugu,Half Yearly,100,21.6
21404,892,89,Telugu,Annual Exam,100,19.8
21405,892,90,Computer Science,Unit Test 1,25,14.5
21406,892,90,Computer Science,Unit Test 2,25,12.1
21407,892,90,Computer Science,Half Yearly,100,36.7
21408,892,90,Computer Science,Annual Exam,100,40.1
21409,893,85,Mathematics,Unit Test 1,25,24.0
21410,893,85,Mathematics,Unit Test 2,25,23.4
21411,893,85,Mathematics,Half Yearly,100,93.4
21412,893,85,Mathematics,Annual Exam,100,92.6
21413,893,86,Science,Unit Test 1,25,24.8
21414,893,86,Science,Unit Test 2,25,21.4
21415,893,86,Science,Half Yearly,100,100.0
21416,893,86,Science,Annual Exam,100,85.6
21417,893,87,English,Unit Test 1,25,25.0
21418,893,87,English,Unit Test 2,25,25.0
21419,893,87,English,Half Yearly,100,88.7
21420,893,87,English,Annual Exam,100,100.0
21421,893,88,Social Studies,Unit Test 1,25,25.0
21422,893,88,Social Studies,Unit Test 2,25,24.7
21423,893,88,Social Studies,Half Yearly,100,100.0
21424,893,88,Social Studies,Annual Exam,100,100.0
21425,893,89,Telugu,Unit Test 1,25,22.3
21426,893,89,Telugu,Unit Test 2,25,25.0
21427,893,89,Telugu,Half Yearly,100,100.0
21428,893,89,Telugu,Annual Exam,100,100.0
21429,893,90,Computer Science,Unit Test 1,25,25.0
21430,893,90,Computer Science,Unit Test 2,25,23.6
21431,893,90,Computer Science,Half Yearly,100,100.0
21432,893,90,Computer Science,Annual Exam,100,94.7
21433,894,85,Mathematics,Unit Test 1,25,17.4
21434,894,85,Mathematics,Unit Test 2,25,15.2
21435,894,85,Mathematics,Half Yearly,100,37.2
21436,894,85,Mathematics,Annual Exam,100,55.6
21437,894,86,Science,Unit Test 1,25,13.9
21438,894,86,Science,Unit Test 2,25,10.5
21439,894,86,Science,Half Yearly,100,54.4
21440,894,86,Science,Annual Exam,100,49.4
21441,894,87,English,Unit Test 1,25,9.7
21442,894,87,English,Unit Test 2,25,12.6
21443,894,87,English,Half Yearly,100,46.8
21444,894,87,English,Annual Exam,100,54.5
21445,894,88,Social Studies,Unit Test 1,25,10.5
21446,894,88,Social Studies,Unit Test 2,25,15.2
21447,894,88,Social Studies,Half Yearly,100,44.5
21448,894,88,Social Studies,Annual Exam,100,49.0
21449,894,89,Telugu,Unit Test 1,25,10.2
21450,894,89,Telugu,Unit Test 2,25,12.3
21451,894,89,Telugu,Half Yearly,100,50.9
21452,894,89,Telugu,Annual Exam,100,38.8
21453,894,90,Computer Science,Unit Test 1,25,11.8
21454,894,90,Computer Science,Unit Test 2,25,17.4
21455,894,90,Computer Science,Half Yearly,100,51.4
21456,894,90,Computer Science,Annual Exam,100,55.8
21457,895,85,Mathematics,Unit Test 1,25,23.0
21458,895,85,Mathematics,Unit Test 2,25,20.3
21459,895,85,Mathematics,Half Yearly,100,81.9
21460,895,85,Mathematics,Annual Exam,100,72.9
21461,895,86,Science,Unit Test 1,25,23.7
21462,895,86,Science,Unit Test 2,25,21.8
21463,895,86,Science,Half Yearly,100,86.9
21464,895,86,Science,Annual Exam,100,83.3
21465,895,87,English,Unit Test 1,25,17.1
21466,895,87,English,Unit Test 2,25,18.5
21467,895,87,English,Half Yearly,100,74.4
21468,895,87,English,Annual Exam,100,83.0
21469,895,88,Social Studies,Unit Test 1,25,18.6
21470,895,88,Social Studies,Unit Test 2,25,22.1
21471,895,88,Social Studies,Half Yearly,100,75.9
21472,895,88,Social Studies,Annual Exam,100,66.3
21473,895,89,Telugu,Unit Test 1,25,21.5
21474,895,89,Telugu,Unit Test 2,25,20.7
21475,895,89,Telugu,Half Yearly,100,83.5
21476,895,89,Telugu,Annual Exam,100,72.2
21477,895,90,Computer Science,Unit Test 1,25,18.8
21478,895,90,Computer Science,Unit Test 2,25,19.1
21479,895,90,Computer Science,Half Yearly,100,83.9
21480,895,90,Computer Science,Annual Exam,100,81.3
21481,896,85,Mathematics,Unit Test 1,25,17.8
21482,896,85,Mathematics,Unit Test 2,25,19.9
21483,896,85,Mathematics,Half Yearly,100,81.2
21484,896,85,Mathematics,Annual Exam,100,72.1
21485,896,86,Science,Unit Test 1,25,22.5
21486,896,86,Science,Unit Test 2,25,17.9
21487,896,86,Science,Half Yearly,100,80.1
21488,896,86,Science,Annual Exam,100,77.6
21489,896,87,English,Unit Test 1,25,14.9
21490,896,87,English,Unit Test 2,25,15.6
21491,896,87,English,Half Yearly,100,72.9
21492,896,87,English,Annual Exam,100,69.0
21493,896,88,Social Studies,Unit Test 1,25,19.6
21494,896,88,Social Studies,Unit Test 2,25,22.4
21495,896,88,Social Studies,Half Yearly,100,64.6
21496,896,88,Social Studies,Annual Exam,100,85.1
21497,896,89,Telugu,Unit Test 1,25,17.7
21498,896,89,Telugu,Unit Test 2,25,22.5
21499,896,89,Telugu,Half Yearly,100,61.8
21500,896,89,Telugu,Annual Exam,100,81.6
21501,896,90,Computer Science,Unit Test 1,25,21.9
21502,896,90,Computer Science,Unit Test 2,25,20.6
21503,896,90,Computer Science,Half Yearly,100,76.6
21504,896,90,Computer Science,Annual Exam,100,93.7
21505,897,85,Mathematics,Unit Test 1,25,18.2
21506,897,85,Mathematics,Unit Test 2,25,18.3
21507,897,85,Mathematics,Half Yearly,100,58.1
21508,897,85,Mathematics,Annual Exam,100,82.3
21509,897,86,Science,Unit Test 1,25,21.6
21510,897,86,Science,Unit Test 2,25,21.9
21511,897,86,Science,Half Yearly,100,62.9
21512,897,86,Science,Annual Exam,100,81.6
21513,897,87,English,Unit Test 1,25,20.0
21514,897,87,English,Unit Test 2,25,21.8
21515,897,87,English,Half Yearly,100,76.2
21516,897,87,English,Annual Exam,100,69.6
21517,897,88,Social Studies,Unit Test 1,25,17.1
21518,897,88,Social Studies,Unit Test 2,25,19.3
21519,897,88,Social Studies,Half Yearly,100,74.9
21520,897,88,Social Studies,Annual Exam,100,68.2
21521,897,89,Telugu,Unit Test 1,25,17.9
21522,897,89,Telugu,Unit Test 2,25,19.6
21523,897,89,Telugu,Half Yearly,100,80.6
21524,897,89,Telugu,Annual Exam,100,89.8
21525,897,90,Computer Science,Unit Test 1,25,12.8
21526,897,90,Computer Science,Unit Test 2,25,14.5
21527,897,90,Computer Science,Half Yearly,100,65.7
21528,897,90,Computer Science,Annual Exam,100,75.5
21529,898,85,Mathematics,Unit Test 1,25,10.7
21530,898,85,Mathematics,Unit Test 2,25,12.1
21531,898,85,Mathematics,Half Yearly,100,32.1
21532,898,85,Mathematics,Annual Exam,100,48.9
21533,898,86,Science,Unit Test 1,25,15.8
21534,898,86,Science,Unit Test 2,25,8.0
21535,898,86,Science,Half Yearly,100,36.7
21536,898,86,Science,Annual Exam,100,40.8
21537,898,87,English,Unit Test 1,25,13.6
21538,898,87,English,Unit Test 2,25,13.4
21539,898,87,English,Half Yearly,100,70.2
21540,898,87,English,Annual Exam,100,55.9
21541,898,88,Social Studies,Unit Test 1,25,12.5
21542,898,88,Social Studies,Unit Test 2,25,11.0
21543,898,88,Social Studies,Half Yearly,100,48.7
21544,898,88,Social Studies,Annual Exam,100,32.0
21545,898,89,Telugu,Unit Test 1,25,12.2
21546,898,89,Telugu,Unit Test 2,25,8.8
21547,898,89,Telugu,Half Yearly,100,52.0
21548,898,89,Telugu,Annual Exam,100,47.1
21549,898,90,Computer Science,Unit Test 1,25,7.6
21550,898,90,Computer Science,Unit Test 2,25,13.4
21551,898,90,Computer Science,Half Yearly,100,31.7
21552,898,90,Computer Science,Annual Exam,100,37.6
21553,899,85,Mathematics,Unit Test 1,25,14.3
21554,899,85,Mathematics,Unit Test 2,25,17.0
21555,899,85,Mathematics,Half Yearly,100,55.5
21556,899,85,Mathematics,Annual Exam,100,47.0
21557,899,86,Science,Unit Test 1,25,14.6
21558,899,86,Science,Unit Test 2,25,16.1
21559,899,86,Science,Half Yearly,100,59.0
21560,899,86,Science,Annual Exam,100,62.1
21561,899,87,English,Unit Test 1,25,16.5
21562,899,87,English,Unit Test 2,25,17.4
21563,899,87,English,Half Yearly,100,49.4
21564,899,87,English,Annual Exam,100,59.6
21565,899,88,Social Studies,Unit Test 1,25,18.0
21566,899,88,Social Studies,Unit Test 2,25,18.5
21567,899,88,Social Studies,Half Yearly,100,70.7
21568,899,88,Social Studies,Annual Exam,100,86.7
21569,899,89,Telugu,Unit Test 1,25,16.0
21570,899,89,Telugu,Unit Test 2,25,16.1
21571,899,89,Telugu,Half Yearly,100,41.2
21572,899,89,Telugu,Annual Exam,100,61.6
21573,899,90,Computer Science,Unit Test 1,25,15.6
21574,899,90,Computer Science,Unit Test 2,25,15.3
21575,899,90,Computer Science,Half Yearly,100,56.0
21576,899,90,Computer Science,Annual Exam,100,73.7
21577,900,85,Mathematics,Unit Test 1,25,18.7
21578,900,85,Mathematics,Unit Test 2,25,16.9
21579,900,85,Mathematics,Half Yearly,100,71.6
21580,900,85,Mathematics,Annual Exam,100,72.2
21581,900,86,Science,Unit Test 1,25,19.6
21582,900,86,Science,Unit Test 2,25,19.1
21583,900,86,Science,Half Yearly,100,74.9
21584,900,86,Science,Annual Exam,100,77.4
21585,900,87,English,Unit Test 1,25,21.2
21586,900,87,English,Unit Test 2,25,16.0
21587,900,87,English,Half Yearly,100,69.2
21588,900,87,English,Annual Exam,100,75.9
21589,900,88,Social Studies,Unit Test 1,25,19.3
21590,900,88,Social Studies,Unit Test 2,25,22.0
21591,900,88,Social Studies,Half Yearly,100,77.0
21592,900,88,Social Studies,Annual Exam,100,96.3
21593,900,89,Telugu,Unit Test 1,25,16.4
21594,900,89,Telugu,Unit Test 2,25,16.5
21595,900,89,Telugu,Half Yearly,100,76.8
21596,900,89,Telugu,Annual Exam,100,67.6
21597,900,90,Computer Science,Unit Test 1,25,21.1
21598,900,90,Computer Science,Unit Test 2,25,20.7
21599,900,90,Computer Science,Half Yearly,100,82.3
21600,900,90,Computer Science,Annual Exam,100,68.8
